店名,地址,電話,網站,評分,評分數量,營業時間,寄宿可能性,城市,區域
富予生命-全台最完善的寵物生命禮儀服務｜寵物火化｜寵物禮儀｜動物火化｜寵物過世｜毛寶貝火化,403台灣台中市西區忠義街5號,080 909 8591,https://www.520fuyu.com.tw/,5,669,星期一: 08:30 – 00:00 | 星期二: 08:30 – 00:00 | 星期三: 08:30 – 00:00 | 星期四: 08:30 – 00:00 | 星期五: 08:30 – 00:00 | 星期六: 08:30 – 00:00 | 星期日: 08:30 – 00:00,5,台中市,中區
翡翠森林寵物生命禮儀 台中門市,406台灣台中市北屯區建和路二段296號,04 2436 5298,https://feerie-tc.com.tw/,4.8,220,星期一: 24 小時營業 | 星期二: 24 小時營業 | 星期三: 24 小時營業 | 星期四: 24 小時營業 | 星期五: 24 小時營業 | 星期六: 24 小時營業 | 星期日: 24 小時營業,5,台中市,中區
毛孩寶貝安樂園,404台灣台中市北區梅川西路三段33號,0905 136 035,http://petpark.tw/,4.9,64,星期一: 24 小時營業 | 星期二: 24 小時營業 | 星期三: 24 小時營業 | 星期四: 24 小時營業 | 星期五: 24 小時營業 | 星期六: 24 小時營業 | 星期日: 24 小時營業,5,台中市,中區
緣滿星球寵物禮儀 - 台中辦公處 寵物火化 晉塔 花樹葬 禮儀精品,404台灣台中市北區進化北路238號10樓之三,0970 509 672,,,,星期一: 24 小時營業 | 星期二: 24 小時營業 | 星期三: 24 小時營業 | 星期四: 24 小時營業 | 星期五: 24 小時營業 | 星期六: 24 小時營業 | 星期日: 24 小時營業,5,台中市,中區
寶樂園寵物生命紀念園區 || 寵物火化 ||寵物殯葬||寵物禮儀|| 寵物過世|| 寵物生命紀念|| 寵物骨灰紀念 ||,423台灣台中市東勢區勢林街,0911 200 891,http://www.baoparadise423.com/,5,319,星期一: 24 小時營業 | 星期二: 24 小時營業 | 星期三: 24 小時營業 | 星期四: 24 小時營業 | 星期五: 24 小時營業 | 星期六: 24 小時營業 | 星期日: 24 小時營業,5,台中市,中區
台富動物服務中心 寵物火化寵物禮儀（ 可預約來電）,413台灣台中市霧峰區復興路二段9號,0932 632 198,https://www.動物處理.tw/index.html,4.9,46,,5,台中市,中區
台富寵物禮儀,40864台灣台中市南屯區大墩六街317號,04 2211 9779,http://www.動物處理.tw/,4.8,37,星期一: 09:00 – 00:00 | 星期二: 09:00 – 00:00 | 星期三: 09:00 – 00:00 | 星期四: 09:00 – 00:00 | 星期五: 09:00 – 00:00 | 星期六: 09:00 – 00:00 | 星期日: 09:00 – 00:00,5,台中市,中區
富予生命寵物禮儀 大里門市,412台灣台中市大里區國光路二段775號,,https://520fuyu.com.tw/,5,21,星期一: 08:30 – 00:00 | 星期二: 08:30 – 00:00 | 星期三: 08:30 – 00:00 | 星期四: 08:30 – 00:00 | 星期五: 08:30 – 00:00 | 星期六: 08:30 – 00:00 | 星期日: 08:30 – 00:00,5,台中市,中區
寵心相伴 寵物生命禮儀｜寵物殯葬｜寵物過世｜寵物盆葬｜寵物骨灰罐｜寵物火化｜骨灰紀念品,406台灣台中市北屯區瀋陽路一段82-5號,04 3603 4321,https://www.powmory.com.tw/,5,17,星期一: 24 小時營業 | 星期二: 24 小時營業 | 星期三: 24 小時營業 | 星期四: 24 小時營業 | 星期五: 24 小時營業 | 星期六: 24 小時營業 | 星期日: 24 小時營業,5,台中市,中區
萌寵全方位-寵物生命禮儀,235台灣新北市中和區民享街30巷8弄3號,0963 795 848,https://kawaiimmd.com/,5,2,星期一: 24 小時營業 | 星期二: 24 小時營業 | 星期三: 24 小時營業 | 星期四: 24 小時營業 | 星期五: 24 小時營業 | 星期六: 24 小時營業 | 星期日: 24 小時營業,5,台中市,中區
桃園寵物火化安樂中心,330台灣桃園市桃園區莒光街68號,0972 869 001,https://lin.ee/F66VcOY,5,203,星期一: 24 小時營業 | 星期二: 24 小時營業 | 星期三: 24 小時營業 | 星期四: 24 小時營業 | 星期五: 24 小時營業 | 星期六: 24 小時營業 | 星期日: 24 小時營業,5,台中市,中區
寵返星球生命禮儀｜寵物火化｜專業禮儀團隊,220台灣新北市板橋區大觀路二段27巷12號2樓,02 7746 7949,https://maotravel.tw/,5,11,星期一: 24 小時營業 | 星期二: 24 小時營業 | 星期三: 24 小時營業 | 星期四: 24 小時營業 | 星期五: 24 小時營業 | 星期六: 24 小時營業 | 星期日: 24 小時營業,5,台中市,中區
幸福美地 全台唯一合法寵物生命禮儀 桃園寵物火化及殯葬推薦 ２４小時桃園免費接送 合法永久塔位,327台灣桃園市新屋區濱海路永興段719號,03 275 0099,https://www.hh2020pet.com/,5,1179,星期一: 24 小時營業 | 星期二: 24 小時營業 | 星期三: 24 小時營業 | 星期四: 24 小時營業 | 星期五: 24 小時營業 | 星期六: 24 小時營業 | 星期日: 24 小時營業,5,台中市,中區
友森之年寵物禮儀,404台灣台中市北區青島路一段26巷6號,0911 902 959,,5,1,,5,台中市,中區
幸福天使-桃園寵物生命禮儀 桃園寵物火化 桃園寵物接體服務 桃園寵物禮儀服務,320台灣桃園市中壢區啟文路一段65號,03 426 2708,https://www.angelpetmemorial.com/,5,166,星期一: 24 小時營業 | 星期二: 24 小時營業 | 星期三: 24 小時營業 | 星期四: 24 小時營業 | 星期五: 24 小時營業 | 星期六: 24 小時營業 | 星期日: 24 小時營業,5,台中市,中區
愛萌寵X幸福美地(桃園門巿) 全台唯一合法寵物生命禮儀 桃園寵物火化及殯葬推薦 ２４小時桃園接送 合法永久塔位,330台灣桃園市桃園區民富十一街3號1樓,03 260 5158,https://lin.ee/ZP8vz8V,5,666,星期一: 24 小時營業 | 星期二: 24 小時營業 | 星期三: 24 小時營業 | 星期四: 24 小時營業 | 星期五: 24 小時營業 | 星期六: 24 小時營業 | 星期日: 24 小時營業,5,台中市,中區
寵兒安樂園,41149台灣台中市太平區太堤東路17號,04 2271 2425,http://www.beloved-land.com/,4.5,204,星期一: 08:00 – 22:00 | 星期二: 08:00 – 22:00 | 星期三: 08:00 – 22:00 | 星期四: 08:00 – 22:00 | 星期五: 08:00 – 22:00 | 星期六: 08:00 – 22:00 | 星期日: 08:00 – 22:00,4,台中市,中區
華梵禮儀有限公司,404台灣台中市北區學士路257號9樓,080 080 0818,http://www.wf119.com.tw/,4.9,496,星期一: 24 小時營業 | 星期二: 24 小時營業 | 星期三: 24 小時營業 | 星期四: 24 小時營業 | 星期五: 24 小時營業 | 星期六: 24 小時營業 | 星期日: 24 小時營業,4,台中市,中區
雅境 生命禮儀公司,404台灣台中市北區五順街35號,04 2233 2926,http://www.yajing-life.com/,4.7,45,星期一: 24 小時營業 | 星期二: 24 小時營業 | 星期三: 24 小時營業 | 星期四: 24 小時營業 | 星期五: 24 小時營業 | 星期六: 24 小時營業 | 星期日: 24 小時營業,4,台中市,中區
長弘生命禮儀,411台灣台中市太平区旱溪东路一段542號542巷7號,0923 688 841,,5,6,星期一: 24 小時營業 | 星期二: 24 小時營業 | 星期三: 24 小時營業 | 星期四: 24 小時營業 | 星期五: 24 小時營業 | 星期六: 24 小時營業 | 星期日: 24 小時營業,4,台中市,中區
臺中禮儀公司,404台灣台中市北區崇德路一段80巷15號,04 2233 2858,http://www.tcfs.com.tw/,4.9,16,星期一: 24 小時營業 | 星期二: 24 小時營業 | 星期三: 24 小時營業 | 星期四: 24 小時營業 | 星期五: 24 小時營業 | 星期六: 24 小時營業 | 星期日: 24 小時營業,4,台中市,中區
生命禮儀火化場,40764台灣台中市西屯區福順路1177號,04 2359 2992,,3,2,星期一: 24 小時營業 | 星期二: 24 小時營業 | 星期三: 24 小時營業 | 星期四: 24 小時營業 | 星期五: 24 小時營業 | 星期六: 24 小時營業 | 星期日: 24 小時營業,4,台中市,中區
羽辰生命禮儀,242台灣新北市新莊區新樹路629之12號6樓,0909 193 490,https://www.facebook.com/%E7%BE%BD%E8%BE%B0%E7%94%9F%E5%91%BD%E7%A6%AE%E5%84%80-102345058686426/,5,134,星期一: 24 小時營業 | 星期二: 24 小時營業 | 星期三: 24 小時營業 | 星期四: 24 小時營業 | 星期五: 24 小時營業 | 星期六: 24 小時營業 | 星期日: 24 小時營業,4,台中市,中區
京宸人本有限公司－台中 禮儀推薦｜葬儀社｜生命禮儀公司｜殯儀館｜中部 禮儀公司｜禮儀諮詢 推薦京宸人本有限公司,401台灣台中市東區振興路365號1樓,080 077 7239,,,,星期一: 24 小時營業 | 星期二: 24 小時營業 | 星期三: 24 小時營業 | 星期四: 24 小時營業 | 星期五: 24 小時營業 | 星期六: 24 小時營業 | 星期日: 24 小時營業,4,台中市,中區
寵物永愛園,404台灣台中市北區太原南一街10號,0955 833 690,http://www.petforeverlove.com/,4.9,116,星期一: 24 小時營業 | 星期二: 24 小時營業 | 星期三: 24 小時營業 | 星期四: 24 小時營業 | 星期五: 24 小時營業 | 星期六: 24 小時營業 | 星期日: 24 小時營業,3,台中市,中區
尊寵寵物生命莊園,510台灣彰化縣員林市山腳路一段坡姜巷268號,04 839 0511,http://www.rp33.com.tw/,4.8,521,星期一: 24 小時營業 | 星期二: 24 小時營業 | 星期三: 24 小時營業 | 星期四: 24 小時營業 | 星期五: 24 小時營業 | 星期六: 24 小時營業 | 星期日: 24 小時營業,3,台中市,中區
深耕寵物森林園區,"No. 5號, 山田路26巷, 太平區台中市台灣 41150",04 2275 9189,http://www.sgforest.com.tw/,4.8,151,星期一: 08:00 – 17:00 | 星期二: 08:00 – 17:00 | 星期三: 08:00 – 17:00 | 星期四: 08:00 – 17:00 | 星期五: 08:00 – 17:00 | 星期六: 08:00 – 17:00 | 星期日: 08:00 – 17:00,2,台中市,中區
銘洋寵物生命,429台灣台中市神岡區和睦路一段930巷40號,0975 783 890,https://rink.cc/oip82,4.6,57,星期一: 09:30 – 21:30 | 星期二: 09:30 – 21:30 | 星期三: 09:30 – 21:30 | 星期四: 09:30 – 21:30 | 星期五: 09:30 – 21:30 | 星期六: 09:30 – 21:30 | 星期日: 09:30 – 21:30,2,台中市,中區
大甲大安區 星佑寵物天使園區 衛星站 | 免費接體 | 寵物火化,437台灣台中市大甲區大智街,0919 025 475,https://www.douvis.com.tw/,5,44,星期一: 06:00 – 23:00 | 星期二: 06:00 – 23:00 | 星期三: 06:00 – 23:00 | 星期四: 06:00 – 23:00 | 星期五: 06:00 – 23:00 | 星期六: 06:00 – 23:00 | 星期日: 06:00 – 23:00,2,台中市,中區
苗栗區 星佑寵物天使園區 衛星站 | 免費接體 | 寵物火化,356台灣苗栗縣後龍鎮中華路,0919 025 475,https://www.douvis.com.tw/,5,44,星期一: 06:00 – 23:00 | 星期二: 06:00 – 23:00 | 星期三: 06:00 – 23:00 | 星期四: 06:00 – 23:00 | 星期五: 06:00 – 23:00 | 星期六: 06:00 – 23:00 | 星期日: 06:00 – 23:00,2,台中市,中區
臺中市寵物植存紀念園區,429台灣台中市神岡區神清路336之21號,04 2558 8024,https://www.animal.taichung.gov.tw/1533596/post,5,3,,2,台中市,中區
康慈寵物樂園,432台灣台中市大肚區萬興路130號,0919 651 049,https://www.google.com/url?sa=t&source=web&rct=j&opi=89978449&url=https://m.facebook.com/kantzuparadise/&ved=2ahUKEwjjnd71l4-IAxUcja8BHTs5AbQQFnoECCsQAQ&usg=AOvVaw2naBH-xWAuSCi56WX1byYw,5,1,星期一: 08:30 – 17:00 | 星期二: 08:30 – 17:00 | 星期三: 08:30 – 17:00 | 星期四: 08:30 – 17:00 | 星期五: 08:30 – 17:00 | 星期六: 08:30 – 17:00 | 星期日: 08:30 – 17:00,2,台中市,中區
彼岸森林 (寵物紀念園區),408台灣台中市南屯區大墩六街197號,,,5,1,,2,台中市,中區
DOG FACE寵物肖像工作室,400台灣台中市中區三民路二段46號6F-1,,https://www.dogface.com.tw/,3.3,18,星期一: 休息 | 星期二: 10:00 – 18:00 | 星期三: 10:00 – 18:00 | 星期四: 10:00 – 18:00 | 星期五: 10:00 – 18:00 | 星期六: 10:00 – 18:00 | 星期日: 10:00 – 18:00,2,台中市,中區
竹北湖口區 星佑寵物天使園區 衛星站 | 免費接體 | 寵物火化,303台灣新竹縣湖口鄉中華路,0919 025 475,https://www.douvis.com.tw/,5,54,星期一: 06:00 – 23:00 | 星期二: 06:00 – 23:00 | 星期三: 06:00 – 23:00 | 星期四: 06:00 – 23:00 | 星期五: 06:00 – 23:00 | 星期六: 06:00 – 23:00 | 星期日: 06:00 – 23:00,2,台中市,中區
犬藝匠-寵物美容沙龍,402台灣台中市南區五權南路548號,04 2260 8363,https://www.facebook.com/%E7%8A%AC%E8%97%9D%E5%8C%A0-Pet-Grooming-Salon-335416497388300,5,41,星期一: 10:00 – 19:00 | 星期二: 10:00 – 19:00 | 星期三: 休息 | 星期四: 10:00 – 19:00 | 星期五: 10:00 – 19:00 | 星期六: 10:00 – 19:00 | 星期日: 10:00 – 19:00,2,台中市,中區
汝果寵物生命會館,112台灣台北市北投區立德路121巷15-1號2樓,02 2895 1334,https://www.ifspirit.com/,4.9,99,星期一: 08:00 – 22:00 | 星期二: 08:00 – 22:00 | 星期三: 08:00 – 22:00 | 星期四: 08:00 – 22:00 | 星期五: 08:00 – 22:00 | 星期六: 08:00 – 22:00 | 星期日: 08:00 – 22:00,2,台中市,中區
尊寵寵物台中門市,407台灣台中市西屯區市政北二路238號,0916 905 588,https://www.rp33.com.tw/,,,,2,台中市,中區
富予生命-彰化門市 全台最完善的寵物生命禮儀服務｜寵物火化｜寵物禮儀｜動物火化｜寵物過世｜毛寶貝火化,500台灣彰化縣彰化市彰水路31-7號,080 909 8591,https://520fuyu.com.tw/,5,112,星期一: 08:30 – 00:00 | 星期二: 08:30 – 00:00 | 星期三: 08:30 – 00:00 | 星期四: 08:30 – 00:00 | 星期五: 08:30 – 00:00 | 星期六: 08:30 – 00:00 | 星期日: 08:30 – 00:00,5,台中市,中區
中一禮儀有限公司,412台灣台中市大里區文心南路1275號,04 2406 2074,,5,3,星期一: 24 小時營業 | 星期二: 24 小時營業 | 星期三: 24 小時營業 | 星期四: 24 小時營業 | 星期五: 24 小時營業 | 星期六: 24 小時營業 | 星期日: 24 小時營業,4,台中市,中區
沁誠生命禮儀事業有限公司,238019台灣新北市樹林區太元街83號,0931 039 419,https://chincheng9.webnode.tw/,5,17,星期一: 24 小時營業 | 星期二: 24 小時營業 | 星期三: 24 小時營業 | 星期四: 24 小時營業 | 星期五: 24 小時營業 | 星期六: 24 小時營業 | 星期日: 24 小時營業,4,台中市,中區
念念寵物天使園區,366台灣苗栗縣銅鑼鄉55-1號,0975 768 337,http://www.npetlife.com/,5,139,星期一: 24 小時營業 | 星期二: 24 小時營業 | 星期三: 24 小時營業 | 星期四: 24 小時營業 | 星期五: 24 小時營業 | 星期六: 24 小時營業 | 星期日: 24 小時營業,3,台中市,中區
台中市寵物商業同業公會,412台灣台中市大里區環中東路六段128號,0936 885 499,https://www.facebook.com/tcpet/?ref=bookmarks,5,983,星期一: 09:00 – 17:00 | 星期二: 09:00 – 17:00 | 星期三: 09:00 – 17:00 | 星期四: 09:00 – 17:00 | 星期五: 09:00 – 17:00 | 星期六: 休息 | 星期日: 休息,2,台中市,中區
愛的寵物天堂,300台灣新竹市香山區五福路二段1450號,03 529 7230,https://www.love-pet.com.tw/,4.4,423,星期一: 24 小時營業 | 星期二: 24 小時營業 | 星期三: 24 小時營業 | 星期四: 24 小時營業 | 星期五: 24 小時營業 | 星期六: 24 小時營業 | 星期日: 24 小時營業,3,台中市,中區
新竹市區 星佑寵物天使園區 衛星站 | 免費接體 | 寵物火化,300台灣新竹市東區金山街,0900 136 888,https://www.douvis.com.tw/,5,107,星期一: 06:00 – 23:00 | 星期二: 06:00 – 23:00 | 星期三: 06:00 – 23:00 | 星期四: 06:00 – 23:00 | 星期五: 06:00 – 23:00 | 星期六: 06:00 – 23:00 | 星期日: 06:00 – 23:00,2,台中市,中區
享家寵物到府善終,100台灣台北市中正區牯嶺街15-1號,0905 060 603,https://www.homewardpet.com.tw/,5,105,星期一: 24 小時營業 | 星期二: 24 小時營業 | 星期三: 24 小時營業 | 星期四: 24 小時營業 | 星期五: 24 小時營業 | 星期六: 24 小時營業 | 星期日: 24 小時營業,3,台中市,中區
毛孩鮮食館,408台灣台中市南屯區大墩六街380號,04 2382 1317,https://www.facebook.com/dogfood2014,5,1185,星期一: 休息 | 星期二: 休息 | 星期三: 11:00 – 20:00 | 星期四: 11:00 – 20:00 | 星期五: 11:00 – 20:00 | 星期六: 11:00 – 20:00 | 星期日: 11:00 – 20:00,2,台中市,中區
毛孩澡樂趣｜FunnyShower｜寵物自助洗｜,407台灣台中市西屯區美滿東ㄧ巷15號,04 2315 9115,https://www.facebook.com/funnyshower2019,4.9,96,星期一: 休息 | 星期二: 休息 | 星期三: 13:00 – 21:00 | 星期四: 13:00 – 21:00 | 星期五: 13:00 – 21:00 | 星期六: 11:00 – 21:00 | 星期日: 11:00 – 21:00,2,台中市,中區
Kodomou毛孩選物所 寵物選品,403台灣台中市西區大隆路7號,0916 502 790,https://www.instagram.com/kodomou_select/,4.9,88,星期一: 15:00 – 21:00 | 星期二: 休息 | 星期三: 15:00 – 21:00 | 星期四: 休息 | 星期五: 15:00 – 21:00 | 星期六: 14:00 – 20:00 | 星期日: 14:00 – 20:00,2,台中市,中區
尊毛屋寵物美容行旅,404台灣台中市北區益華街138號,0958 939 136,https://www.facebook.com/zmw138,4.9,230,星期一: 10:00 – 20:00 | 星期二: 10:00 – 20:00 | 星期三: 10:00 – 20:00 | 星期四: 10:00 – 20:00 | 星期五: 10:00 – 20:00 | 星期六: 10:00 – 20:00 | 星期日: 10:00 – 20:00,2,台中市,中區
毛孩森林-台中寵物美容 台中寵物住宿 台中貓美容 西屯寵物美容 西屯寵物住宿 西屯貓美容 西屯洗狗,407台灣台中市西屯區上石路65號,04 2452 0629,https://www.instagram.com/pet_forest619/,4.7,23,星期一: 10:00 – 20:00 | 星期二: 休息 | 星期三: 10:00 – 20:00 | 星期四: 10:00 – 20:00 | 星期五: 10:00 – 20:00 | 星期六: 10:00 – 20:00 | 星期日: 10:00 – 20:00,2,台中市,中區
樂曖貓狗生活館-寵物住宿推薦(台中南區)寄宿旅館 優質平價寵物美容 寵物貓狗安親 寵物SPA 貓咪造型美容洗澡,402007台灣台中市南區忠孝路3號,04 2285 8106,,4.8,225,星期一: 11:00 – 20:00 | 星期二: 休息 | 星期三: 11:00 – 20:00 | 星期四: 11:00 – 20:00 | 星期五: 11:00 – 20:00 | 星期六: 11:00 – 20:00 | 星期日: 11:00 – 20:00,2,台中市,中區
毛孩澡樂趣--興大店｜FunnyShower｜附設寵物自助洗｜寵物鮮食零食蛋糕專賣,402台灣台中市南區愛國街9號,04 2223 6363,https://www.facebook.com/funnyshower9/,4.9,117,,2,台中市,中區
恩德生命禮儀社｜免費協助弱勢善終｜殯葬事宜規劃｜大度山塔位經銷｜蘭花-羅馬柱｜藝品紙紮｜,500台灣彰化縣彰化市中山路三段64號,0988 398 733,http://www.ende-etiquette.com/,5,22,星期一: 24 小時營業 | 星期二: 24 小時營業 | 星期三: 24 小時營業 | 星期四: 24 小時營業 | 星期五: 24 小時營業 | 星期六: 24 小時營業 | 星期日: 24 小時營業,4,台中市,中區
宏願禮儀公司（台中殯儀館）,404台灣台中市北區金龍街68號,0953 717 272,http://www.hongyuan-service.com/,5,67,星期一: 24 小時營業 | 星期二: 24 小時營業 | 星期三: 24 小時營業 | 星期四: 24 小時營業 | 星期五: 24 小時營業 | 星期六: 24 小時營業 | 星期日: 24 小時營業,4,台中市,中區
緣滿星球寵物禮儀 - 彰化辦公處 寵物火化 塔位 花樹葬 禮儀週邊精品,500台灣彰化縣彰化市陽明街51號之4,0970 509 672,https://www.meow672.com/,,,星期一: 24 小時營業 | 星期二: 24 小時營業 | 星期三: 24 小時營業 | 星期四: 24 小時營業 | 星期五: 24 小時營業 | 星期六: 24 小時營業 | 星期日: 24 小時營業,5,台中市,東區
晴禾寵物火化禮儀｜新竹寵物天堂・安樂諮詢,302台灣新竹縣竹北市中正東路522號,03 552 0330,https://lin.ee/IaogbOF,5,556,星期一: 24 小時營業 | 星期二: 24 小時營業 | 星期三: 24 小時營業 | 星期四: 24 小時營業 | 星期五: 24 小時營業 | 星期六: 24 小時營業 | 星期日: 24 小時營業,5,台中市,東區
祥辰生命禮儀,236台灣新北市土城區學成路22巷1弄1號2樓,0918 600 032,https://www.shaingchen1314.com/,5,232,星期一: 24 小時營業 | 星期二: 24 小時營業 | 星期三: 24 小時營業 | 星期四: 24 小時營業 | 星期五: 24 小時營業 | 星期六: 24 小時營業 | 星期日: 24 小時營業,4,台中市,東區
天成生命禮儀-台北桃園新竹葬儀社 禮儀公司推薦,330台灣桃園市桃園區大有路932號,080 009 5995,https://rink.cc/ry8an,5,224,星期一: 24 小時營業 | 星期二: 24 小時營業 | 星期三: 24 小時營業 | 星期四: 24 小時營業 | 星期五: 24 小時營業 | 星期六: 24 小時營業 | 星期日: 24 小時營業,4,台中市,東區
彩虹天堂寵物園區,500台灣彰化縣彰化市彰南路二段348巷220-49號,0955 833 690,http://www.petforeverlove.com/,4.8,74,,2,台中市,東區
羽森林動物醫院/特殊寵物醫院/預約制,401台灣台中市東區旱溪西路一段552號,04 2213 2373,https://featherforest.wordpress.com/,4.7,510,"星期一: 09:00 – 12:00, 15:00 – 20:00 | 星期二: 09:00 – 12:00, 15:00 – 20:00 | 星期三: 09:00 – 12:00, 15:00 – 20:00 | 星期四: 休息 | 星期五: 09:00 – 12:00, 15:00 – 20:00 | 星期六: 09:00 – 12:00, 15:00 – 20:00 | 星期日: 09:00 – 12:00, 15:00 – 20:00",2,台中市,東區
貓妮一犬寵物會館,401台灣台中市東區東光園路2號,0958 625 526,https://www.facebook.com/maoniyiquan2019/,4.7,42,星期一: 09:00 – 18:00 | 星期二: 09:00 – 18:00 | 星期三: 休息 | 星期四: 09:00 – 18:00 | 星期五: 09:00 – 18:00 | 星期六: 10:00 – 19:00 | 星期日: 休息,2,台中市,東區
佑佺禮儀公司,330台灣桃園市桃園區至善街217號,080 058 0900,https://line.me/ti/p/dI4Qo6PBX8,5,132,星期一: 24 小時營業 | 星期二: 24 小時營業 | 星期三: 24 小時營業 | 星期四: 24 小時營業 | 星期五: 24 小時營業 | 星期六: 24 小時營業 | 星期日: 24 小時營業,4,台中市,東區
汪大爺寵物美容館（安親住宿）,401台灣台中市東區大振街30號,04 2280 0933,https://www.facebook.com/hanawacat/,4.9,29,星期一: 09:00 – 18:00 | 星期二: 09:00 – 18:00 | 星期三: 09:00 – 18:00 | 星期四: 09:00 – 18:00 | 星期五: 09:00 – 18:00 | 星期六: 09:00 – 18:00 | 星期日: 09:00 – 18:00,2,台中市,東區
楊子佛教禮儀公司-中區服務處 | 台中市禮儀評鑑優等 | 佛光山獻供 | 法鼓山植存、樹葬,403025台灣台中市西區五權西六街22號,080 036 5108,https://www.leniency.com.tw/,5,767,星期一: 24 小時營業 | 星期二: 24 小時營業 | 星期三: 24 小時營業 | 星期四: 24 小時營業 | 星期五: 24 小時營業 | 星期六: 24 小時營業 | 星期日: 24 小時營業,4,台中市,南區
恩德生命禮儀社｜免費協助弱勢善終｜殯葬事宜規劃｜大度山塔位經銷｜蘭花-羅馬柱｜藝品紙紮｜,402台灣台中市南區建國北路一段110號,0988 398 733,http://www.ende-etiquette.com/,5,1,星期一: 24 小時營業 | 星期二: 24 小時營業 | 星期三: 24 小時營業 | 星期四: 24 小時營業 | 星期五: 24 小時營業 | 星期六: 24 小時營業 | 星期日: 24 小時營業,4,台中市,南區
寵愛新貴寵物生活館,40242台灣台中市南区大慶街二段6之16巷78號,04 2265 3537,https://www.facebook.com/profile.php?id=100063817213392&paipv=0&eav=AfYeyqeFX5graiDUY-q0aB7q1YlHotZVSjs_x9Ruifpt5zxUiayjB2Hp5iAv4W16g5g&_rdr,4.5,113,星期一: 08:30 – 19:00 | 星期二: 08:30 – 19:00 | 星期三: 08:30 – 19:00 | 星期四: 08:30 – 19:00 | 星期五: 08:30 – 19:00 | 星期六: 10:00 – 20:00 | 星期日: 10:00 – 20:00,2,台中市,南區
尼昂貓專科醫院,402台灣台中市南區復興路二段133號,04 2260 1470,http://www.nyan.com.tw/,4.6,488,"星期一: 09:30 – 12:30, 16:00 – 19:00 | 星期二: 16:00 – 19:00 | 星期三: 09:30 – 12:30 | 星期四: 休息 | 星期五: 09:30 – 12:30, 16:00 – 19:00 | 星期六: 09:30 – 12:30 | 星期日: 09:30 – 12:30",2,台中市,南區
台中貓花園,402台灣台中市南區美村路二段172號,04 2265 3722,,4.4,92,星期一: 10:00 – 20:00 | 星期二: 休息 | 星期三: 10:00 – 20:00 | 星期四: 10:00 – 20:00 | 星期五: 10:00 – 20:00 | 星期六: 10:00 – 20:00 | 星期日: 10:00 – 20:00,2,台中市,南區
魚中魚貓狗水族大賣場-文心店,40862台灣台中市南屯區文心路一段372號,04 2329 2999,https://www.facebook.com/pm.shop01/,4.1,5476,星期一: 24 小時營業 | 星期二: 24 小時營業 | 星期三: 24 小時營業 | 星期四: 24 小時營業 | 星期五: 24 小時營業 | 星期六: 24 小時營業 | 星期日: 24 小時營業,3,台中市,南區
樂沐寵物美容館,402台灣台中市南區工學路6-2號,0908 798 677,,4.9,41,星期一: 10:00 – 18:00 | 星期二: 休息 | 星期三: 10:00 – 18:00 | 星期四: 10:00 – 18:00 | 星期五: 10:00 – 18:00 | 星期六: 10:00 – 18:00 | 星期日: 10:00 – 18:00,2,台中市,南區
汪毛寵物工作室,408台灣台中市南屯區大墩七街103號,0958 384 384,,5,49,星期一: 10:00 – 19:00 | 星期二: 10:00 – 19:00 | 星期三: 休息 | 星期四: 10:00 – 19:00 | 星期五: 10:00 – 19:00 | 星期六: 10:00 – 19:00 | 星期日: 10:00 – 19:00,2,台中市,南區
毛手毛腳-毛孩專門店-南屯門市,408台灣台中市南屯區文心南路22號,02 2608 3748,https://www.furkidshop.com.tw/,4.5,27,星期一: 休息 | 星期二: 12:00 – 21:00 | 星期三: 12:00 – 21:00 | 星期四: 12:00 – 21:00 | 星期五: 12:00 – 21:00 | 星期六: 12:00 – 21:00 | 星期日: 休息,2,台中市,南區
汪喵森活 寵物用品｜貓｜狗｜蝦皮口碑賣家｜預約自取,40241台灣台中市南區復興路三段388號,,https://linktr.ee/woofmeowdaily?fbclid=PAZXh0bgNhZW0CMTEAAaa5r9PgVjY8ch7RiDAo5iW0PhAD7QB1j-5BrahhwcKjTbD-SNbb8-jN4hM_aem_Ab0Umq7Fxk-DLLDZ-qJYhdm0FJgNBgvYQnTg2PtqNvmLjiJYB9xYoZbOTIPl-e77hb_vZcj5_rQHhYSdCK30wXb4,4.3,11,星期一: 10:00 – 18:00 | 星期二: 10:00 – 18:00 | 星期三: 10:00 – 18:00 | 星期四: 10:00 – 18:00 | 星期五: 10:00 – 18:00 | 星期六: 休息 | 星期日: 休息,2,台中市,南區
毛貓寵動物醫院,408台灣台中市南屯區文心路一段372號,04 2328 6789,https://www.facebook.com/%E6%AF%9B%E8%B2%93%E5%AF%B5%E5%8B%95%E7%89%A9%E9%86%AB%E9%99%A2-107560148240468,4.8,118,星期一: 09:00 – 21:00 | 星期二: 09:00 – 21:00 | 星期三: 09:00 – 21:00 | 星期四: 09:00 – 21:00 | 星期五: 09:00 – 21:00 | 星期六: 09:00 – 21:00 | 星期日: 09:00 – 21:00,2,台中市,南區
迷妳寵物.I love mini dog,408台灣台中市南屯區大業路595號,04 2471 4483,https://m.facebook.com/austen555555/?locale2=zh_TW,4.3,24,星期一: 11:00 – 19:00 | 星期二: 11:00 – 19:00 | 星期三: 11:00 – 19:00 | 星期四: 11:00 – 19:00 | 星期五: 11:00 – 19:00 | 星期六: 11:00 – 19:00 | 星期日: 休息,2,台中市,南區
大敦寵物醫院,40354台灣台中市西區精誠一街2號,04 2320 0208,https://www.dvm.com.tw/,4.7,397,"星期一: 09:30 – 12:00, 14:30 – 17:00, 18:30 – 21:00 | 星期二: 09:30 – 12:00, 14:30 – 17:00, 18:30 – 21:00 | 星期三: 09:30 – 12:00, 14:30 – 17:00, 18:30 – 21:00 | 星期四: 09:30 – 12:00, 18:30 – 21:00 | 星期五: 09:30 – 12:00, 14:30 – 17:00, 18:30 – 21:00 | 星期六: 09:30 – 12:00, 14:30 – 17:00, 18:30 – 21:00 | 星期日: 09:30 – 12:00, 14:30 – 17:00, 18:30 – 21:00",2,台中市,西區
侏儸紀野生動物專科醫院 //預約制//外科/內科/中醫/針灸/影像學/斷層掃描//兔子/鼠類/天竺鼠/龍貓/水豚/狐獴/貂/刺蝟/蜜袋鼯/爬蟲/鳥類,403台灣台中市西區英才路625號,04 2375 7808,https://www.jurassiceah.tw/,4.1,1134,"星期一: 10:00 – 13:00, 14:30 – 20:30 | 星期二: 10:00 – 13:00, 14:30 – 20:30 | 星期三: 10:00 – 13:00, 14:30 – 20:30 | 星期四: 10:00 – 13:00, 14:30 – 20:30 | 星期五: 10:00 – 13:00, 14:30 – 20:30 | 星期六: 10:00 – 13:00, 14:30 – 20:30 | 星期日: 10:00 – 13:00, 14:30 – 20:30",2,台中市,西區
豆芽動物醫院(犬貓心臟科│牙科│腫瘤科│中獸醫│針灸│心臟腹腔超音波│進階軟組織外科),403台灣台中市西區向上路一段94號,04 2301 2308,https://www.doya-ah.com/,5,46,"星期一: 09:30 – 12:30, 13:30 – 17:00, 18:00 – 21:30 | 星期二: 09:30 – 12:30, 13:30 – 17:00, 18:00 – 21:30 | 星期三: 09:30 – 12:30, 13:30 – 17:00, 18:00 – 21:30 | 星期四: 休息 | 星期五: 09:30 – 12:30, 13:30 – 17:00, 18:00 – 21:30 | 星期六: 09:30 – 12:30, 13:30 – 17:00, 18:00 – 21:30 | 星期日: 09:30 – 12:30, 13:30 – 17:00, 18:00 – 21:30",2,台中市,西區
翡翠森林寵物墓園,540台灣南投縣南投市WJ5W+4M,080 052 0820,https://www.feerie-tc.com.tw/,4.9,48,星期一: 09:30 – 17:00 | 星期二: 09:30 – 17:00 | 星期三: 09:30 – 17:00 | 星期四: 09:30 – 17:00 | 星期五: 09:30 – 17:00 | 星期六: 09:30 – 17:00 | 星期日: 09:30 – 17:00,2,台中市,西區
貓與好人 體重熊,403台灣台中市西區美村路一段117巷2號,0975 765 913,https://www.cmg.com.tw/,4.9,247,星期一: 09:00 – 16:30 | 星期二: 09:00 – 16:30 | 星期三: 09:00 – 16:30 | 星期四: 09:00 – 16:30 | 星期五: 09:00 – 16:30 | 星期六: 09:00 – 16:30 | 星期日: 休息,2,台中市,西區
詠憶寵物安樂園,357台灣苗栗縣通霄鎮平安里102-58號,03 775 5858,https://www.yyph99.url.tw/index.html,4.8,70,星期一: 09:00 – 22:00 | 星期二: 09:00 – 22:00 | 星期三: 09:00 – 22:00 | 星期四: 09:00 – 22:00 | 星期五: 09:00 – 22:00 | 星期六: 09:00 – 22:00 | 星期日: 09:00 – 21:30,5,台中市,西區
美樂地寵物沙龍（歐藤寵物沙龍）,403台灣台中市西區模範街35-2號,04 2326 2320,,4.4,44,星期一: 10:00 – 19:30 | 星期二: 10:00 – 19:30 | 星期三: 休息 | 星期四: 10:00 – 19:30 | 星期五: 10:00 – 19:30 | 星期六: 10:00 – 19:30 | 星期日: 10:00 – 19:30,2,台中市,西區
樂旺寵物美學（全預約制）,407台灣台中市西屯區大弘六街2號,0911 251 598,https://instagram.com/lawanpetgrooming?igshid=OGQ5ZDc2ODk2ZA==,4.9,29,星期一: 10:00 – 19:00 | 星期二: 10:00 – 19:00 | 星期三: 休息 | 星期四: 休息 | 星期五: 10:00 – 19:00 | 星期六: 10:00 – 19:00 | 星期日: 10:00 – 19:00,2,台中市,西區
汪喵歡樂營台中館|附停車場|台中貓舍|合法貓舍|專業培育貓舍,407台灣台中市西屯區長安路二段62-5號,0977 012 521,https://www.facebook.com/cwangmiao/,4.9,671,星期一: 14:00 – 00:00 | 星期二: 14:00 – 00:00 | 星期三: 14:00 – 00:00 | 星期四: 14:00 – 00:00 | 星期五: 14:00 – 00:00 | 星期六: 14:00 – 00:00 | 星期日: 14:00 – 00:00,2,台中市,西區
貝爾動物醫院 (全預約制) - 台中西屯區動物醫療服務 推薦寵物醫院 寵物專業診所 犬貓心臟疾病 外科手術 骨科矯正手術 內科疾病 中獸醫針灸復健 皮膚科 牙科 神經外科 前十字韌帶 椎間盤突出 影像診斷電腦斷層掃描,407台灣台中市西屯區四川路118號,04 2311 2020,http://www.bearvet.com/,4.6,331,星期一: 09:30 – 20:30 | 星期二: 09:30 – 20:30 | 星期三: 09:30 – 20:30 | 星期四: 09:30 – 20:30 | 星期五: 09:30 – 20:30 | 星期六: 09:30 – 20:30 | 星期日: 09:30 – 20:30,2,台中市,西區
透視動物醫院(預約制!)/貓狗眼科/特寵眼科/白內障手術/青光眼手術/角膜手術/其他眼科手術,403台灣台中市西區向上南路一段237號,04 2472 0316,http://prosightvetcenter.com.tw/,4.9,147,"星期一: 休息 | 星期二: 09:30 – 12:30, 13:30 – 17:30, 18:30 – 21:30 | 星期三: 09:30 – 12:30, 13:30 – 17:30, 18:30 – 21:30 | 星期四: 09:30 – 12:30, 13:30 – 17:30, 18:30 – 21:30 | 星期五: 09:30 – 12:30, 13:30 – 17:30, 18:30 – 21:30 | 星期六: 09:30 – 12:30, 13:30 – 17:30 | 星期日: 09:30 – 12:30, 13:30 – 17:30",2,台中市,西區
大明生命禮儀有限公司,404台灣台中市北區五順街7號,04 2231 6955,https://www.daminglife.com.tw/,5,145,星期一: 24 小時營業 | 星期二: 24 小時營業 | 星期三: 24 小時營業 | 星期四: 24 小時營業 | 星期五: 24 小時營業 | 星期六: 24 小時營業 | 星期日: 24 小時營業,4,台中市,北區
藏蘊生命禮儀會所 台中生命追思會所租賃，大坪數飯店式管理、紙紮與奠儀回禮、生命禮儀用品,404台灣台中市北區五順街22號,0911 219 959,https://www.treasury.com.tw/,5,11,星期一: 07:00 – 19:00 | 星期二: 07:00 – 19:00 | 星期三: 07:00 – 19:00 | 星期四: 07:00 – 19:00 | 星期五: 07:00 – 19:00 | 星期六: 07:00 – 19:00 | 星期日: 07:00 – 19:00,4,台中市,北區
妙主人寵物生活館,404台灣台中市北區三民路三段103號,04 2221 8969,https://www.facebook.com/Petservice885/?ref=bookmarks,4.8,196,星期一: 12:00 – 22:00 | 星期二: 12:00 – 22:00 | 星期三: 12:00 – 22:00 | 星期四: 12:00 – 22:00 | 星期五: 12:00 – 22:00 | 星期六: 12:00 – 22:00 | 星期日: 12:00 – 22:00,2,台中市,北區
地圖貓攝影,404台灣台中市北區梅豐街74號,0921 383 521,,5,45,,2,台中市,北區
永生樹寵物美園,235台灣新北市中和區景新街302號,0981 069 060,https://forevertree.cc/,5,2,,2,台中市,北區
旭采動物醫院-動物心臟科|動物眼科|動物牙科|鼠兔看診|寵物健檢|獸醫推薦|動物內外科|台中北區動物醫院,404台灣台中市北區漢口路四段297號,04 2237 0128,https://www.facebook.com/sunshine.ah.tw/,5,52,"星期一: 休息 | 星期二: 09:00 – 12:00, 13:00 – 18:00, 19:00 – 21:00 | 星期三: 09:00 – 12:00, 13:00 – 18:00 | 星期四: 09:00 – 12:00, 13:00 – 18:00 | 星期五: 09:00 – 12:00, 13:00 – 18:00 | 星期六: 09:00 – 12:00, 13:00 – 18:00, 19:00 – 21:00 | 星期日: 休息",2,台中市,北區
Unique dog 寵物服務,406台灣台中市北屯區青島路三段187-1號號 號,04 2236 9880,,4.6,57,星期一: 10:00 – 19:30 | 星期二: 10:00 – 19:30 | 星期三: 10:00 – 19:30 | 星期四: 10:00 – 19:30 | 星期五: 10:00 – 19:30 | 星期六: 10:00 – 18:00 | 星期日: 休息,2,台中市,北區
毛小孩寵物美容,404台灣台中市北區山西路二段106號,04 2291 0830,,4.8,187,星期一: 休息 | 星期二: 10:00 – 19:00 | 星期三: 10:00 – 19:00 | 星期四: 10:00 – 19:00 | 星期五: 10:00 – 17:30 | 星期六: 10:00 – 19:30 | 星期日: 10:00 – 19:30,2,台中市,北區
寵物保姆/Pet sitter,406台灣台中市北屯區柳陽西街,0985 589 929,https://www.instagram.com/pet_with_you?igsh=czhsdWhvOXBqYjU1&utm_source=qr,5,48,星期一: 07:30 – 20:30 | 星期二: 07:30 – 20:30 | 星期三: 07:30 – 20:30 | 星期四: 07:30 – 20:30 | 星期五: 07:30 – 20:30 | 星期六: 08:00 – 20:00 | 星期日: 08:00 – 20:00,2,台中市,北區
霏霏寵物度假會館,406台灣台中市北屯區和福路66號,0928 197 119,https://www.facebook.com/%E5%8F%B0%E4%B8%AD%E5%AF%B5%E7%89%A9%E4%BD%8F%E5%AE%BF%E4%B8%8D%E9%97%9C%E7%B1%A0%E9%9C%8F%E9%9C%8F%E5%AF%B5%E7%89%A9%E5%BA%A6%E5%81%87%E6%9C%83%E9%A4%A8%E5%AF%B5%E7%89%A9%E6%97%85%E9%A4%A8%E5%AF%B5%E7%89%A9%E5%AF%84%E5%AE%BF-109525553068484/,4.8,173,星期一: 10:00 – 20:00 | 星期二: 10:00 – 20:00 | 星期三: 10:00 – 20:00 | 星期四: 10:00 – 20:00 | 星期五: 10:00 – 20:00 | 星期六: 10:00 – 20:00 | 星期日: 10:00 – 20:00,2,台中市,北屯區
汪汪犬旅寵物美容/安親/住宿 預約 line ID:@cik3330f,406台灣台中市北屯區松竹路二段361號,0930 376 959,https://rink.cc/l74jq,4.8,139,星期一: 10:00 – 18:00 | 星期二: 10:00 – 18:00 | 星期三: 10:00 – 18:00 | 星期四: 10:00 – 18:00 | 星期五: 10:00 – 18:00 | 星期六: 10:00 – 18:00 | 星期日: 10:00 – 18:00,2,台中市,北屯區
旺達寵物生活館,406台灣台中市北屯區東山路二段141號,04 2239 1900,,4.9,10,星期一: 11:00 – 17:00 | 星期二: 11:00 – 17:00 | 星期三: 11:00 – 17:00 | 星期四: 11:00 – 17:00 | 星期五: 11:00 – 17:00 | 星期六: 11:00 – 17:00 | 星期日: 11:00 – 17:00,2,台中市,北屯區
汪喵の旅 寵物旅館,"No. 372號, 軍福十六路北屯區台中市台灣 406",04 2436 1984,https://m.facebook.com/WangMiaonoLuChongWuLuGuan/?ref=page_internal&mt_nav=0,4.8,191,星期一: 10:00 – 22:00 | 星期二: 10:00 – 22:00 | 星期三: 10:00 – 22:00 | 星期四: 10:00 – 22:00 | 星期五: 10:00 – 22:00 | 星期六: 10:00 – 22:00 | 星期日: 10:00 – 22:00,2,台中市,北屯區
咔嚓寵物攝影工作室 Cacha studio （預約制）,406台灣台中市北屯區崇德六路一段209號3 樓,,https://www.instagram.com/invites/contact/?i=q83hd2t9z0zx&utm_content=plc9yp3,5,1,,2,台中市,北屯區
木沐家動物醫院-台中北屯犬貓內外科|心臟超音波|心臟科|眼科|寵物醫療諮詢|動物健康檢查|安寧照護|獸醫/動物醫院推薦,406台灣台中市北屯區松竹路二段186號,04 2247 1233,https://www.facebook.com/profile.php?id=61557852485283&locale=zh_TW,4.9,186,"星期一: 09:30 – 12:00, 13:00 – 17:00, 18:00 – 21:00 | 星期二: 09:30 – 12:00, 13:00 – 17:00, 18:00 – 21:00 | 星期三: 09:30 – 12:00, 13:00 – 17:00, 18:00 – 21:00 | 星期四: 休息 | 星期五: 09:30 – 12:00, 13:00 – 17:00, 18:00 – 21:00 | 星期六: 09:30 – 12:00, 13:00 – 17:00, 18:00 – 21:00 | 星期日: 09:30 – 12:00, 13:00 – 17:00",2,台中市,北屯區
品家動物醫院｜台中北屯區動物醫院推薦 中獸醫 針灸 健檢 特寵科 預防針 家醫科 高壓氧 一般犬貓內外科 到府服務,406台灣台中市北屯區昌平路一段304號,04 2242 8686,https://lin.ee/W9f1Ptc,5,393,"星期一: 09:30 – 12:30, 14:30 – 21:30 | 星期二: 09:30 – 12:30, 14:30 – 21:30 | 星期三: 09:30 – 12:30, 14:30 – 21:30 | 星期四: 09:30 – 12:30, 14:30 – 21:30 | 星期五: 09:30 – 12:30, 14:30 – 21:30 | 星期六: 09:30 – 12:30, 14:30 – 21:30 | 星期日: 09:30 – 12:30, 14:30 – 21:30",2,台中市,北屯區
貓村 貓專科醫院,406台灣台中市北屯區山西路三段228號,04 3707 9575,https://www.facebook.com/CatVillage.Vet,4.9,464,星期一: 11:30 – 20:30 | 星期二: 11:30 – 20:30 | 星期三: 11:30 – 20:30 | 星期四: 11:30 – 20:30 | 星期五: 11:30 – 20:30 | 星期六: 11:30 – 20:30 | 星期日: 11:30 – 20:30,2,台中市,北屯區
沃可動物醫院-北屯狗貓健檢心臟科超音波|狗貓腫瘤科|狗膝蓋膝關節異位手術|貓狗牙科|狗貓跛腳骨折骨科推薦|寵物內視鏡微創結紮絕育|獸醫手術推薦|獸醫動物醫院推薦,406台灣台中市北屯區文心路四段776號,04 2236 8936,,4.6,334,"星期一: 10:30 – 12:30, 13:30 – 17:00, 18:00 – 21:00 | 星期二: 10:30 – 12:30, 13:30 – 17:00, 18:00 – 21:00 | 星期三: 10:30 – 12:30, 13:30 – 17:00, 18:00 – 21:00 | 星期四: 10:30 – 12:30, 13:30 – 17:00, 18:00 – 21:00 | 星期五: 10:30 – 12:30, 13:30 – 17:00, 18:00 – 21:00 | 星期六: 10:30 – 12:30, 13:30 – 17:00, 18:00 – 21:00 | 星期日: 10:30 – 12:30, 13:30 – 17:00, 18:00 – 21:00",2,台中市,北屯區
小丹尼寵物醫療中心,40667台灣台中市北屯區文心路四段217號1F,04 2295 5888,https://www.facebook.com/dannypmc2019,4.4,93,"星期一: 09:30 – 12:00, 14:30 – 17:00, 19:00 – 20:30 | 星期二: 09:30 – 12:00, 14:30 – 17:00, 19:00 – 20:30 | 星期三: 09:30 – 12:00, 14:30 – 17:00, 19:00 – 20:30 | 星期四: 09:30 – 12:00, 14:30 – 17:00, 19:00 – 20:30 | 星期五: 09:30 – 12:00, 14:30 – 17:00, 19:00 – 20:30 | 星期六: 休息 | 星期日: 休息",2,台中市,北屯區
有家貓園,406台灣台中市北屯區大連路一段21號,0928 901 500,https://m.facebook.com/pg/Godechia/posts/,4.7,18,星期一: 10:00 – 20:00 | 星期二: 10:00 – 20:00 | 星期三: 10:00 – 20:00 | 星期四: 10:00 – 20:00 | 星期五: 10:00 – 20:00 | 星期六: 10:00 – 20:00 | 星期日: 10:00 – 20:00,2,台中市,北屯區
安心貓狗特寵照護/到府保母/高齡犬貓照護/寵物旅館預約/陪同就醫/一對一服務加line諮詢,406台灣台中市北屯區松竹五路二段,,https://fluv.com/,5,16,星期一: 24 小時營業 | 星期二: 24 小時營業 | 星期三: 24 小時營業 | 星期四: 24 小時營業 | 星期五: 24 小時營業 | 星期六: 24 小時營業 | 星期日: 24 小時營業,3,台中市,北屯區
朵樂詩寵物美容沙龍,406台灣台中市北屯區景和街346號,04 2435 1289,http://www.aileshih.com/,4.8,29,星期一: 休息 | 星期二: 10:00 – 18:30 | 星期三: 休息 | 星期四: 10:00 – 18:30 | 星期五: 10:00 – 18:30 | 星期六: 10:00 – 18:30 | 星期日: 10:00 – 18:30,2,台中市,北屯區
毛毛屋寵物美容工坊,406台灣台中市北屯區大連路三段191號,04 2247 0002,,4.5,61,星期一: 10:30 – 20:00 | 星期二: 10:30 – 20:00 | 星期三: 休息 | 星期四: 10:30 – 20:00 | 星期五: 10:30 – 20:00 | 星期六: 10:30 – 20:00 | 星期日: 10:30 – 20:00,2,台中市,北屯區
夏洛克動物醫院（24小時急診 暨影像診斷中心） - 犬貓影像診斷科|骨科|眼科|皮膚科|犬貓心臟病|專門麻醉醫師-北屯寵物洗牙|動物醫院腫瘤科推薦|寵物白內障超音波乳化術|動物醫院麻醉科|寵物內視鏡|寵物眼科顯微手術中心|24小時動物醫院推薦,406台灣台中市北屯區后庄路599號,04 2426 1608,https://www.sherlockvetah.com.tw/,4.3,282,"星期一: 00:00 – 09:30, 10:00 – 12:30, 13:30 – 17:30, 18:00 – 00:00 | 星期二: 00:00 – 09:30, 10:00 – 12:30, 13:30 – 17:30, 18:00 – 00:00 | 星期三: 00:00 – 09:30, 10:00 – 12:30, 13:30 – 17:30, 18:00 – 00:00 | 星期四: 00:00 – 09:30, 10:00 – 12:30, 13:30 – 17:30, 18:00 – 00:00 | 星期五: 00:00 – 09:30, 10:00 – 12:30, 13:30 – 17:30, 18:00 – 00:00 | 星期六: 00:00 – 09:30, 10:00 – 12:30, 13:30 – 17:30, 18:00 – 00:00 | 星期日: 00:00 – 09:30, 10:00 – 12:30, 13:30 – 17:30, 18:00 – 00:00",2,台中市,北屯區
東森寵物 北屯后庄北店,406台灣台中市北屯區后庄北路11號,04 2426 7066,https://lin.ee/3x01Jhx,4.8,149,星期一: 10:00 – 22:00 | 星期二: 10:00 – 22:00 | 星期三: 10:00 – 22:00 | 星期四: 10:00 – 22:00 | 星期五: 10:00 – 22:00 | 星期六: 10:00 – 22:00 | 星期日: 10:00 – 22:00,2,台中市,北屯區
毛孩宇宙 寵物用品,406台灣台中市北屯區大連路二段2-2號1樓,,,5,57,,2,台中市,北屯區
樂寵寵物美容,406台灣台中市北屯區進化北路52號,04 2235 0275,https://www.facebook.com/happydogpetspa/,4.9,39,,2,台中市,北屯區
美美生命禮儀有限公司,40764台灣台中市西屯區東大路一段139號,04 2461 4541,http://www.0424614541.com.tw/,4.8,9,星期一: 24 小時營業 | 星期二: 24 小時營業 | 星期三: 24 小時營業 | 星期四: 24 小時營業 | 星期五: 24 小時營業 | 星期六: 24 小時營業 | 星期日: 24 小時營業,4,台中市,西屯區
日三空間(骨灰罐、骨灰罈、客製化水晶骨灰罐、寵物骨灰罐、100%防潮、價格透明),407台灣台中市西屯區市政北一路77號5號樓之1,04 2259 1595,https://crystaltrinity.com/,1,1,星期一: 08:30 – 17:30 | 星期二: 08:30 – 17:30 | 星期三: 08:30 – 17:30 | 星期四: 08:30 – 17:30 | 星期五: 08:30 – 17:30 | 星期六: 休息 | 星期日: 休息,2,台中市,西屯區
瑞瑞動物醫院《西屯區推薦動物醫院》東海/中科附近動物醫院｜兩棲爬蟲專科門診｜寵物洗牙｜寵物健檢｜寵物超音波,407003台灣台中市西屯區台灣大道四段828號,04 2463 0052,https://www.facebook.com/profile.php?id=61556756609668&locale=zh_TW,4.8,99,"星期一: 11:00 – 17:30, 18:30 – 22:00 | 星期二: 11:00 – 17:30, 18:30 – 22:00 | 星期三: 11:00 – 17:30, 18:30 – 22:00 | 星期四: 11:00 – 17:30, 18:30 – 22:00 | 星期五: 11:00 – 17:30, 18:30 – 22:00 | 星期六: 11:00 – 17:30, 18:30 – 22:00 | 星期日: 11:00 – 17:30, 18:30 – 22:00",2,台中市,西屯區
凝視犬貓專科醫院（全預約門診）,407台灣台中市西屯區東興路三段305號,04 2326 0250,https://gazevetcare.com.tw/,4.5,35,星期一: 09:00 – 17:00 | 星期二: 09:00 – 17:00 | 星期三: 09:00 – 12:00 | 星期四: 09:00 – 17:00 | 星期五: 09:00 – 17:00 | 星期六: 09:00 – 17:00 | 星期日: 09:00 – 17:00,2,台中市,西屯區
大原動物醫院(預約優先制)-南屯貓狗皮膚科|貓狗健康檢查|犬貓內科外科|犬貓預防針結紮|動物醫院高壓氧及四級雷射|動物醫院推薦評價,408台灣台中市南屯區黎明路二段165號,04 2389 1108,https://www.facebook.com/profile.php?id=100063995432443,4.9,119,"星期一: 10:00 – 12:00, 14:00 – 20:00 | 星期二: 10:00 – 12:00, 14:00 – 20:00 | 星期三: 10:00 – 12:00, 14:00 – 20:00 | 星期四: 10:00 – 12:00, 14:00 – 20:00 | 星期五: 10:00 – 12:00, 14:00 – 20:00 | 星期六: 10:00 – 12:00, 14:00 – 20:00 | 星期日: 休息",2,台中市,西屯區
上揚寵物精緻美容屋,407台灣台中市西屯區青海路一段10號,04 2314 3363,,4.8,126,星期一: 10:00 – 21:00 | 星期二: 10:00 – 21:00 | 星期三: 10:00 – 21:00 | 星期四: 10:00 – 21:00 | 星期五: 10:00 – 21:00 | 星期六: 10:00 – 21:00 | 星期日: 休息,2,台中市,西屯區
老地方寵物生活館 - 西屯旗艦店,407台灣台中市西屯區成都路319號,04 2295 6136,https://oldplacepet.shop2000.com.tw/,4.3,2076,星期一: 11:00 – 21:30 | 星期二: 11:00 – 21:30 | 星期三: 11:00 – 21:30 | 星期四: 11:00 – 21:30 | 星期五: 11:00 – 21:30 | 星期六: 11:00 – 21:30 | 星期日: 11:00 – 21:30,2,台中市,西屯區
福樂動物醫院 (寵物美容),407台灣台中市西屯區大隆路149號,04 2320 7030,,4.2,74,"星期一: 10:00 – 13:00, 14:30 – 21:30 | 星期二: 10:00 – 13:00, 14:30 – 21:30 | 星期三: 休息 | 星期四: 10:00 – 13:00, 14:30 – 21:30 | 星期五: 10:00 – 13:00, 14:30 – 21:30 | 星期六: 10:00 – 13:00, 14:30 – 18:30 | 星期日: 休息",2,台中市,西屯區
慈成寵物新天地,621台灣嘉義縣民雄鄉210號,05 220 6900,http://www.tsz-cheng.com.tw/,5,1032,星期一: 24 小時營業 | 星期二: 24 小時營業 | 星期三: 24 小時營業 | 星期四: 24 小時營業 | 星期五: 24 小時營業 | 星期六: 24 小時營業 | 星期日: 24 小時營業,3,台中市,西屯區
寵物天堂-寵物住宿,433台灣台中市沙鹿區中清路五段399號-2號,0903 317 207,,5,1,星期一: 24 小時營業 | 星期二: 24 小時營業 | 星期三: 24 小時營業 | 星期四: 24 小時營業 | 星期五: 24 小時營業 | 星期六: 24 小時營業 | 星期日: 24 小時營業,3,台中市,西屯區
天寵寵物生命關懷事業,500台灣彰化县彰化市平安街64巷72弄11號,0911 448 919,,5,7,星期一: 24 小時營業 | 星期二: 24 小時營業 | 星期三: 24 小時營業 | 星期四: 24 小時營業 | 星期五: 24 小時營業 | 星期六: 24 小時營業 | 星期日: 24 小時營業,3,台中市,西屯區
芯寶寵物樂園,308台灣新竹縣寶山鄉三峰路二段329巷56號,03 529 3399,https://www.sinbao.com.tw/,5,242,星期一: 09:00 – 23:30 | 星期二: 09:00 – 23:30 | 星期三: 09:00 – 23:30 | 星期四: 09:00 – 23:30 | 星期五: 09:00 – 23:30 | 星期六: 09:00 – 23:30 | 星期日: 09:00 – 23:30,2,台中市,西屯區
浪浪別哭(可攜帶狗狗),408台灣台中市南屯區干城街214巷1號,04 2254 7018,http://www.langlangdontcry.com.tw/,4.5,2678,星期一: 11:00 – 18:00 | 星期二: 11:00 – 18:00 | 星期三: 休息 | 星期四: 11:00 – 18:00 | 星期五: 11:00 – 18:00 | 星期六: 11:00 – 20:30 | 星期日: 11:00 – 20:30,2,台中市,西屯區
寵兔園【來店僅限已事前預約者／龍貓、兔子】,408台灣台中市南屯區黎明路二段21巷11號,0982 697 482,https://reurl.cc/lgYWk6,4.9,187,星期一: 09:30 – 19:00 | 星期二: 09:30 – 19:00 | 星期三: 09:30 – 19:00 | 星期四: 09:30 – 19:00 | 星期五: 09:30 – 19:00 | 星期六: 09:30 – 17:00 | 星期日: 09:30 – 19:00,2,台中市,西屯區
6隻貓,432台灣台中市大肚區沙田路一段100號,,,,,,2,台中市,西屯區
樂氧泡泡貓咪美容/上門貓咪美容服務/貓咪住宿(全預約制)/貓咪用品專賣/貓咪美容教學,407台灣台中市西屯區福科路370號,04 2461 0023,https://linktr.ee/oxygenbubble,4.9,179,星期一: 11:00 – 20:00 | 星期二: 11:00 – 20:00 | 星期三: 11:00 – 20:00 | 星期四: 11:00 – 20:00 | 星期五: 11:00 – 20:00 | 星期六: 11:00 – 20:00 | 星期日: 11:00 – 20:00,2,台中市,西屯區
喜樂狗日子 x KAYO 寵物美容/狗狗住宿安親,407台灣台中市西屯區安和路59之2號,04 2461 1742,,5,36,星期一: 10:00 – 20:00 | 星期二: 10:00 – 20:00 | 星期三: 10:00 – 20:00 | 星期四: 10:00 – 20:00 | 星期五: 10:00 – 20:00 | 星期六: 10:00 – 20:00 | 星期日: 10:00 – 20:00,2,台中市,西屯區
貝貝寵物大墩店,408台灣台中市南屯區大墩十一街283號,04 2320 0659,https://bebedog.com.tw/,5,332,星期一: 12:00 – 22:00 | 星期二: 12:00 – 22:00 | 星期三: 12:00 – 22:00 | 星期四: 12:00 – 22:00 | 星期五: 12:00 – 22:00 | 星期六: 12:00 – 22:00 | 星期日: 12:00 – 22:00,2,台中市,南屯區
傳騏動物醫院(滿三千可使用信用卡)|微創無痛手術中心|-南屯寵物醫院|台中獸醫推薦|寵物內分泌|動物微創手術|寵物內視鏡|動物醫院推薦,408台灣台中市南屯區永春東七路521號,04 2389 3177,https://www.legendpet.com.tw/,4.9,522,星期一: 10:00 – 21:00 | 星期二: 10:00 – 21:00 | 星期三: 10:00 – 21:00 | 星期四: 10:00 – 21:00 | 星期五: 10:00 – 21:00 | 星期六: 10:00 – 21:00 | 星期日: 10:00 – 21:00,2,台中市,南屯區
爪子村動物醫院-犬貓健檢及牙科專門醫院,408台灣台中市南屯區文心南路38號,04 2473 9317,https://rink.cc/u5j8j,4.9,275,星期一: 休息 | 星期二: 10:00 – 17:30 | 星期三: 10:00 – 20:30 | 星期四: 10:00 – 20:30 | 星期五: 10:00 – 20:30 | 星期六: 10:00 – 20:30 | 星期日: 10:00 – 17:30,2,台中市,南屯區
伴心特殊寵物專科醫院,408台灣台中市南屯區文心路一段430號,04 2323 1788,https://www.facebook.com/Ohana.vet.AH/?_rdr,4.8,85,"星期一: 10:00 – 12:30, 14:00 – 20:00 | 星期二: 10:00 – 12:30, 14:00 – 20:00 | 星期三: 10:00 – 12:30, 14:00 – 20:00 | 星期四: 14:00 – 20:00 | 星期五: 10:00 – 12:30, 14:00 – 20:00 | 星期六: 10:00 – 12:30, 14:00 – 20:00 | 星期日: 10:00 – 12:30, 14:00 – 20:00",2,台中市,南屯區
Miao Cat Hospital,408台灣台中市南屯區大墩十七街125號,04 2328 3681,http://www.miao.tw/,4.4,190,"星期一: 09:00 – 12:00, 13:00 – 18:00 | 星期二: 09:00 – 12:00, 13:00 – 18:00 | 星期三: 09:00 – 12:00, 13:00 – 18:00 | 星期四: 休息 | 星期五: 09:00 – 12:00, 13:00 – 18:00 | 星期六: 09:00 – 17:00 | 星期日: 休息",2,台中市,南屯區
健康動物醫院-台中南屯獸醫/犬貓醫院 洗牙/拔牙/心臟超音波/X光/健康檢查/腫瘤/導尿/結紮/皮膚病/預防針/疫苗 手術 專業價格費用推薦 PTT Dcard,408台灣台中市南屯區河南路四段222號,04 2255 0001,http://jiankangdongwuyiyuanguanwang.webnode.tw/,4.7,286,"星期一: 10:00 – 12:00, 13:30 – 20:00 | 星期二: 10:00 – 12:00, 13:30 – 20:00 | 星期三: 10:00 – 12:00, 13:30 – 20:00 | 星期四: 10:00 – 12:00, 13:30 – 20:00 | 星期五: 10:00 – 12:00, 13:30 – 20:00 | 星期六: 10:00 – 18:00 | 星期日: 10:00 – 16:00",2,台中市,南屯區
哈囉彼得動物醫院-牙科專科醫院｜狗貓植牙｜貓狗口炎治癒（預約制）,408台灣台中市南屯區東興路二段29號,04 2472 8828,https://www.hellopeter.org/,4.6,233,星期一: 10:00 – 20:00 | 星期二: 10:00 – 20:00 | 星期三: 10:00 – 20:00 | 星期四: 10:00 – 20:00 | 星期五: 10:00 – 20:00 | 星期六: 12:00 – 19:00 | 星期日: 休息,2,台中市,南屯區
有喵事貓專科動物醫院,408台灣台中市南屯區河南路四段510號,04 2382 0903,https://miaou.tw/?fbclid=IwY2xjawGO59dleHRuA2FlbQIxMQABHaLRPKEb2Xci266lzrKaStJfaxvQXhtSFoiWVvRA86OpcQKgFTB0jURDnQ_aem_eLppou1X_T3q-gexrOGpVg,5,120,"星期一: 09:30 – 11:30, 14:00 – 16:30, 18:00 – 20:30 | 星期二: 09:30 – 11:30, 14:00 – 16:30, 18:00 – 20:30 | 星期三: 09:30 – 11:30, 14:00 – 16:30 | 星期四: 09:30 – 11:30, 14:00 – 16:30, 18:00 – 20:30 | 星期五: 09:30 – 11:30, 14:00 – 16:30, 18:00 – 20:30 | 星期六: 09:30 – 11:30, 14:00 – 16:30, 18:00 – 20:30 | 星期日: 09:30 – 11:30, 14:00 – 16:30",2,台中市,南屯區
老地方寵物生活館 - 南屯店,408台灣台中市南屯區五權西路二段82號,04 2471 5683,https://oldplacepet.shop2000.com.tw/,4.5,1465,星期一: 11:00 – 22:00 | 星期二: 11:00 – 22:00 | 星期三: 11:00 – 22:00 | 星期四: 11:00 – 22:00 | 星期五: 11:00 – 22:00 | 星期六: 11:00 – 22:00 | 星期日: 11:00 – 22:00,2,台中市,南屯區
噯麗英短貓舍|台中貓舍,408台灣台中市南屯區大墩五街46號,0920 013 388,https://www.artist2017.com/,4.5,28,星期一: 14:00 – 21:30 | 星期二: 14:00 – 21:30 | 星期三: 14:00 – 21:30 | 星期四: 14:00 – 21:30 | 星期五: 14:00 – 21:30 | 星期六: 14:00 – 21:30 | 星期日: 14:00 – 21:30,2,台中市,南屯區
寵貓園貓咪用品專賣店,408台灣台中市南屯區文心路一段484號,04 2320 7663,http://www.favorcat.com.tw/,3.9,64,星期一: 11:30 – 21:00 | 星期二: 11:30 – 21:00 | 星期三: 11:30 – 21:00 | 星期四: 11:30 – 21:00 | 星期五: 11:30 – 21:00 | 星期六: 11:30 – 21:00 | 星期日: 11:30 – 21:00,2,台中市,南屯區
星佑寵物天使園區,352台灣苗栗縣三灣鄉5之7號,03 783 2888,https://www.douvis.com.tw/,5,739,星期一: 06:00 – 23:30 | 星期二: 06:00 – 23:30 | 星期三: 06:00 – 23:30 | 星期四: 06:00 – 23:30 | 星期五: 06:00 – 23:30 | 星期六: 06:00 – 23:30 | 星期日: 06:00 – 23:30,2,台中市,南屯區
愛樂寵物天地,408台灣台中市南屯區向心南路730號,04 2475 1087,,4.5,11,,2,台中市,南屯區
毛字號寵物工作室 全預約制,408台灣台中市南屯區文心南一路188巷11號,,https://www.instagram.com/themou_pet?igsh=N3I0cDAxNXp1N3Fl,5,27,星期一: 11:00 – 19:00 | 星期二: 10:00 – 19:00 | 星期三: 10:00 – 19:00 | 星期四: 休息 | 星期五: 10:00 – 19:00 | 星期六: 10:00 – 19:00 | 星期日: 10:00 – 19:00,2,台中市,南屯區
喵汪森林（嶺東店）,408台灣台中市南屯區五權西路三段1巷223-2號,04 2380 2786,http://www.petshop2022.com/,4.7,26,星期一: 09:00 – 18:00 | 星期二: 09:00 – 18:00 | 星期三: 09:00 – 18:00 | 星期四: 09:00 – 18:00 | 星期五: 09:00 – 18:00 | 星期六: 休息 | 星期日: 休息,2,台中市,南屯區
法拉FALA寵物美容精品店,408台灣台中市南屯區公益路二段535號,0958 465 345,https://www.facebook.com/fala2023,4.9,118,星期一: 11:00 – 20:00 | 星期二: 11:00 – 20:00 | 星期三: 11:00 – 20:00 | 星期四: 11:00 – 20:00 | 星期五: 11:00 – 20:00 | 星期六: 11:00 – 20:00 | 星期日: 11:00 – 20:00,2,台中市,南屯區
好狗命寵物幸福生活城 文心旗艦店,408台灣台中市南屯區文心路一段385號,04 2259 6659,http://www.facebook.com/gdl021,4.2,825,星期一: 10:30 – 21:30 | 星期二: 10:30 – 21:30 | 星期三: 10:30 – 21:30 | 星期四: 10:30 – 21:30 | 星期五: 10:30 – 21:30 | 星期六: 10:30 – 21:30 | 星期日: 10:30 – 21:30,2,台中市,南屯區
Love樂逗Dog寵物美容-貓狗SPA洗澡 剪毛造型 指甲修剪 專業人氣推薦 寵物接送 貓咪剪指甲 狗狗寄宿,411台灣台中市太平區大興路178號,0909 698 008,https://www.lovedogbeauty.com.tw/,5,61,星期一: 10:00 – 20:00 | 星期二: 10:00 – 20:00 | 星期三: 10:00 – 20:00 | 星期四: 10:00 – 20:00 | 星期五: 10:00 – 20:00 | 星期六: 10:00 – 20:00 | 星期日: 10:00 – 20:00,2,台中市,太平區
愛毛孩澡堂-預約制貓狗寵物美容,411台灣台中市太平区环太东路221-7號勤益大利,0905 910 959,https://lin.ee/XBJYpZB,5,39,星期一: 休息 | 星期二: 10:00 – 18:00 | 星期三: 10:00 – 18:00 | 星期四: 10:00 – 18:00 | 星期五: 10:00 – 18:00 | 星期六: 10:00 – 18:00 | 星期日: 休息,2,台中市,太平區
毛樂樂工作坊Long Love.pets-零食與鮮食,411台灣台中市太平區東平路378號,0909 860 808,https://www.instagram.com/longlove.pets/,5,1,,2,台中市,太平區
快樂時光寵物澡堂,411台灣台中市太平區育仁路66號,0916 004 439,https://www.facebook.com/profile.php?id=100088170992255,5,17,星期一: 10:00 – 18:00 | 星期二: 10:00 – 18:00 | 星期三: 10:00 – 18:00 | 星期四: 10:00 – 18:00 | 星期五: 10:00 – 18:00 | 星期六: 10:00 – 18:00 | 星期日: 休息,2,台中市,太平區
狗勾寵物造型,411台灣台中市太平區環中東路三段288號,0906 898 332,https://m.facebook.com/gougou.petgroom,5,35,星期一: 10:00 – 19:00 | 星期二: 休息 | 星期三: 休息 | 星期四: 10:00 – 19:00 | 星期五: 10:00 – 19:00 | 星期六: 10:00 – 19:00 | 星期日: 10:00 – 19:00,2,台中市,太平區
夏卡爾寵物美容,411台灣台中市太平區太平二十街21號,0902 380 258,,4.9,109,星期一: 09:00 – 19:00 | 星期二: 休息 | 星期三: 09:00 – 19:00 | 星期四: 09:00 – 19:00 | 星期五: 09:00 – 19:00 | 星期六: 09:00 – 19:00 | 星期日: 09:00 – 19:00,2,台中市,太平區
梅森動物醫院-大里動物腫瘤專科|寵物牙科|寵物外科|犬貓友善醫院|假日動物醫療|獸醫推薦,412台灣台中市大里區中興路一段316-3號,04 2496 5066,https://www.maisonah.com/,4.9,147,"星期一: 10:00 – 12:30, 13:30 – 17:30, 18:00 – 20:00 | 星期二: 10:00 – 12:30, 13:30 – 17:30, 18:00 – 20:00 | 星期三: 10:00 – 12:30, 13:30 – 17:30, 18:00 – 20:00 | 星期四: 10:00 – 12:30, 13:30 – 17:30, 18:00 – 20:00 | 星期五: 10:00 – 12:30, 13:30 – 17:30, 18:00 – 20:00 | 星期六: 10:00 – 12:30, 13:30 – 17:30, 18:00 – 20:00 | 星期日: 10:00 – 12:30, 13:30 – 17:00",2,台中市,大里區
目目動物醫院-台中狗貓眼科醫院/大里南區霧峰眼科動物醫院/白內障手術/青光眼手術/角膜手術/犬貓乾眼症/台中眼科動物醫院推薦/眼科手術推薦,412020台灣台中市大里區德芳路二段5號,04 2407 0003,https://www.facebook.com/profile.php?id=61569950746773,4.9,50,"星期一: 休息 | 星期二: 10:00 – 12:30, 14:00 – 20:00 | 星期三: 10:00 – 12:30, 14:00 – 20:00 | 星期四: 10:00 – 12:30, 14:00 – 20:00 | 星期五: 10:00 – 12:30, 14:00 – 20:00 | 星期六: 10:00 – 12:30, 14:00 – 20:00 | 星期日: 休息",2,台中市,大里區
霹靂神犬寵物沙龍坊,412台灣台中市大里區仁化里仁化路560號,04 2493 1129,,4.7,16,星期一: 10:00 – 19:00 | 星期二: 10:00 – 19:00 | 星期三: 10:00 – 19:00 | 星期四: 10:00 – 19:00 | 星期五: 10:00 – 19:00 | 星期六: 10:00 – 19:00 | 星期日: 休息,2,台中市,大里區
台中蹦蹦寵物∣BONEBONE(大里國光店),412台灣台中市大里區國光路二段322號,04 2482 2401,https://portaly.cc/bonebone,4.8,92,星期一: 11:30 – 21:30 | 星期二: 11:30 – 21:30 | 星期三: 11:30 – 21:30 | 星期四: 11:30 – 21:30 | 星期五: 11:30 – 21:30 | 星期六: 11:30 – 21:30 | 星期日: 11:30 – 21:30,2,台中市,大里區
莫名奇喵專業貓坊,412台灣台中市大里區健民路23號巷65號,0978 277 299,https://line.me/ti/p/tYzDg8DigF,5,271,星期一: 10:00 – 21:00 | 星期二: 10:00 – 21:00 | 星期三: 10:00 – 21:00 | 星期四: 10:00 – 21:00 | 星期五: 10:00 – 21:00 | 星期六: 10:00 – 21:00 | 星期日: 10:00 – 21:00,2,台中市,大里區
東森寵物 大里國光店,412台灣台中市大里區國光路二段441號,04 2407 9003,http://www.etipets.com/,4.7,258,星期一: 11:00 – 20:00 | 星期二: 11:00 – 20:00 | 星期三: 11:00 – 20:00 | 星期四: 11:00 – 20:00 | 星期五: 11:00 – 20:00 | 星期六: 11:00 – 20:00 | 星期日: 11:00 – 20:00,2,台中市,大里區
東森寵物 大里仁化店,412台灣台中市大里區仁化路585號,04 2496 6218,https://www.etipets.com/,4.7,196,星期一: 10:00 – 22:00 | 星期二: 10:00 – 22:00 | 星期三: 10:00 – 22:00 | 星期四: 10:00 – 22:00 | 星期五: 10:00 – 22:00 | 星期六: 10:00 – 22:00 | 星期日: 10:00 – 22:00,2,台中市,大里區
魚中魚貓狗水族大賣場-大里店,412台灣台中市大里區國光路二段505號,04 2407 3388,https://www.petsmall.com.tw/,4.1,2760,星期一: 10:00 – 22:00 | 星期二: 10:00 – 22:00 | 星期三: 10:00 – 22:00 | 星期四: 10:00 – 22:00 | 星期五: 10:00 – 22:00 | 星期六: 10:00 – 22:00 | 星期日: 10:00 – 22:00,2,台中市,大里區
嚕嚕毛寵物自助洗｜Lulumao pet wash shop,412台灣台中市大里區愛心一街20號,0912 636 816,,4.8,56,星期一: 24 小時營業 | 星期二: 24 小時營業 | 星期三: 24 小時營業 | 星期四: 24 小時營業 | 星期五: 24 小時營業 | 星期六: 24 小時營業 | 星期日: 24 小時營業,3,台中市,大里區
沐樂寵物澡堂mule pets spa（不定期休假）,412台灣台中市大里區永隆路63號,0926 512 400,https://lin.ee/7PWjUlu,5,102,星期一: 11:00 – 19:00 | 星期二: 11:00 – 19:00 | 星期三: 11:00 – 19:00 | 星期四: 11:00 – 19:00 | 星期五: 11:00 – 19:00 | 星期六: 11:00 – 19:00 | 星期日: 11:00 – 19:00,2,台中市,大里區
犬家寵物美容旅館 - (全預約制/請加LINE ID:@567xseum),412台灣台中市大里區西榮路260巷35號,,https://line.me/ti/p/~@567xseum,5,72,星期一: 休息 | 星期二: 10:00 – 19:00 | 星期三: 10:00 – 19:00 | 星期四: 10:00 – 19:00 | 星期五: 10:00 – 19:00 | 星期六: 10:00 – 19:00 | 星期日: 休息,2,台中市,大里區
寵物部落造型美容,412034台灣台中市大里區五福二街74號,0982 805 153,http://pili.app/fb/SPVzOfL1,5,21,星期一: 休息 | 星期二: 09:00 – 18:00 | 星期三: 09:00 – 18:00 | 星期四: 09:00 – 18:00 | 星期五: 09:00 – 18:00 | 星期六: 09:00 – 18:00 | 星期日: 休息,2,台中市,大里區
沛司寵物美容.安親.住宿.貓咪獨立美容,412台灣台中市大里區自立路67號,04 2275 2279,,4.8,197,星期一: 10:00 – 22:00 | 星期二: 休息 | 星期三: 休息 | 星期四: 10:00 – 22:00 | 星期五: 10:00 – 22:00 | 星期六: 10:00 – 22:00 | 星期日: 10:00 – 22:00,2,台中市,大里區
禮儀社,412台灣台中市大里區仁化路,04 2492 3838,,5,1,,4,台中市,大里區
福中禮儀有限公司,413台灣霧峰區霧峰區四德路388巷12號,04 2332 6448,,4.6,5,,4,台中市,霧峰區
貓奴狗僕,413台灣台中市霧峰區吉峰東路41-3號,04 2330 4074,https://catslave.istoshare.com/main/,4.8,203,星期一: 10:00 – 22:00 | 星期二: 10:00 – 22:00 | 星期三: 10:00 – 22:00 | 星期四: 10:00 – 22:00 | 星期五: 10:00 – 22:00 | 星期六: 10:00 – 22:00 | 星期日: 15:30 – 22:00,2,台中市,霧峰區
樂派寵物/貓狗飼料/用品,413台灣台中市霧峰區峰堤路703-1號,0986 868 757,,5,5,,2,台中市,霧峰區
拾柒皇家藍英短貓舍,413台灣台中市霧峰區樟公北巷17號,0982 227 496,https://www.royalblueshortcat.com/,4.8,23,星期一: 11:00 – 21:00 | 星期二: 11:00 – 21:00 | 星期三: 11:00 – 21:00 | 星期四: 11:00 – 21:00 | 星期五: 11:00 – 21:00 | 星期六: 11:00 – 21:00 | 星期日: 11:00 – 21:00,2,台中市,霧峰區
DOG貓寵物生活館(寵物美容、寵物住宿、寵物安親、寵物接送）,414台灣台中市烏日區新興路207號,0933 955 952,https://www.facebook.com/profile.php?id=100090462213600&mibextid=LQQJ4d,5,49,星期一: 09:00 – 18:00 | 星期二: 09:00 – 18:00 | 星期三: 09:00 – 18:00 | 星期四: 09:00 – 18:00 | 星期五: 09:00 – 18:00 | 星期六: 09:00 – 18:00 | 星期日: 09:00 – 18:00,2,台中市,烏日區
微曦動物醫院-烏日動物醫院|犬貓洗牙牙科|一般內外科|健康健檢|內視鏡微創手術|心臟腹腔超音波|X光|重症氧氣病房,414009台灣台中市烏日區建國路323號,04 2337 6200,https://www.wish-animal-hospital.com/,5,65,"星期一: 09:00 – 12:00, 15:00 – 18:00, 19:00 – 21:00 | 星期二: 09:00 – 12:00, 15:00 – 18:00, 19:00 – 21:00 | 星期三: 09:00 – 12:00, 15:00 – 18:00, 19:00 – 21:00 | 星期四: 休息 | 星期五: 09:00 – 12:00, 15:00 – 18:00, 19:00 – 21:00 | 星期六: 09:00 – 12:00, 15:00 – 18:00, 19:00 – 21:00 | 星期日: 09:00 – 12:00, 15:00 – 18:00, 19:00 – 21:00",2,台中市,烏日區
大樹寵物-愛買復興店,402021台灣台中市南區復興路一段359號2樓,04 2263 6665,https://www.greattreepets.com/,4.9,273,星期一: 11:00 – 21:00 | 星期二: 11:00 – 21:00 | 星期三: 11:00 – 21:00 | 星期四: 11:00 – 21:00 | 星期五: 11:00 – 21:00 | 星期六: 11:00 – 21:00 | 星期日: 11:00 – 21:00,2,台中市,烏日區
阿尼牧絲寵物旅館,414台灣台中市烏日區高鐵路一段12號,0921 016 857,https://www.facebook.com/profile.php?id=100087432038752&mibextid=LQQJ4d',5,9,星期一: 11:00 – 20:00 | 星期二: 11:00 – 20:00 | 星期三: 11:00 – 20:00 | 星期四: 休息 | 星期五: 11:00 – 20:00 | 星期六: 11:00 – 20:00 | 星期日: 11:00 – 20:00,2,台中市,烏日區
腳滑狐狸 寵物美容工作室,414台灣台中市烏日區民族街56號,0981 278 636,,5,21,星期一: 11:00 – 20:00 | 星期二: 11:00 – 20:00 | 星期三: 11:00 – 20:00 | 星期四: 11:00 – 20:00 | 星期五: 11:00 – 20:00 | 星期六: 11:00 – 20:00 | 星期日: 休息,2,台中市,烏日區
日升寵物概念館,420台灣台中市豐原區圓環東路839號,04 2520 3090,https://www.sunny520pet.com/,4.4,614,星期一: 09:00 – 22:00 | 星期二: 09:00 – 22:00 | 星期三: 09:00 – 22:00 | 星期四: 09:00 – 22:00 | 星期五: 09:00 – 22:00 | 星期六: 09:00 – 22:00 | 星期日: 09:00 – 22:00,2,台中市,豐原區
復活島鸚鵡寵物館,420台灣台中市豐原區三環路23號,0916 162 095,https://www.facebook.com/eipps/?ref=aymt_homepage_panel&eid=ARCWK5xAtNsJtHKJHjZChOP0ailzwvRL5foHjdogte4frbitlC5rDiPrAe5qnkmHF9GQvpYZlQNrZEwq,4.8,17,星期一: 12:00 – 22:00 | 星期二: 12:00 – 22:00 | 星期三: 12:00 – 22:00 | 星期四: 12:00 – 22:00 | 星期五: 12:00 – 22:00 | 星期六: 12:00 – 22:00 | 星期日: 12:00 – 22:00,2,台中市,豐原區
貓咪總動員館,420台灣台中市豐原區中山路234號,0958 670 210,https://taplink.cc/cat1070033,4.7,39,星期一: 13:00 – 20:00 | 星期二: 13:00 – 20:00 | 星期三: 休息 | 星期四: 13:00 – 20:00 | 星期五: 13:00 – 20:00 | 星期六: 13:00 – 20:00 | 星期日: 13:00 – 20:30,2,台中市,豐原區
日升寵物社皮店,420台灣台中市豐原區豐原大道一段257號,04 2525 1234,https://www.facebook.com/rishengdog,4.6,151,星期一: 09:00 – 22:00 | 星期二: 09:00 – 22:00 | 星期三: 09:00 – 22:00 | 星期四: 09:00 – 22:00 | 星期五: 09:00 – 22:00 | 星期六: 09:00 – 22:00 | 星期日: 09:00 – 22:00,2,台中市,豐原區
逗米Dog Me寵物沙龍（預約制）,420台灣台中市豐原區圓環東路277號,04 2526 0508,https://lin.ee/y1MLXt7,5,109,星期一: 09:00 – 18:00 | 星期二: 09:00 – 18:00 | 星期三: 休息 | 星期四: 休息 | 星期五: 09:00 – 18:00 | 星期六: 09:00 – 18:00 | 星期日: 09:00 – 18:00,2,台中市,豐原區
樂兒寵物沙龍LOVER PET,420台灣台中市豐原區源豐路127號,04 2528 3686,https://www.facebook.com/loverpet?ref_type=bookmark,2.5,11,"星期一: 10:00 – 12:00, 13:00 – 18:00 | 星期二: 10:00 – 12:00, 13:00 – 18:00 | 星期三: 10:00 – 12:00, 13:00 – 18:00 | 星期四: 10:00 – 12:00, 13:00 – 18:00 | 星期五: 10:00 – 12:00, 13:00 – 18:00 | 星期六: 10:00 – 12:00, 13:00 – 18:00 | 星期日: 休息",2,台中市,豐原區
Happy 專業寵物美容,420台灣台中市豐原區育英路194號,04 2526 4571,https://www.google.com/url?sa=t&source=web&rct=j&url=https://www.facebook.com/Happy%E5%B0%88%E6%A5%AD%E5%AF%B5%E7%89%A9%E7%BE%8E%E5%AE%B9-161491881354868/&ved=2ahUKEwjGlJzRzZDhAhUjEqYKHdfUBt8QjjgwHXoECAIQAQ&usg=AOvVaw1r2YBlu8DAKAA0q9HV-H3p,4.6,13,星期一: 休息 | 星期二: 10:00 – 20:00 | 星期三: 10:00 – 20:00 | 星期四: 10:00 – 20:00 | 星期五: 10:00 – 20:00 | 星期六: 10:00 – 20:00 | 星期日: 休息,2,台中市,豐原區
NiNi豐原寵物美容專家,420台灣台中市豐原區樂天街60號,0988 086 676,https://www.facebook.com/%E8%B1%90%E5%8E%9F%E5%AF%B5%E7%89%A9%E7%BE%8E%E5%AE%B9-NiNi%E5%AF%B5%E7%89%A9%E5%BA%97SPA%E6%B4%97%E6%BE%A1%E5%89%AA%E6%AF%9B%E7%BE%8E%E5%AE%B9%E5%AF%B5%E7%89%A9%E7%8B%97%E6%8E%A8%E8%96%A6-297932774484114/,4.8,26,星期一: 休息 | 星期二: 10:00 – 19:00 | 星期三: 10:00 – 19:00 | 星期四: 10:00 – 19:00 | 星期五: 10:00 – 19:00 | 星期六: 10:00 – 19:00 | 星期日: 休息,2,台中市,豐原區
米哈寵物美容,420台灣台中市豐原區豐東路75-2號,0912 979 519,https://0912979519.weebly.com/,5,25,星期一: 09:00 – 20:00 | 星期二: 09:00 – 20:00 | 星期三: 09:00 – 20:00 | 星期四: 09:00 – 20:00 | 星期五: 09:00 – 20:00 | 星期六: 09:30 – 19:00 | 星期日: 休息,2,台中市,豐原區
宸豐生命禮儀,326台灣桃園市楊梅區幼獅路一段126號,0975 509 872,https://www.facebook.com/profile.php?id=61566488769605&mibextid=LQQJ4d,5,44,星期一: 24 小時營業 | 星期二: 24 小時營業 | 星期三: 24 小時營業 | 星期四: 24 小時營業 | 星期五: 24 小時營業 | 星期六: 24 小時營業 | 星期日: 24 小時營業,4,台中市,后里區
佳恩生命禮儀社,421台灣台中市后里區眉山路652號,0910 585 783,https://chia-en.com/,4.9,55,星期一: 24 小時營業 | 星期二: 24 小時營業 | 星期三: 24 小時營業 | 星期四: 24 小時營業 | 星期五: 24 小時營業 | 星期六: 24 小時營業 | 星期日: 24 小時營業,4,台中市,后里區
張瑞恩寵物美容,421台灣台中市后里區三豐路三段893號,04 2558 7298,https://www.facebook.com/%E5%BC%B5%E7%91%9E%E6%81%A9%E5%AF%B5%E7%89%A9%E7%BE%8E%E5%AE%B9-1120690047942773/,4.9,31,星期一: 09:00 – 19:00 | 星期二: 09:00 – 19:00 | 星期三: 休息 | 星期四: 休息 | 星期五: 09:00 – 19:00 | 星期六: 09:00 – 19:00 | 星期日: 09:00 – 19:00,2,台中市,后里區
小毛窩寵物,421台灣台中市后里區文明路160號一樓,04 2558 8176,,4.7,61,星期一: 09:30 – 21:30 | 星期二: 09:30 – 21:30 | 星期三: 09:30 – 21:30 | 星期四: 09:30 – 21:30 | 星期五: 09:30 – 21:30 | 星期六: 09:30 – 21:30 | 星期日: 09:30 – 21:30,2,台中市,后里區
樂之心寵物生活舘-專業貓舍（台中貓舍，品種幼貓培育，全採預約制，貓洗澡，貓旅館）,421台灣台中市后里區成功路109號,0955 300 553,https://www.facebook.com/share/19uLMQRHhd/?mibextid=wwXIfr,5,18,星期一: 休息 | 星期二: 10:00 – 20:00 | 星期三: 10:00 – 20:00 | 星期四: 10:00 – 20:00 | 星期五: 10:00 – 20:00 | 星期六: 10:00 – 20:00 | 星期日: 10:00 – 20:00,2,台中市,后里區
IDOG寵物精緻美容,42149台灣台中市后里區三豐路三段1082巷58號,0982 056 058,,4.8,43,星期一: 10:00 – 19:00 | 星期二: 休息 | 星期三: 10:00 – 19:00 | 星期四: 10:00 – 19:00 | 星期五: 10:00 – 19:00 | 星期六: 10:00 – 19:00 | 星期日: 休息,2,台中市,后里區
彩虹山舍民宿（寵物友善）,422台灣台中市石冈区和盛街南眉巷10號,04 2581 6677,https://www.facebook.com/share/16HzoHegBq/?mibextid=wwXIfr,4.2,760,,2,台中市,石岡區
佑竹禮儀社,520台灣彰化縣田中鎮東閔路二段605巷39號,04 874 5799,,4.8,9,,4,台中市,石岡區
南投埔里-傳恩禮儀社,545台灣南投縣埔里鎮大城路122號,080 020 0121,https://www.puli-funeral.com.tw/,5,31,星期一: 24 小時營業 | 星期二: 24 小時營業 | 星期三: 24 小時營業 | 星期四: 24 小時營業 | 星期五: 24 小時營業 | 星期六: 24 小時營業 | 星期日: 24 小時營業,4,台中市,石岡區
水頭金山生命禮儀,545台灣南投縣埔里鎮水頭路21號號,0933 731 010,,4.5,6,星期一: 24 小時營業 | 星期二: 24 小時營業 | 星期三: 24 小時營業 | 星期四: 24 小時營業 | 星期五: 24 小時營業 | 星期六: 24 小時營業 | 星期日: 24 小時營業,4,台中市,石岡區
天堂寵物禮儀,973台灣花蓮縣吉安鄉慈雲路20號,0958 548 474,,5,73,星期一: 24 小時營業 | 星期二: 24 小時營業 | 星期三: 24 小時營業 | 星期四: 24 小時營業 | 星期五: 24 小時營業 | 星期六: 24 小時營業 | 星期日: 24 小時營業,5,台中市,和平區
小古寵物禮儀,97073台灣花蓮縣花蓮市尚志路15號,0921 633 004,,5,8,星期一: 09:30 – 00:00 | 星期二: 09:30 – 00:00 | 星期三: 09:30 – 00:00 | 星期四: 09:30 – 00:00 | 星期五: 09:30 – 00:00 | 星期六: 09:30 – 00:00 | 星期日: 09:30 – 00:00,5,台中市,和平區
茸茸花園寵物聖地園區,221台灣新北市汐止區八連路二段329巷130號之一,080 907 5099,https://fluffy.tw/,5,1301,星期一: 24 小時營業 | 星期二: 24 小時營業 | 星期三: 24 小時營業 | 星期四: 24 小時營業 | 星期五: 24 小時營業 | 星期六: 24 小時營業 | 星期日: 24 小時營業,3,台中市,新社區
靜願生命禮儀(興業店)-台南新營禮儀社推薦|葬儀社推薦|祖先撿金、寵物天堂|低收清寒人士殯葬全免|臨終關懷規劃諮詢|各式宗教承辦、禮儀諮詢|台南、新營、柳營、鹽水殯儀館,730台灣台南市新營區公誠街17巷18號之3,0932 873 986,https://www.jingyuanle.com/,5,67,星期一: 24 小時營業 | 星期二: 24 小時營業 | 星期三: 24 小時營業 | 星期四: 24 小時營業 | 星期五: 24 小時營業 | 星期六: 24 小時營業 | 星期日: 24 小時營業,5,台中市,新社區
CC修毛的^ PetS Studio！（好日子 寵物洗）,427台灣台中市潭子區中山路一段17-6號,04 2535 2929,https://lin.ee/pAS1NFY,4.7,79,星期一: 10:30 – 19:00 | 星期二: 10:30 – 19:00 | 星期三: 10:30 – 19:00 | 星期四: 10:30 – 19:00 | 星期五: 10:30 – 19:00 | 星期六: 10:30 – 19:00 | 星期日: 休息,2,台中市,潭子區
東森寵物 北屯軍功店,406001台灣台中市北屯區軍功路一段603號,04 2435 1051,https://www.etipets.com/,4.7,165,星期一: 11:00 – 22:00 | 星期二: 11:00 – 22:00 | 星期三: 11:00 – 22:00 | 星期四: 11:00 – 22:00 | 星期五: 11:00 – 22:00 | 星期六: 11:00 – 22:00 | 星期日: 11:00 – 22:00,2,台中市,潭子區
米默毛孩寓所 mimo furry apartment（寵物美容）,406台灣台中市北屯區北屯路447之5號,0958 930 860,https://www.facebook.com/share/12GzC4V8Rs1/?mibextid=wwXIfr,5,24,星期一: 10:00 – 19:00 | 星期二: 10:00 – 19:00 | 星期三: 10:00 – 19:00 | 星期四: 10:00 – 19:00 | 星期五: 10:00 – 19:00 | 星期六: 10:00 – 17:00 | 星期日: 休息,2,台中市,潭子區
永安寵物,406台灣台中市北屯區東山路一段253號,04 2437 3339,https://www.facebook.com/people/%E6%B0%B8%E5%AE%89%E5%AF%B5%E7%89%A9%E6%A8%82%E5%9C%92/100063612322656/?locale=zh_TW,4.7,3,,2,台中市,潭子區
熊嘎意寵物美容,427台灣台中市潭子區興華一路269號,04 2535 9934,,5,26,,2,台中市,潭子區
迦恩 寵物造型坊,427台灣台中市潭子區福潭路507巷1號,0983 625 677,https://www.facebook.com/HAPPY0612/,4.7,23,星期一: 09:00 – 18:00 | 星期二: 09:00 – 18:00 | 星期三: 休息 | 星期四: 09:00 – 18:00 | 星期五: 09:00 – 18:00 | 星期六: 09:00 – 18:00 | 星期日: 休息,2,台中市,潭子區
潭子愛寶貝寵物美容館,427台灣台中市潭子區頭張東路32號,0983 114 010,,5,3,,2,台中市,潭子區
DOG HOUSE 寵物店,427台灣台中市潭子區復興路一段2-3號,04 2538 0900,https://www.facebook.com/profile.php?id=100057726877066,4.3,52,星期一: 09:00 – 21:00 | 星期二: 09:00 – 21:00 | 星期三: 09:00 – 21:00 | 星期四: 休息 | 星期五: 09:00 – 21:00 | 星期六: 09:00 – 21:00 | 星期日: 09:00 – 21:00,2,台中市,潭子區
生命禮儀服務,428台灣台中市大雅區和平路80號,0975 731 269,,,,星期一: 24 小時營業 | 星期二: 24 小時營業 | 星期三: 24 小時營業 | 星期四: 24 小時營業 | 星期五: 24 小時營業 | 星期六: 24 小時營業 | 星期日: 24 小時營業,4,台中市,大雅區
臺中市生命禮儀管理處（大雅藝術館）,428台灣大雅區台中市 大雅區民生路四段376巷99號,04 2565 0089,,4.7,3,,4,台中市,大雅區
貓砂工廠-台中大雅區寵物店貓咪用品貓砂貓飼料直營批發零售,428台灣台中市大雅區上山一路26號,0922 863 331,,4.9,29,星期一: 08:30 – 17:00 | 星期二: 08:30 – 17:00 | 星期三: 08:30 – 17:00 | 星期四: 08:30 – 17:00 | 星期五: 08:30 – 17:00 | 星期六: 休息 | 星期日: 休息,2,台中市,大雅區
🎡瘋狂尾巴寵物遊樂園🎡4月10日園區結束營業。,407台灣台中市西屯區中清路二段1369號,04 2426 2669,https://reserve.oddle.me/crazytail,4.6,291,,2,台中市,大雅區
都是你的毛（寵物友善沙龍）,428台灣台中市大雅區雅潭路四段661巷19弄17號,04 2560 5823,https://lin.ee/i4Z4TrC,5,55,星期一: 10:00 – 19:00 | 星期二: 休息 | 星期三: 10:00 – 19:00 | 星期四: 10:00 – 19:00 | 星期五: 10:00 – 19:00 | 星期六: 10:00 – 19:00 | 星期日: 10:00 – 19:00,2,台中市,大雅區
伏特佳寵物沙龍,428台灣台中市大雅區中山北路450巷6號,0979 213 826,https://www.facebook.com/104779165161755/,4.9,56,星期一: 10:00 – 20:00 | 星期二: 10:00 – 20:00 | 星期三: 10:00 – 20:00 | 星期四: 休息 | 星期五: 10:00 – 20:00 | 星期六: 10:00 – 20:00 | 星期日: 10:00 – 20:00,2,台中市,大雅區
特潔安寵物名店,429台灣台中市神岡區中山路406號,04 2562 8081,,4.8,36,星期一: 10:30 – 21:00 | 星期二: 休息 | 星期三: 10:30 – 21:00 | 星期四: 10:30 – 21:00 | 星期五: 10:30 – 21:00 | 星期六: 10:30 – 21:00 | 星期日: 10:30 – 21:00,2,台中市,神岡區
汪汪&喵喵寵物總部 Mr.WangMeow Pet Food,429台灣台中市神岡區大圳路42-1號,04 2563 4047,,4.8,1814,星期一: 11:00 – 22:00 | 星期二: 11:00 – 22:00 | 星期三: 11:00 – 22:00 | 星期四: 11:00 – 22:00 | 星期五: 11:00 – 22:00 | 星期六: 11:00 – 22:00 | 星期日: 11:00 – 22:00,2,台中市,神岡區
狗阿店,429台灣台中市神岡區豐洲路332巷11號,0937 228 132,,5,3,,2,台中市,神岡區
逗留寵物,429台灣台中市神岡區和睦路一段314號,,https://www.facebook.com/zizi850828?mibextid=LQQJ4d,1,3,,2,台中市,神岡區
釋梵生命禮儀公司,432台灣台中市大肚區自由路931號,0930 829 494,,5,51,星期一: 24 小時營業 | 星期二: 24 小時營業 | 星期三: 24 小時營業 | 星期四: 24 小時營業 | 星期五: 24 小時營業 | 星期六: 24 小時營業 | 星期日: 24 小時營業,4,台中市,大肚區
興利禮儀有限公司,432台灣台中市大肚區大肚街8號,04 2699 1917,,5,20,星期一: 24 小時營業 | 星期二: 24 小時營業 | 星期三: 24 小時營業 | 星期四: 24 小時營業 | 星期五: 24 小時營業 | 星期六: 24 小時營業 | 星期日: 24 小時營業,4,台中市,大肚區
善終禮儀社-唯一一家無其他公司名,432台灣台中市大肚區自由路31號,0936 276 029,http://good-lifes.com.tw/,4.3,29,星期一: 24 小時營業 | 星期二: 24 小時營業 | 星期三: 24 小時營業 | 星期四: 24 小時營業 | 星期五: 24 小時營業 | 星期六: 24 小時營業 | 星期日: 24 小時營業,4,台中市,大肚區
臺中市生命禮儀管理處（大肚山公墓）,432台灣台中市大肚區華山路550號,04 2699 5874,,3.5,2,,4,台中市,大肚區
裴芮德斯寵物生命服務辦公室,509台灣彰化縣伸港鄉什股路185-5號,0919 041 566,https://www.facebook.com/profile.php?id=100089297870194&mibextid=LQQJ4d,5,2,星期一: 09:00 – 00:00 | 星期二: 09:00 – 00:00 | 星期三: 09:00 – 00:00 | 星期四: 09:00 – 00:00 | 星期五: 09:00 – 00:00 | 星期六: 09:00 – 00:00 | 星期日: 09:00 – 00:00,2,台中市,大肚區
熊愛汪喵澡堂,432台灣台中市大肚區自由路943號,0986 063 797,,4.7,23,星期一: 09:30 – 18:30 | 星期二: 09:30 – 18:30 | 星期三: 09:30 – 18:30 | 星期四: 09:30 – 18:30 | 星期五: 09:30 – 18:30 | 星期六: 09:30 – 18:30 | 星期日: 09:30 – 18:30,2,台中市,大肚區
吉寶寵物美容,432台灣台中市大肚區大明四街240號,0987 790 661,,5,7,星期一: 10:00 – 18:00 | 星期二: 10:00 – 18:00 | 星期三: 10:00 – 18:00 | 星期四: 休息 | 星期五: 10:00 – 18:00 | 星期六: 10:00 – 18:00 | 星期日: 10:00 – 18:00,2,台中市,大肚區
毛棚/寵物專屬攝影工作室,433台灣台中市沙鹿區保成路120巷122號,,https://www.facebook.com/maopetstudio,5,24,星期一: 11:00 – 21:00 | 星期二: 11:00 – 21:00 | 星期三: 11:00 – 21:00 | 星期四: 11:00 – 21:00 | 星期五: 11:00 – 21:00 | 星期六: 11:00 – 21:00 | 星期日: 11:00 – 21:00,2,台中市,沙鹿區
花王禮儀社,433台灣台中市沙鹿區台灣大道七段478號,0982 655 434,https://www.facebook.com/0982655434king/?locale=zh_TW,5,9,星期一: 24 小時營業 | 星期二: 24 小時營業 | 星期三: 24 小時營業 | 星期四: 24 小時營業 | 星期五: 24 小時營業 | 星期六: 24 小時營業 | 星期日: 24 小時營業,4,台中市,沙鹿區
日昇寵物-沙鹿甲蟲屋,433台灣台中市沙鹿區Unnamed Road,0980 074 298,,4.2,28,星期一: 14:00 – 21:30 | 星期二: 14:00 – 21:30 | 星期三: 14:00 – 21:30 | 星期四: 14:00 – 21:30 | 星期五: 14:00 – 21:30 | 星期六: 14:00 – 21:30 | 星期日: 14:00 – 21:30,2,台中市,沙鹿區
閃耀寵物美容沙龍（上格寵物美容）,433台灣台中市沙鹿區光大路70號,04 2662 1822,,4.1,63,星期一: 10:00 – 19:30 | 星期二: 10:00 – 19:30 | 星期三: 10:00 – 19:30 | 星期四: 10:00 – 19:30 | 星期五: 10:00 – 19:30 | 星期六: 10:00 – 19:30 | 星期日: 10:00 – 19:30,2,台中市,沙鹿區
My V.I.P.歐系專業寵物沙龍,433台灣台中市沙鹿區興安路12號,04 2635 1098,https://www.facebook.com/MyVIP26351098,4.7,38,星期一: 休息 | 星期二: 10:00 – 18:00 | 星期三: 10:00 – 18:00 | 星期四: 休息 | 星期五: 10:00 – 18:00 | 星期六: 10:00 – 18:00 | 星期日: 10:00 – 17:00,2,台中市,沙鹿區
東森寵物 台中沙鹿店,433台灣台中市沙鹿區台灣大道七段281號,04 2633 0281,http://www.etipets.com/,4.5,578,星期一: 10:00 – 22:00 | 星期二: 10:00 – 22:00 | 星期三: 10:00 – 22:00 | 星期四: 10:00 – 22:00 | 星期五: 10:00 – 22:00 | 星期六: 10:00 – 22:00 | 星期日: 10:00 – 22:00,2,台中市,沙鹿區
狗脾氣動物醫院,436台灣台中市清水區五權東路11號,04 2622 5317,,4.6,116,"星期一: 10:30 – 12:00, 13:30 – 21:00 | 星期二: 10:30 – 12:00, 13:30 – 21:00 | 星期三: 10:30 – 12:00, 13:30 – 21:00 | 星期四: 10:30 – 12:00, 13:30 – 21:00 | 星期五: 10:30 – 12:00, 13:30 – 21:00 | 星期六: 10:30 – 12:00, 13:30 – 21:00 | 星期日: 休息",2,台中市,沙鹿區
小確幸寵物沙龍 清水店,436台灣台中市清水區鎮南街68-2號,04 2623 2323,,5,38,星期一: 10:00 – 18:00 | 星期二: 10:00 – 18:00 | 星期三: 10:00 – 18:00 | 星期四: 10:00 – 18:00 | 星期五: 10:00 – 18:00 | 星期六: 10:00 – 18:30 | 星期日: 休息,2,台中市,沙鹿區
壹零壹寵物生活館,433台灣沙鹿區中棲路336-2號,04 2662 2403,,,,星期一: 10:00 – 20:30 | 星期二: 10:00 – 20:30 | 星期三: 10:00 – 20:30 | 星期四: 10:00 – 20:30 | 星期五: 10:00 – 20:30 | 星期六: 10:00 – 20:30 | 星期日: 15:00 – 19:00,2,台中市,沙鹿區
傘下貓Sunshine Cat（清水貓美容｜貓旅館｜到府餵食｜全預約制｜附設兔子寄宿）,436台灣台中市清水區五權南路175巷17號,0968 806 131,https://www.facebook.com/catslifehostel/,4.8,71,星期一: 10:00 – 19:00 | 星期二: 10:00 – 19:00 | 星期三: 10:00 – 19:00 | 星期四: 10:00 – 19:00 | 星期五: 10:00 – 19:00 | 星期六: 10:00 – 19:00 | 星期日: 10:00 – 19:00,2,台中市,沙鹿區
貓世界貓坊（電話預約）,433台灣台中市沙鹿區福安街55號,0958 677 499,http://www.catsworld.com.tw/,5,2,星期一: 13:00 – 20:00 | 星期二: 13:00 – 20:00 | 星期三: 13:00 – 20:00 | 星期四: 13:00 – 20:00 | 星期五: 13:00 – 20:00 | 星期六: 13:00 – 20:00 | 星期日: 13:00 – 20:00,2,台中市,沙鹿區
狗尾巴寵物美容,433台灣台中市沙鹿區自強路762號,0976 402 259,https://www.facebook.com/%E7%8B%97%E5%B0%BE%E5%B7%B4-%E5%AF%B5%E7%89%A9%E7%BE%8E%E5%AE%B9-112301930678606,5,26,星期一: 休息 | 星期二: 10:00 – 18:00 | 星期三: 10:00 – 18:00 | 星期四: 10:00 – 18:00 | 星期五: 10:00 – 18:00 | 星期六: 10:00 – 18:00 | 星期日: 10:00 – 18:00,2,台中市,沙鹿區
貓肉球狗尾巴心理諮商所,433台灣台中市沙鹿區鎮南路二段419號,,https://wonderlandcounselingcenter.com/,5,14,,2,台中市,沙鹿區
幸福角落寵物美容工作室「4/9、4/16，有事店休,433台灣台中市沙鹿區英才路139號,0984 180 387,https://www.facebook.com/PANDA.0314/,5,15,星期一: 09:00 – 17:00 | 星期二: 09:00 – 17:00 | 星期三: 休息 | 星期四: 09:00 – 16:00 | 星期五: 09:00 – 16:00 | 星期六: 09:00 – 18:00 | 星期日: 休息,2,台中市,沙鹿區
國芳禮儀社-南投葬儀社 草屯禮儀社 會場佈置 罐頭塔 紙紮 靈骨罐,542台灣南投縣草屯鎮仁愛街201號,04 9232 7405,,5,1,星期一: 24 小時營業 | 星期二: 24 小時營業 | 星期三: 24 小時營業 | 星期四: 24 小時營業 | 星期五: 24 小時營業 | 星期六: 24 小時營業 | 星期日: 24 小時營業,4,台中市,沙鹿區
全省喪事禮儀服務【祈恩生命禮儀公司】,540台灣南投縣南投市南陽路406巷2號,0928 770 958,https://www.facebook.com/%E7%A5%88%E6%81%A9%E7%94%9F%E5%91%BD%E7%A6%AE%E5%84%80%E6%9C%8D%E5%8B%99-102898482277778/,5,55,星期一: 24 小時營業 | 星期二: 24 小時營業 | 星期三: 24 小時營業 | 星期四: 24 小時營業 | 星期五: 24 小時營業 | 星期六: 24 小時營業 | 星期日: 24 小時營業,4,台中市,沙鹿區
五通生命禮儀,513台灣彰化縣埔心鄉東明路132巷10號,0912 619 639,,5,5,星期一: 24 小時營業 | 星期二: 24 小時營業 | 星期三: 24 小時營業 | 星期四: 24 小時營業 | 星期五: 24 小時營業 | 星期六: 24 小時營業 | 星期日: 24 小時營業,4,台中市,沙鹿區
萬盛生命禮儀,434台灣台中市龍井區沙田路五段30巷50弄3號,,,5,4,星期一: 24 小時營業 | 星期二: 24 小時營業 | 星期三: 24 小時營業 | 星期四: 24 小時營業 | 星期五: 24 小時營業 | 星期六: 24 小時營業 | 星期日: 24 小時營業,4,台中市,龍井區
懷恩寵物安樂園,244台灣新北市林口區大水湳路69號,02 2609 3133,http://www.petparadise.com.tw/,4.7,741,星期一: 09:00 – 17:00 | 星期二: 09:00 – 17:00 | 星期三: 09:00 – 17:00 | 星期四: 09:00 – 17:00 | 星期五: 09:00 – 17:00 | 星期六: 09:00 – 17:00 | 星期日: 09:00 – 17:00,5,台中市,龍井區
東森寵物 台中東海店,"1樓, No. 102-106號遊園南路龍井區台中市台灣 434",04 2652 1111,https://www.oscar-pet.com.tw/,4.6,798,星期一: 10:00 – 22:00 | 星期二: 10:00 – 22:00 | 星期三: 10:00 – 22:00 | 星期四: 10:00 – 22:00 | 星期五: 10:00 – 22:00 | 星期六: 10:00 – 22:00 | 星期日: 10:00 – 22:00,2,台中市,龍井區
咪寶寵物坊,"1號, No. 25號國際街西屯區台中市台灣 407",0963 103 667,https://www.facebook.com/mibaupet/,4.8,192,星期一: 11:00 – 21:00 | 星期二: 11:00 – 21:00 | 星期三: 11:00 – 21:00 | 星期四: 11:00 – 21:00 | 星期五: 11:00 – 21:00 | 星期六: 11:00 – 21:00 | 星期日: 11:00 – 21:00,2,台中市,龍井區
Love more樂沫寵物沙龍,434台灣台中市龍井區沙田路五段411號,0976 369 188,https://www.facebook.com/Love-more-%E6%A8%82%E6%B2%AB%E5%AF%B5%E7%89%A9%E6%B2%99%E9%BE%8D-101810768525212/,5,17,,2,台中市,龍井區
澡安 貓時間（公休每月初公布IG),434台灣台中市龍井區藝術街61巷10號,0912 185 437,https://lin.ee/JIxq5WX,5,82,星期一: 10:00 – 18:00 | 星期二: 10:00 – 18:00 | 星期三: 10:00 – 18:00 | 星期四: 09:00 – 17:00 | 星期五: 09:00 – 17:00 | 星期六: 休息 | 星期日: 休息,2,台中市,龍井區
昭揚生命| 禮儀公司 | 葬儀社 | 殯葬服務,330台灣桃園市桃園區南平路254巷7之1號2樓,0913 910 882,https://zhaoyang80.webnode.tw/,5,6,星期一: 24 小時營業 | 星期二: 24 小時營業 | 星期三: 24 小時營業 | 星期四: 24 小時營業 | 星期五: 24 小時營業 | 星期六: 24 小時營業 | 星期日: 24 小時營業,4,台中市,龍井區
萬盛生命禮儀,435台灣台中市梧棲區大仁路二段353巷8號,,,,,,4,台中市,梧棲區
最愛高齡寵物服務機構,436台灣台中市清水區八德路四段80號,04 2656 0345,https://www.facebook.com/lovepetPethomecareservices,5,24,"星期一: 10:00 – 12:00, 14:00 – 18:00 | 星期二: 10:00 – 12:00, 14:00 – 18:00 | 星期三: 10:00 – 12:00, 14:00 – 18:00 | 星期四: 10:00 – 12:00, 14:00 – 18:00 | 星期五: 10:00 – 12:00, 14:00 – 18:00 | 星期六: 10:00 – 12:00, 14:00 – 18:00 | 星期日: 10:00 – 12:00, 14:00 – 18:00",2,台中市,清水區
禾安生命事業禮儀社,436台灣台中市清水區神清路85-1號,0911 680 008,,5,5,星期一: 24 小時營業 | 星期二: 24 小時營業 | 星期三: 24 小時營業 | 星期四: 24 小時營業 | 星期五: 24 小時營業 | 星期六: 24 小時營業 | 星期日: 24 小時營業,4,台中市,清水區
安樂禮儀園藝社,436台灣台中市清水區光復街30-1號,04 2622 2723,,,,星期一: 24 小時營業 | 星期二: 24 小時營業 | 星期三: 24 小時營業 | 星期四: 24 小時營業 | 星期五: 24 小時營業 | 星期六: 24 小時營業 | 星期日: 24 小時營業,4,台中市,清水區
橡果寵物旅館 ｜ 寵物住宿 ｜寵物美容｜ 洗澡安親,436台灣台中市清水區民族路三段117號,04 2658 0113,,5,160,星期一: 09:00 – 19:00 | 星期二: 09:00 – 19:00 | 星期三: 09:00 – 19:00 | 星期四: 09:00 – 19:00 | 星期五: 09:00 – 19:00 | 星期六: 09:00 – 19:00 | 星期日: 09:00 – 19:00,2,台中市,清水區
信安安樂 到府安樂,334台灣桃園市八德區介壽路二段113號,0965 329 729,https://www.petpeaceinhome.tw/,5,15,星期一: 08:30 – 23:00 | 星期二: 08:30 – 23:00 | 星期三: 08:30 – 23:00 | 星期四: 08:30 – 23:00 | 星期五: 08:30 – 23:00 | 星期六: 08:30 – 23:00 | 星期日: 08:30 – 23:00,4,台中市,清水區
快樂尾巴寵物美容 pet salon【清水專業寵物美容】寵物洗澡推薦｜貓咪洗澡｜寵物修剪毛｜寵物SPA沙龍｜寵物沙龍推薦,436台灣台中市清水區文化路158號,04 2623 5757,https://lin.ee/ob4QpiT,5,172,星期一: 休息 | 星期二: 休息 | 星期三: 10:00 – 19:00 | 星期四: 10:00 – 19:00 | 星期五: 10:00 – 19:00 | 星期六: 10:00 – 19:00 | 星期日: 10:00 – 19:00,2,台中市,清水區
小幸福寵物美容工作坊,436台灣台中市清水區中社路5-21號,04 2627 2368,https://m.facebook.com/%E5%B0%8F%E5%B9%B8%E7%A6%8F%E5%AF%B5%E7%89%A9%E7%BE%8E%E5%AE%B9%E5%B7%A5%E4%BD%9C%E5%9D%8A%E6%B8%85%E6%B0%B4%E5%BA%97-377161802758522/,4.5,33,星期一: 09:00 – 17:00 | 星期二: 休息 | 星期三: 09:00 – 17:00 | 星期四: 09:00 – 17:00 | 星期五: 09:00 – 17:00 | 星期六: 休息 | 星期日: 09:00 – 17:00,2,台中市,清水區
喵喵玩國寵物用品（預約自取9折）,436台灣台中市清水區康榔一街100巷15弄1號,0900 566 637,http://shopee.tw/s0900566637,5,12,星期一: 08:30 – 17:30 | 星期二: 08:30 – 17:30 | 星期三: 08:30 – 17:30 | 星期四: 08:30 – 17:30 | 星期五: 08:30 – 17:30 | 星期六: 休息 | 星期日: 休息,2,台中市,清水區
花澡堂 寵物美容,436台灣台中市清水區忠孝二街50巷27號,0975 080 985,,5,12,星期一: 休息 | 星期二: 09:00 – 19:00 | 星期三: 09:00 – 19:00 | 星期四: 09:00 – 19:00 | 星期五: 休息 | 星期六: 09:00 – 19:00 | 星期日: 09:00 – 19:00,2,台中市,清水區
亞米寵物美容,436台灣台中市清水區五權南路177號,04 2628 2343,,5,3,星期一: 休息 | 星期二: 09:30 – 20:00 | 星期三: 09:30 – 20:00 | 星期四: 09:30 – 20:00 | 星期五: 09:30 – 20:00 | 星期六: 09:30 – 20:00 | 星期日: 休息,2,台中市,清水區
恩寵毛孩寵物美容/精品寵物美容/皮毛養護/重建洗/工作室,43652台灣台中市清水區中社路信義巷44號,0955 527 981,https://lin.ee/oSjcSiZ,5,51,,2,台中市,清水區
威爾森貓舍 Wilson Cattery,437台灣台中市大甲區臨江路7號,0937 284 868,https://www.facebook.com/profile.php?id=100084051528432,5,17,,2,台中市,大甲區
劉慶文禮儀師-喪葬服務-台北葬儀社殯葬禮儀公司新北桃園新竹全省推薦,220台灣新北市板橋區大觀路三段160巷2號二樓,0982 664 257,https://www.1314foreverlife.com.tw/,5,1,星期一: 24 小時營業 | 星期二: 24 小時營業 | 星期三: 24 小時營業 | 星期四: 24 小時營業 | 星期五: 24 小時營業 | 星期六: 24 小時營業 | 星期日: 24 小時營業,4,台中市,外埔區
大心寵物美容館,437004台灣台中市大甲區光明路146號西側號,04 2688 9988,https://www.daxin26889988.com.tw/,4.3,41,星期一: 休息 | 星期二: 10:00 – 19:00 | 星期三: 10:00 – 19:00 | 星期四: 10:00 – 19:00 | 星期五: 10:00 – 19:00 | 星期六: 10:00 – 19:00 | 星期日: 10:00 – 19:00,2,台中市,外埔區
願禪生命禮儀 埔心辦公室,513台灣彰化縣埔心鄉仁一路203巷16號,0977 323 225,,5,1,星期一: 24 小時營業 | 星期二: 24 小時營業 | 星期三: 24 小時營業 | 星期四: 24 小時營業 | 星期五: 24 小時營業 | 星期六: 24 小時營業 | 星期日: 24 小時營業,4,台中市,外埔區
"台北康寧寵物安樂園-寵物禮儀,寵物超渡,動物超渡,寵物火化,動物火化,寵物墓地,寵物納骨塔,寵物樹葬木柵秘密花園",222台灣新北市深坑區北深路三段93巷51號,02 2664 1826,https://www.kan-ning.com.tw/,4.3,181,星期一: 24 小時營業 | 星期二: 24 小時營業 | 星期三: 24 小時營業 | 星期四: 24 小時營業 | 星期五: 24 小時營業 | 星期六: 24 小時營業 | 星期日: 24 小時營業,5,台中市,大安區
