店名,地址,電話,網站,評分,評分數量,營業時間,城市,區域
台北專業貓咪保姆KIKI/到府照護/陪狗狗散步/到府美容洗澡/寵物旅館/寵物寄宿/毛小愛APP,100台灣台北市中正區林森北路9巷5號,0908 708 372,,4.9,29,星期一: 24 小時營業 | 星期二: 24 小時營業 | 星期三: 24 小時營業 | 星期四: 24 小時營業 | 星期五: 24 小時營業 | 星期六: 24 小時營業 | 星期日: 24 小時營業,台北市,中正區
吃手手寵物精品旅館The Paw Pet Hotel,100台灣台北市中正區濟南路二段35-1號1樓,02 2322 2020,https://thepaw.com.tw/,4.9,87,星期一: 08:00 – 22:00 | 星期二: 08:00 – 22:00 | 星期三: 08:00 – 22:00 | 星期四: 08:00 – 22:00 | 星期五: 08:00 – 22:00 | 星期六: 08:00 – 22:00 | 星期日: 08:00 – 22:00,台北市,中正區
WSPA寵物旅館,100台灣台北市中正区罗斯福路三段139號1F,02 2367 5899,https://www.facebook.com/profile.php?id=100087392181167,4.5,124,星期一: 09:00 – 20:00 | 星期二: 09:00 – 20:00 | 星期三: 09:00 – 20:00 | 星期四: 09:00 – 20:00 | 星期五: 09:00 – 20:00 | 星期六: 09:00 – 20:00 | 星期日: 09:00 – 20:00,台北市,中正區
就甘心Ponpon寵物旅館,10491台灣台北市中山區新生北路二段60巷16號4樓,02 2568 2751,https://www.facebook.com/Ponpon.Pet.hotel/,5,380,星期一: 11:00 – 19:00 | 星期二: 11:00 – 19:00 | 星期三: 11:00 – 19:00 | 星期四: 11:00 – 19:00 | 星期五: 11:00 – 19:00 | 星期六: 11:00 – 19:00 | 星期日: 11:00 – 19:00,台北市,中正區
GROOMER YAYA 寵物美容住宿生活館,100台灣台北市中正區和平西路二段64號,,https://www.instagram.com/groomer_yaya/,4.9,45,星期一: 11:00 – 19:00 | 星期二: 11:00 – 19:00 | 星期三: 11:00 – 19:00 | 星期四: 11:00 – 19:00 | 星期五: 11:00 – 19:00 | 星期六: 11:00 – 19:00 | 星期日: 11:00 – 19:00,台北市,中正區
北歐寵物旅館,106台灣台北市大安區新生南路二段60-1號,02 2322 4358,http://www.nph.com.tw/,4.7,385,星期一: 08:00 – 22:00 | 星期二: 08:00 – 22:00 | 星期三: 08:00 – 22:00 | 星期四: 08:00 – 22:00 | 星期五: 08:00 – 22:00 | 星期六: 08:00 – 22:00 | 星期日: 08:00 – 22:00,台北市,中正區
宿喜貓旅,100台灣台北市中正區南昌路二段206號2F-3,0937 858 529,,5,35,,台北市,中正區
24h寵物寄宿/過年有空/到府美容/到府獸醫/到府照護/貓狗保姆/寵物旅館/毛小愛下單保障雙方,103台灣台北市大同區五原路19號,,,5,12,星期一: 24 小時營業 | 星期二: 24 小時營業 | 星期三: 24 小時營業 | 星期四: 24 小時營業 | 星期五: 24 小時營業 | 星期六: 24 小時營業 | 星期日: 24 小時營業,台北市,中正區
喵汪美安宿-吉林休閒館 犬貓寵物美容 | 安親住宿 | 溫水舒緩泳池 國寶寵物,10491台灣台北市中山區吉林路178號,02 2531 9089,,4.9,94,星期一: 10:00 – 19:00 | 星期二: 10:00 – 19:00 | 星期三: 10:00 – 19:00 | 星期四: 10:00 – 19:00 | 星期五: 10:00 – 19:00 | 星期六: 10:00 – 19:00 | 星期日: 10:00 – 19:00,台北市,中正區
24h陪同就醫/寵物寄宿/過年有空/到府美容/到府獸醫/到府照護/貓狗保姆/寵物旅館/毛小愛,104台灣台北市中山區新生北路三段26號,0908 708 372,https://lin.ee/XQ3cli4,5,12,星期一: 24 小時營業 | 星期二: 24 小時營業 | 星期三: 24 小時營業 | 星期四: 24 小時營業 | 星期五: 24 小時營業 | 星期六: 24 小時營業 | 星期日: 24 小時營業,台北市,中正區
宅貓旅館🥰中山館,10469台灣台北市中山區民生東路二段3號,02 2521 8488,http://www.cat-hotel.com.tw/,5,271,星期一: 10:30 – 20:00 | 星期二: 10:30 – 20:00 | 星期三: 10:30 – 20:00 | 星期四: 10:30 – 20:00 | 星期五: 10:30 – 20:00 | 星期六: 10:30 – 20:00 | 星期日: 10:30 – 20:00,台北市,中正區
逗格寵物旅館DogoHotel,10491台灣台北市中山區雙城街49巷9-6號1樓,02 2586 7771,,5,139,星期一: 08:00 – 19:30 | 星期二: 08:00 – 19:30 | 星期三: 08:00 – 19:30 | 星期四: 08:00 – 19:30 | 星期五: 08:00 – 19:30 | 星期六: 08:00 – 20:00 | 星期日: 08:00 – 20:00,台北市,中正區
城市貓旅 City Cat 貓旅館/純貓美容,103台灣台北市大同區長安西路254號2樓,02 2552 7056,http://www.cathotel.tw/,4.8,256,星期一: 10:00 – 20:00 | 星期二: 10:00 – 20:00 | 星期三: 10:00 – 20:00 | 星期四: 10:00 – 20:00 | 星期五: 10:00 – 20:00 | 星期六: 10:00 – 20:00 | 星期日: 10:00 – 20:00,台北市,中正區
Very旺寵物旅館 VW pet hotel,105台灣台北市松山區八德路二段429號2樓,02 2741 2777,https://lin.ee/IPzXtzT,4.4,309,星期一: 08:30 – 20:00 | 星期二: 08:30 – 20:00 | 星期三: 08:30 – 20:00 | 星期四: 08:30 – 20:00 | 星期五: 08:30 – 20:00 | 星期六: 08:30 – 20:00 | 星期日: 08:30 – 20:00,台北市,中正區
家裡寵物旅館-幼幼館,"1樓, No. 195號長安東路二段中山區台北市台灣 10490",02 2731 9200,https://www.facebook.com/homedoghotel195,4.9,121,"星期一: 10:00 – 12:00, 13:30 – 20:00 | 星期二: 10:00 – 12:00, 13:30 – 20:00 | 星期三: 10:00 – 12:00, 13:30 – 20:00 | 星期四: 10:00 – 12:00, 13:30 – 20:00 | 星期五: 10:00 – 12:00, 13:30 – 20:00 | 星期六: 10:00 – 12:00, 13:30 – 20:00 | 星期日: 10:00 – 12:00, 13:30 – 20:00",台北市,中正區
狗狗日常寵物旅館/寵物旅館/寵物美容/寵物自助洗/狗安親/狗住宿,116台灣台北市文山區羅斯福路六段85號,0982 920 852,http://facebook.com/ddl.pethotel,4.7,138,星期一: 10:00 – 19:00 | 星期二: 10:00 – 19:00 | 星期三: 10:00 – 19:00 | 星期四: 10:00 – 19:00 | 星期五: 10:00 – 19:00 | 星期六: 10:00 – 19:00 | 星期日: 10:00 – 19:00,台北市,中正區
貓格里拉 - 貓旅館 - 貓住宿 - Cat Hotel & Goods,"10樓之3, No. 76號復興南路一段大安區台北市台灣 106",02 8773 3503,https://www.thecathotel.tw/,4.9,155,星期一: 11:00 – 19:00 | 星期二: 11:00 – 19:00 | 星期三: 11:00 – 19:00 | 星期四: 11:00 – 19:00 | 星期五: 11:00 – 19:00 | 星期六: 11:00 – 19:00 | 星期日: 11:00 – 19:00,台北市,中正區
寄居喵和風貓旅宿Hermicat 純貓旅館,110053台灣台北市信義區信義路四段401號5樓,02 2720 2823,https://hermicat.com/,5,51,星期一: 11:30 – 19:00 | 星期二: 11:30 – 19:00 | 星期三: 11:30 – 19:00 | 星期四: 11:30 – 19:00 | 星期五: 11:30 – 19:00 | 星期六: 11:30 – 19:00 | 星期日: 11:30 – 19:00,台北市,中正區
HIPP 喜寶棧 - 咖啡酒館 & 貓旅館 每天營業 4月28/29日店休 CAFE BAR & CAT HOTEL,100063台灣台北市中正區中華路二段307巷40號1樓,02 2303 5540,https://www.facebook.com/hippcc,5,525,星期一: 18:00 – 02:00 | 星期二: 18:00 – 02:00 | 星期三: 18:00 – 02:00 | 星期四: 18:00 – 02:00 | 星期五: 18:00 – 02:00 | 星期六: 18:00 – 02:00 | 星期日: 18:00 – 02:00,台北市,中正區
貓僕舍複合式貓旅館,10362台灣台北市大同區重慶北路三段73號,02 2585 1417,https://lin.ee/ZSLqO6x,4.9,50,星期一: 10:30 – 19:00 | 星期二: 10:30 – 19:00 | 星期三: 10:30 – 19:00 | 星期四: 10:30 – 19:00 | 星期五: 10:30 – 19:00 | 星期六: 11:00 – 19:00 | 星期日: 11:00 – 19:00,台北市,中正區
毛毛窩寵物精品旅館,116台灣台北市文山區景隆街48號,,,4.6,108,星期一: 10:00 – 22:00 | 星期二: 10:00 – 22:00 | 星期三: 10:00 – 22:00 | 星期四: 10:00 – 22:00 | 星期五: 10:00 – 22:00 | 星期六: 10:00 – 22:00 | 星期日: 10:00 – 22:00,台北市,中正區
【米兔旅店】兔子住宿-寵物旅館,103台灣台北市大同區酒泉街105號,,https://mitoo.tw/,5,203,星期一: 08:00 – 20:00 | 星期二: 08:00 – 20:00 | 星期三: 08:00 – 20:00 | 星期四: 08:00 – 20:00 | 星期五: 08:00 – 20:00 | 星期六: 08:00 – 20:00 | 星期日: 08:00 – 20:00,台北市,中正區
DANDY CAT 丹迪貓 純貓旅館 美容,103020台灣台北市大同區平陽街25號,02 2559 6952,,5,20,星期一: 11:00 – 21:00 | 星期二: 11:00 – 21:00 | 星期三: 11:00 – 21:00 | 星期四: 11:00 – 21:00 | 星期五: 11:00 – 21:00 | 星期六: 11:00 – 21:00 | 星期日: 11:00 – 21:00,台北市,中正區
毛尾巴寵物美容旅店 Furry Tail Pet Salon & Hotel,106台灣台北市大安區大安路一段205號,02 2700 0300,https://www.furrytailpetsalonhotel.com/,4.9,170,星期一: 10:00 – 19:00 | 星期二: 10:00 – 19:00 | 星期三: 休息 | 星期四: 10:00 – 19:00 | 星期五: 10:00 – 19:00 | 星期六: 10:00 – 19:00 | 星期日: 10:00 – 19:00,台北市,中正區
啪啾寵物旅館Pet-Chi Doggy Hotel,234台灣新北市永和區永貞路53號1,02 2928 2951,https://www.facebook.com/LovePetChi,4.8,24,星期一: 休息 | 星期二: 11:00 – 21:00 | 星期三: 11:00 – 21:00 | 星期四: 11:00 – 21:00 | 星期五: 11:00 – 21:00 | 星期六: 11:00 – 21:00 | 星期日: 11:00 – 21:00,台北市,中正區
捲尾巴寵物旅宿/新北寵物旅館/永和寵物旅館/狗旅館/狗狗安親/狗狗過夜,234009台灣新北市永和區永平路300號,,https://www.facebook.com/petpawshotel/,4.7,41,星期一: 休息 | 星期二: 09:30 – 20:00 | 星期三: 09:30 – 20:00 | 星期四: 09:30 – 20:00 | 星期五: 09:30 – 20:00 | 星期六: 09:30 – 20:00 | 星期日: 09:30 – 20:00,台北市,中正區
王子公主寵物美容旅館,11679台灣台北市文山區興隆路一段96號,02 8931 3637,https://www.princeprincess.com.tw/,4.9,76,星期一: 10:00 – 19:00 | 星期二: 10:00 – 19:00 | 星期三: 休息 | 星期四: 10:00 – 19:00 | 星期五: 10:00 – 19:00 | 星期六: 10:00 – 18:00 | 星期日: 10:00 – 18:00,台北市,中正區
貓森旅-貓旅館Cat Hotel 台北市中心,106台灣台北市大安區信義路三段75之1號 2樓,02 2707 8877,https://catsforestvilla.tw/,5,417,星期一: 12:00 – 21:00 | 星期二: 12:00 – 21:00 | 星期三: 12:00 – 21:00 | 星期四: 12:00 – 21:00 | 星期五: 12:00 – 21:00 | 星期六: 12:00 – 21:00 | 星期日: 12:00 – 21:00,台北市,中正區
貓語花香私房貓旅/ 台北微風廣場對面,10491台灣台北市中山區復興南路一段36之2號2樓,02 8772 8376,http://www.catvilla.com.tw/,4.9,51,星期一: 11:00 – 20:00 | 星期二: 11:00 – 20:00 | 星期三: 11:00 – 20:00 | 星期四: 11:00 – 20:00 | 星期五: 11:00 – 20:00 | 星期六: 11:00 – 20:00 | 星期日: 11:00 – 20:00,台北市,中正區
毛旅 寵物旅館,10491台灣台北市中山區長安東路二段232號,02 2721 3091,https://m.facebook.com/furtrips/,5,15,星期一: 10:30 – 20:00 | 星期二: 10:30 – 20:00 | 星期三: 10:30 – 20:00 | 星期四: 10:30 – 20:00 | 星期五: 10:30 – 20:00 | 星期六: 10:30 – 20:00 | 星期日: 10:30 – 20:00,台北市,中正區
有間貓旅精品度假中心 A-House Traveler -貓咪住宿|寵物旅館|貓咪行為訓練|諮詢|台北松山區|民生社區,105032台灣台北市松山区南京东路五段137號二樓,02 2396 3963,https://www.a-housetraveler.com/,5,318,星期一: 11:00 – 21:00 | 星期二: 11:00 – 21:00 | 星期三: 11:00 – 21:00 | 星期四: 11:00 – 21:00 | 星期五: 11:00 – 21:00 | 星期六: 11:00 – 21:00 | 星期日: 11:00 – 21:00,台北市,中正區
三毛寵物旅館/三毛寵物美容/貓咪住宿/狗狗美容/狗狗洗澡,234台灣新北市永和區中和路421巷3弄1號1樓,02 2925 8933,https://somemore-pet.com.tw/,4.6,365,星期一: 09:00 – 21:00 | 星期二: 09:00 – 21:00 | 星期三: 09:00 – 21:00 | 星期四: 09:00 – 21:00 | 星期五: 09:00 – 21:00 | 星期六: 09:00 – 21:00 | 星期日: 09:00 – 21:00,台北市,中正區
S蓋狗狗訓練工坊．住宿,234台灣新北市永和區永利路4巷,0978 507 960,https://lin.ee/fvn3Z9T,5,13,星期一: 09:00 – 22:00 | 星期二: 09:00 – 22:00 | 星期三: 09:00 – 22:00 | 星期四: 09:00 – 22:00 | 星期五: 09:00 – 22:00 | 星期六: 09:00 – 22:00 | 星期日: 09:00 – 22:00,台北市,中正區
miya-甜蜜貓旅店,234台灣新北市永和區永和路二段228號3F,02 2926 2627,http://miyahotel.blogspot.com/,5,136,星期一: 12:00 – 21:00 | 星期二: 12:00 – 21:00 | 星期三: 12:00 – 21:00 | 星期四: 12:00 – 21:00 | 星期五: 12:00 – 21:00 | 星期六: 12:00 – 21:00 | 星期日: 12:00 – 21:00,台北市,中正區
轉角遇見兔 The Rabbit Hotel at Corner,10079台灣台北市中正區三元街216號,0916 925 177,https://sites.google.com/view/rabbithotelcorner,,,星期一: 10:30 – 20:00 | 星期二: 10:30 – 20:00 | 星期三: 10:30 – 20:00 | 星期四: 10:30 – 20:00 | 星期五: 10:30 – 20:00 | 星期六: 11:00 – 16:00 | 星期日: 休息,台北市,中正區
北歐寵物旅館 游泳館,105台灣台北市松山區八德路三段224號,02 2577 9886,http://www.nph.com.tw/,4.7,296,星期一: 08:00 – 22:00 | 星期二: 08:00 – 22:00 | 星期三: 08:00 – 22:00 | 星期四: 08:00 – 22:00 | 星期五: 08:00 – 22:00 | 星期六: 08:00 – 22:00 | 星期日: 08:00 – 22:00,台北市,中正區
寵蝦咪寵物美容住宿Chongshopme-文山店,116台灣台北市文山區興隆路一段261號,02 2933 1890,https://www.facebook.com/profile.php?id=61551489593108&mibextid=2JQ9oc,4.9,70,星期一: 11:00 – 20:00 | 星期二: 11:00 – 20:00 | 星期三: 休息 | 星期四: 11:00 – 20:00 | 星期五: 11:00 – 20:00 | 星期六: 11:00 – 20:00 | 星期日: 11:00 – 20:00,台北市,中正區
宅貓旅館🥰信義館,110台灣台北市信義區基隆路二段117號2樓,02 2732 5667,https://www.cat-hotel.com.tw/,4.9,127,星期一: 11:00 – 20:00 | 星期二: 11:00 – 20:00 | 星期三: 11:00 – 20:00 | 星期四: 11:00 – 20:00 | 星期五: 11:00 – 20:00 | 星期六: 11:00 – 20:00 | 星期日: 11:00 – 20:00,台北市,中正區
巧PetPet寵物精品旅館,234台灣新北市永和區得和路82號,02 2942 8882,https://www.ciaopetpet.com/,4.7,87,"星期一: 11:00 – 21:00 | 星期二: 11:00 – 14:00, 18:00 – 20:00 | 星期三: 11:00 – 14:00, 18:00 – 20:00 | 星期四: 11:00 – 21:00 | 星期五: 11:00 – 21:00 | 星期六: 11:00 – 21:00 | 星期日: 11:00 – 21:00",台北市,中正區
茶比寵物旅館 〔 中和寵物住宿 〕,235台灣新北市中和區景平路559號,02 8245 2232,https://www.facebook.com/chubbypethotel?mibextid=LQQJ4d,4.9,81,星期一: 09:00 – 20:00 | 星期二: 09:00 – 20:00 | 星期三: 09:00 – 20:00 | 星期四: 09:00 – 20:00 | 星期五: 09:00 – 20:00 | 星期六: 09:00 – 20:00 | 星期日: 09:00 – 20:00,台北市,中正區
呼嚕嚕貓旅,241台灣新北市三重區重新路三段26號,02 2972 8805,,5,15,星期一: 11:30 – 20:30 | 星期二: 11:30 – 20:30 | 星期三: 11:30 – 20:30 | 星期四: 11:30 – 20:30 | 星期五: 11:30 – 20:30 | 星期六: 11:30 – 20:30 | 星期日: 11:30 – 20:30,台北市,中正區
肥貓家貓舍/永和貓旅館/貓咪美容(預約制),234台灣新北市永和區中正路271號3樓,02 8231 7088,https://lin.ee/bX5sn4C,5,106,星期一: 10:00 – 19:30 | 星期二: 10:00 – 19:30 | 星期三: 10:00 – 19:30 | 星期四: 10:00 – 19:30 | 星期五: 10:00 – 19:30 | 星期六: 10:00 – 19:30 | 星期日: 10:00 – 19:30,台北市,中正區
小花貓 貓宿 貓咪住宿 貓咪旅館 寵物旅館,116台灣台北市文山區景興路223號,02 2933 8515,https://www.facebook.com/notes/%E5%B0%8F%E8%8A%B1%E8%B2%93-%E8%B2%93%E5%AE%BF-cats-pajamas-hostel/%E5%B0%8F%E8%8A%B1%E8%B2%93-%E8%B2%93%E5%AE%BF%E8%B3%87%E8%A8%8A%E6%95%B4%E7%90%86%E7%BD%AE%E9%A0%82%E6%96%87180815%E7%89%88/1280771521943661/,4.8,57,星期一: 11:00 – 21:00 | 星期二: 11:00 – 21:00 | 星期三: 休息 | 星期四: 11:00 – 21:00 | 星期五: 11:00 – 21:00 | 星期六: 12:00 – 20:00 | 星期日: 12:00 – 20:00,台北市,中正區
D&Y 寵物美容時尚旅店,10491台灣台北市中山區中山北路三段55巷22號,02 2592 3252,,4.7,287,星期一: 08:00 – 22:00 | 星期二: 08:00 – 22:00 | 星期三: 08:00 – 22:00 | 星期四: 08:00 – 22:00 | 星期五: 08:00 – 22:00 | 星期六: 08:00 – 22:00 | 星期日: 08:00 – 22:00,台北市,中正區
WE CAT喵旅/貓旅館 、美容、安親、用品,23450台灣新北市永和區福和路167號2 F,0909 578 920,https://wecat.17shot.com/,5,50,星期一: 11:30 – 19:30 | 星期二: 11:30 – 19:30 | 星期三: 11:30 – 19:30 | 星期四: 11:30 – 19:30 | 星期五: 11:30 – 19:30 | 星期六: 11:30 – 19:30 | 星期日: 11:30 – 19:30,台北市,中正區
THE CAT 貓・旅店｜貓旅館·寵物美容,106台灣台北市大安區信義路四段293號2樓,,https://www.instagram.com/,4.9,97,星期一: 11:00 – 19:00 | 星期二: 11:00 – 19:00 | 星期三: 11:00 – 19:00 | 星期四: 11:00 – 19:00 | 星期五: 11:00 – 19:00 | 星期六: 11:00 – 19:00 | 星期日: 11:00 – 19:00,台北市,中正區
嗷嗚寵物旅館,104台灣台北市中山區新生北路三段84巷25號1樓,,https://auwoodogshotel.weebly.com/,4.9,19,,台北市,中正區
搖擺狗寵物美容住宿,110台灣台北市信義區光復南路417之4號,02 2345 3383,,5,15,星期一: 11:00 – 18:30 | 星期二: 休息 | 星期三: 11:00 – 20:00 | 星期四: 11:00 – 20:00 | 星期五: 11:00 – 20:00 | 星期六: 11:00 – 20:00 | 星期日: 11:00 – 20:00,台北市,中正區
胖狗屋寵物旅館,234台灣新北市永和區永貞路85號,02 2928 0365,http://www.pangohouse.com/,4.8,69,星期一: 11:00 – 21:00 | 星期二: 11:00 – 21:00 | 星期三: 11:00 – 21:00 | 星期四: 11:00 – 21:00 | 星期五: 11:00 – 21:00 | 星期六: 11:00 – 21:00 | 星期日: 11:00 – 21:00,台北市,中正區
金狗錐狗狗寵物旅館（預約制）小型犬安親住宿、狗狗美容,105台灣台北市松山區南京東路五段163-4號,02 2749 4873,https://www.facebook.com/105885414560021/posts/130438382104724/?extid=ZJOZ242l9TrCRuqG&d=n,5,58,星期一: 09:00 – 21:00 | 星期二: 09:00 – 21:00 | 星期三: 09:00 – 21:00 | 星期四: 09:00 – 21:00 | 星期五: 09:00 – 21:00 | 星期六: 09:00 – 21:00 | 星期日: 09:00 – 21:00,台北市,中正區
毛小愛三重區中正南路寵物保姆-客製化寵物照護/到府照護/陪狗狗散步/寵物旅館以外的選擇！,241台灣新北市三重區中正南路82號,0983 397 833,https://fluv.com/profiles/Ww5FB65papQYqvYCdcZ8lO0WKsi2?action=share&openExternalBrowser=1,,,星期一: 09:00 – 21:00 | 星期二: 09:00 – 21:00 | 星期三: 09:00 – 21:00 | 星期四: 09:00 – 21:00 | 星期五: 09:00 – 21:00 | 星期六: 09:00 – 21:00 | 星期日: 09:00 – 21:00,台北市,中正區
狗窩窩愛犬旅社(寵物旅館/狗狗美容/狗狗住宿/寵物安親/狗狗洗澡),105台灣台北市松山区民生东路五段137巷2-5號1樓,02 2766 6185,https://www.facebook.com/WoofinnDogHotel/,4.7,75,星期一: 08:00 – 21:00 | 星期二: 08:00 – 21:00 | 星期三: 08:00 – 21:00 | 星期四: 08:00 – 21:00 | 星期五: 08:00 – 21:00 | 星期六: 08:00 – 21:00 | 星期日: 08:00 – 21:00,台北市,中正區
Amazing Dog 好狗狗｜寵物訓練｜寵物旅館,235024台灣新北市中和區中原街106號,02 8221 1683,https://instagram.com/amazingdog.training.hotel?igshid=YTQwZjQ0NmI0OA==,4.9,62,星期一: 09:00 – 20:00 | 星期二: 09:00 – 20:00 | 星期三: 09:00 – 20:00 | 星期四: 09:00 – 20:00 | 星期五: 09:00 – 20:00 | 星期六: 09:00 – 20:00 | 星期日: 09:00 – 20:00,台北市,中正區
GuGu House 寵物旅館,10462台灣台北市中山區敬業一路160號,02 8502 1008,http://guguhouse.com/,4.7,70,星期一: 10:00 – 20:00 | 星期二: 10:00 – 20:00 | 星期三: 10:00 – 20:00 | 星期四: 10:00 – 20:00 | 星期五: 10:00 – 20:00 | 星期六: 10:00 – 20:00 | 星期日: 10:00 – 20:00,台北市,中正區
新北市 板橋 澎澎寵物旅館,22052台灣新北市板橋區新生街29巷15弄2號1樓,0926 876 651,https://m.facebook.com/pongpong168/,4.9,374,星期一: 11:00 – 20:30 | 星期二: 11:00 – 20:30 | 星期三: 11:00 – 20:30 | 星期四: 11:00 – 20:30 | 星期五: 11:00 – 20:30 | 星期六: 11:00 – 20:30 | 星期日: 11:00 – 20:30,台北市,中正區
集寵文旅。睡覺間 寵物安親||貓狗住宿|手做鮮食.零食-文山寵物住宿|寵物安親|寵物鮮食|寵物照護|寵物安養|寵物旅館|寵物美容,11645台灣台北市文山區木柵路二段27號,02 2939 8586,https://www.facebook.com/petlovehotel/,4.9,55,星期一: 10:30 – 19:30 | 星期二: 10:30 – 19:30 | 星期三: 10:30 – 19:30 | 星期四: 10:30 – 19:30 | 星期五: 10:30 – 19:30 | 星期六: 10:30 – 19:30 | 星期日: 10:30 – 19:30,台北市,中正區
狗狗好乖寵物旅館,115台灣台北市南港區玉成街4號,02 2783 5005,https://www.facebook.com/PerfectPawsHotel,4.6,72,星期一: 08:10 – 21:00 | 星期二: 08:10 – 21:00 | 星期三: 08:10 – 21:30 | 星期四: 08:10 – 21:00 | 星期五: 08:10 – 21:00 | 星期六: 08:10 – 21:00 | 星期日: 08:10 – 21:00,台北市,中正區
捉迷腸寵物館 - 新北(寵物旅館服務，寵物沙龍，寵物美容店推薦，長毛臘腸犬舍，長毛臘腸，達克斯犬舍，到府寵物保姆),235台灣新北市中和區大勇街25巷15弄13號,0970 732 392,https://www.facebook.com/dooooooglove/?ref=pages_you_manage,5,50,星期一: 休息 | 星期二: 10:00 – 19:00 | 星期三: 10:00 – 19:00 | 星期四: 10:00 – 19:00 | 星期五: 10:00 – 19:00 | 星期六: 10:00 – 19:00 | 星期日: 10:00 – 19:00,台北市,中正區
"貓咪摸摸茶Cat Patting House ～貓咪寄養, 咖啡 &瑜珈",104台灣台北市中山區林森北路413號8F之21,0963 056 278,https://www.instagram.com/willyyyghaur/,5,92,星期一: 14:00 – 19:30 | 星期二: 休息 | 星期三: 休息 | 星期四: 休息 | 星期五: 13:00 – 19:00 | 星期六: 13:00 – 20:00 | 星期日: 13:00 – 19:00,台北市,中正區
貓悅居貓旅館(採預約制),241台灣新北市三重區重陽路三段5巷28-2號,02 2986 1200,https://www.facebook.com/maoyueju,5,140,星期一: 10:00 – 20:00 | 星期二: 10:00 – 20:00 | 星期三: 10:00 – 20:00 | 星期四: 10:00 – 20:00 | 星期五: 10:00 – 20:00 | 星期六: 10:00 – 20:00 | 星期日: 10:00 – 20:00,台北市,中正區
樓上遇見貓｜台北專業純貓旅館｜採光獨立空間房間型｜高cp寄宿安親推薦｜近南京復興三民站｜貓咪安養認養領養中途｜貓生活用品飼料,105台灣台北市松山区光复北路38號2樓,02 2578 7708,https://my.matterport.com/show/?m=E63cPZ6ASft,4.9,86,星期一: 12:00 – 19:00 | 星期二: 12:00 – 19:00 | 星期三: 12:00 – 19:00 | 星期四: 12:00 – 19:00 | 星期五: 12:00 – 19:00 | 星期六: 12:00 – 19:00 | 星期日: 12:00 – 19:00,台北市,中正區
愛貓成癮 • CAT HOTEL & CAFÉ－五星級頂級貓旅館｜住宿｜貓咪寵物咖啡廳｜台北信義區｜市政府捷運站,110台灣台北市信義區莊敬路342號2樓,02 2758 8958,https://www.iamcataholic.com/,4.9,190,星期一: 12:00 – 20:00 | 星期二: 12:00 – 20:00 | 星期三: 12:00 – 20:00 | 星期四: 12:00 – 20:00 | 星期五: 12:00 – 20:00 | 星期六: 12:00 – 20:00 | 星期日: 12:00 – 20:00,台北市,中正區
有毛公寓Apt.Meow｜貓咪專門旅館,105台灣台北市松山區八德路四段649號2樓,02 2746 6707,https://aptmeow.tw/,4.9,51,星期一: 12:00 – 20:00 | 星期二: 12:00 – 20:00 | 星期三: 12:00 – 20:00 | 星期四: 12:00 – 20:00 | 星期五: 12:00 – 20:00 | 星期六: 12:00 – 20:00 | 星期日: 12:00 – 20:00,台北市,中正區
貓室友 Catroommate 貓旅館 台北貓住宿,11159台灣台北市士林區文林路512-1號1樓,0989 935 571,http://www.cat-roommate.com/,4.9,127,星期一: 12:00 – 20:00 | 星期二: 12:00 – 20:00 | 星期三: 12:00 – 20:00 | 星期四: 12:00 – 20:00 | 星期五: 12:00 – 20:00 | 星期六: 12:00 – 20:00 | 星期日: 12:00 – 20:00,台北市,中正區
私房貓旅 The Cat Inn．七星級管家式貓咪旅館,241台灣新北市三重區五華街218號1樓,02 2857 0009,https://www.thecatinn.vip/,5,177,星期一: 11:00 – 20:30 | 星期二: 11:00 – 20:30 | 星期三: 11:00 – 20:30 | 星期四: 11:00 – 20:30 | 星期五: 11:00 – 20:30 | 星期六: 11:00 – 20:30 | 星期日: 11:00 – 20:30,台北市,中正區
就是貓旅館,116台灣台北市文山區木柵路三段85巷23弄18號,02 2234 1487,https://m.facebook.com/JustCatHotel/,5,53,星期一: 13:00 – 20:00 | 星期二: 13:00 – 20:00 | 星期三: 13:00 – 20:00 | 星期四: 休息 | 星期五: 13:00 – 20:00 | 星期六: 13:00 – 19:30 | 星期日: 13:00 – 19:30,台北市,中正區
日巷貓旅｜貓旅館｜寵物旅館｜行李寄放,11568台灣台北市南港區南港路一段287巷2弄6號1樓,0905 050 700,https://sunalley6.wixsite.com/cathotel,5,76,星期一: 11:00 – 21:00 | 星期二: 11:00 – 21:00 | 星期三: 11:00 – 21:00 | 星期四: 11:00 – 21:00 | 星期五: 11:00 – 21:00 | 星期六: 11:00 – 21:00 | 星期日: 11:00 – 21:00,台北市,中正區
Meow Fun House 喵房精緻貓旅館,11577台灣台北市南港区八德路四段917號1樓,0983 553 168,https://meowfunhouse.com.tw/,4.9,70,星期一: 11:30 – 19:30 | 星期二: 11:30 – 19:30 | 星期三: 11:30 – 19:30 | 星期四: 11:30 – 19:30 | 星期五: 11:30 – 19:30 | 星期六: 11:30 – 19:30 | 星期日: 11:30 – 19:30,台北市,中正區
喵喵屋貓咪旅館,"3樓, No. 618號八德路四段松山區台北市台灣 105",02 2763 6300,https://www.facebook.com/miauwoo,4.7,125,星期一: 12:00 – 20:30 | 星期二: 12:00 – 20:30 | 星期三: 12:00 – 20:00 | 星期四: 12:00 – 20:30 | 星期五: 12:00 – 20:30 | 星期六: 12:00 – 20:30 | 星期日: 12:00 – 20:00,台北市,中正區
貓寓寵物美容旅館,234台灣新北市永和區仁愛路287號,02 2929 6000,https://lin.ee/O933eG4,4.6,30,星期一: 休息 | 星期二: 10:00 – 19:00 | 星期三: 10:00 – 19:00 | 星期四: 10:00 – 19:00 | 星期五: 10:00 – 19:00 | 星期六: 10:00 – 19:00 | 星期日: 10:00 – 21:00,台北市,中正區
專業貓咪保姆/到府照護/可長期配合/寵物旅館/過年有空/毛小愛平台下單,111台灣台北市士林區中正路707巷7-1號,0908 708 372,https://fluv.com/,5,17,星期一: 09:00 – 17:00 | 星期二: 09:00 – 17:00 | 星期三: 09:00 – 17:00 | 星期四: 09:00 – 17:00 | 星期五: 09:00 – 17:00 | 星期六: 09:00 – 17:00 | 星期日: 09:00 – 17:00,台北市,中正區
毛起來住寵物旅館 新北市板橋狗貓住宿,220台灣新北市板橋區富山街89號,0919 330 540,http://www.m769hotel.com/,4.9,290,星期一: 10:00 – 20:00 | 星期二: 10:00 – 20:00 | 星期三: 10:00 – 20:00 | 星期四: 10:00 – 20:00 | 星期五: 10:00 – 20:00 | 星期六: 10:00 – 20:00 | 星期日: 10:00 – 20:00,台北市,中正區
狗狗家 Doghome Hotel,103台灣台北市大同區華陰街73號,02 2555 1513,https://www.facebook.com/doghome99,4.8,71,,台北市,大同區
喵屋貓住宿工作室,241台灣新北市三重區仁愛街245巷28號3樓,0918 989 650,http://cp43052.pixnet.net/blog,5,13,,台北市,大同區
貓の行館 貓旅館（預約制）,241台灣新北市三重區忠孝路二段79號,02 2988 8557,http://www.catsonlyvilla.com/,4.9,132,,台北市,大同區
酉家寵物旅館,111台灣台北市士林區士東路18號1樓,02 2834 1296,http://yuepet2019.com.tw/,4.6,58,星期一: 10:00 – 20:00 | 星期二: 10:00 – 20:00 | 星期三: 10:00 – 20:00 | 星期四: 10:00 – 20:00 | 星期五: 10:00 – 20:00 | 星期六: 10:00 – 20:00 | 星期日: 10:00 – 20:00,台北市,大同區
MOMO寵物旅館 住宿全天不關籠 開放大空間,241台灣新北市三重區永安北路二段107號1F,02 2857 0755,http://www.momopethotel.com/,4.6,84,星期一: 10:00 – 21:00 | 星期二: 10:00 – 21:00 | 星期三: 10:00 – 21:00 | 星期四: 10:00 – 21:00 | 星期五: 10:00 – 21:00 | 星期六: 10:00 – 21:00 | 星期日: 10:00 – 21:00,台北市,大同區
3天2夜寵物旅館、美容Spa,104台灣台北市中山區樂群三路73號2樓,02 8501 5649,,4.4,45,星期一: 08:00 – 19:00 | 星期二: 08:00 – 19:00 | 星期三: 08:00 – 19:00 | 星期四: 08:00 – 19:00 | 星期五: 08:00 – 19:00 | 星期六: 08:00 – 19:00 | 星期日: 08:00 – 19:00,台北市,大同區
一簍毛YiLouMao 小動物按摩 安親住宿 夜間保姆,111台灣台北市士林區天母西路No. 3號5樓,,https://instagram.com/yiloumao?igshid=YzcxN2Q2NzY0OA==,5,25,星期一: 10:00 – 20:00 | 星期二: 10:00 – 20:00 | 星期三: 10:00 – 20:00 | 星期四: 10:00 – 20:00 | 星期五: 10:00 – 20:00 | 星期六: 10:00 – 20:00 | 星期日: 10:00 – 20:00,台北市,大同區
犬之森寵物精品旅舍,114台灣台北市內湖區成功路二段412號,02 2794 8566,https://www.facebook.com/profile.php?id=61556579455811&mibextid=JRoKGi,5,25,星期一: 09:00 – 20:00 | 星期二: 休息 | 星期三: 09:00 – 20:00 | 星期四: 09:00 – 20:00 | 星期五: 09:00 – 20:00 | 星期六: 09:00 – 20:00 | 星期日: 09:00 – 20:00,台北市,大同區
喵汪美安宿-天母旗艦館 犬貓寵物美容 | 安親住宿 | 溫水舒緩泳池 國寶寵物,111台灣台北市士林區中山北路七段20號,02 2872 1089,,5,81,星期一: 10:00 – 19:00 | 星期二: 10:00 – 19:00 | 星期三: 10:00 – 19:00 | 星期四: 10:00 – 19:00 | 星期五: 10:00 – 19:00 | 星期六: 10:00 – 19:00 | 星期日: 10:00 – 19:00,台北市,大同區
洛芙寵物旅館 Loft Dog Hotel,241台灣新北市三重區吉祥街6號,02 2857 7276,https://m.facebook.com/loftdoghotel/,4.5,87,星期一: 09:00 – 21:00 | 星期二: 09:00 – 21:00 | 星期三: 09:00 – 21:00 | 星期四: 09:00 – 21:00 | 星期五: 09:00 – 21:00 | 星期六: 09:00 – 21:00 | 星期日: 09:00 – 21:00,台北市,大同區
卡哇伊寵物旅館,241台灣新北市三重區自強路二段20號,02 2980 9812,http://kawaiipet.com.tw/,4.3,96,星期一: 11:00 – 19:00 | 星期二: 休息 | 星期三: 11:00 – 19:00 | 星期四: 11:00 – 19:00 | 星期五: 11:00 – 19:00 | 星期六: 11:00 – 19:00 | 星期日: 11:00 – 19:00,台北市,大同區
星沐精緻寵物美容-住宿安親|一對一|純手吹無烘箱|皮毛調理SPA|預約|台北松山區|松山機場,105台灣台北市松山區民權東路三段156號,02 2712 7709,https://www.facebook.com/profile.php?id=100089192907262&mibextid=LQQJ4d,5,71,星期一: 11:00 – 20:00 | 星期二: 11:00 – 20:00 | 星期三: 休息 | 星期四: 11:00 – 20:00 | 星期五: 11:00 – 20:00 | 星期六: 11:00 – 20:00 | 星期日: 11:00 – 20:00,台北市,中山區
可麗貓旅 Cozy Pets Cats Hotel,10462台灣台北市中山區明水路672巷36號1樓,02 8502 3881,,4.9,28,星期一: 12:00 – 20:00 | 星期二: 12:00 – 20:00 | 星期三: 12:00 – 20:00 | 星期四: 12:00 – 20:00 | 星期五: 12:00 – 20:00 | 星期六: 12:00 – 20:00 | 星期日: 12:00 – 20:00,台北市,中山區
bibiQ puppy learning & care 狗狗幼兒園＆旅館,10491台灣台北市中山區樂群二路279號,,,4.4,25,,台北市,中山區
好時光寵物旅館,11490台灣台北市內湖區民權東路六段170號號 1F,02 8791 7135,https://www.goodtimeph.com/,4.3,371,星期一: 09:30 – 21:30 | 星期二: 09:30 – 21:30 | 星期三: 09:30 – 21:30 | 星期四: 09:30 – 21:30 | 星期五: 09:30 – 21:30 | 星期六: 09:30 – 21:30 | 星期日: 09:30 – 21:30,台北市,中山區
LULU寵物旅館/過年有空/陪同散步/代理鏟屎官/貓狗到府陪玩照護/毛小愛/加line諮詢,105台灣台北市松山區民生東路五段221號,0908 708 372,https://fluv.com/,5,20,星期一: 09:00 – 21:00 | 星期二: 09:00 – 21:00 | 星期三: 09:00 – 21:00 | 星期四: 09:00 – 21:00 | 星期五: 09:00 – 21:00 | 星期六: 24 小時營業 | 星期日: 24 小時營業,台北市,中山區
李老師 貓住宿/竉物旅館-只有貓,114台灣台北市内湖区成功路四段182巷8弄7號1樓,02 2634 1985,https://m.facebook.com/%E6%9D%8E%E8%80%81%E5%B8%AB%E6%84%9B%E8%B2%93%E6%88%BF-211833133002125/,4.7,20,星期一: 10:30 – 21:00 | 星期二: 10:30 – 21:00 | 星期三: 10:30 – 21:00 | 星期四: 10:30 – 21:00 | 星期五: 10:30 – 21:00 | 星期六: 10:30 – 21:00 | 星期日: 10:30 – 21:00,台北市,中山區
宅貓寓所貓旅館,235台灣新北市中和區中山路三段20號1樓,0939 999 560,https://www.home-cat-home.com.tw/,5,101,星期一: 11:00 – 20:00 | 星期二: 11:00 – 20:00 | 星期三: 11:00 – 20:00 | 星期四: 11:00 – 20:00 | 星期五: 11:00 – 20:00 | 星期六: 11:00 – 20:00 | 星期日: 11:00 – 20:00,台北市,中山區
星空貓旅,220台灣新北市板橋區長江路一段136巷10號,0900 615 571,https://m.facebook.com/starhousecat/,5,50,星期一: 09:30 – 22:00 | 星期二: 09:30 – 22:00 | 星期三: 09:30 – 22:00 | 星期四: 09:30 – 22:00 | 星期五: 09:30 – 22:30 | 星期六: 09:30 – 22:00 | 星期日: 09:30 – 22:00,台北市,中山區
日夜寵物照顧/好溝通好配合/寵物旅館預約/陪同就醫/加line諮詢毛小愛平台下單諮詢,115台灣台北市南港區八德路四段925號,,https://fluv.com/,5,20,星期一: 24 小時營業 | 星期二: 24 小時營業 | 星期三: 24 小時營業 | 星期四: 24 小時營業 | 星期五: 24 小時營業 | 星期六: 24 小時營業 | 星期日: 24 小時營業,台北市,中山區
小客廳寵物旅館 The Living Room Pet Hotel,114台灣台北市內湖區成功路四段30巷19號,02 8791 8081,https://info033269.wixsite.com/thelivingroomtw,4.8,112,星期一: 08:15 – 21:00 | 星期二: 08:15 – 21:00 | 星期三: 08:15 – 21:00 | 星期四: 08:15 – 21:00 | 星期五: 08:15 – 21:00 | 星期六: 09:00 – 21:00 | 星期日: 09:00 – 21:00,台北市,中山區
WOOF DOG HOTEL,114台灣台北市內湖區南京東路六段Section 451巷23號,02 2795 2671,https://www.woofdoghotel.com.tw/,4.5,85,星期一: 09:00 – 20:00 | 星期二: 09:00 – 20:00 | 星期三: 09:00 – 20:00 | 星期四: 09:00 – 20:00 | 星期五: 09:00 – 20:00 | 星期六: 09:00 – 20:00 | 星期日: 09:00 – 20:00,台北市,中山區
HIGH PETS CLUB 真善美雅舍《推薦寵物美容》松山區寵物住宿安親寄宿 寵物造型美容 呂惠真寵物美容教學 寵物買賣 寵物旅館,105台灣台北市松山區八德路四段620號,02 2746 8558,https://www.highpets.club/,5,34,星期一: 10:00 – 21:00 | 星期二: 10:00 – 21:00 | 星期三: 10:00 – 21:00 | 星期四: 10:00 – 21:00 | 星期五: 10:00 – 21:00 | 星期六: 10:00 – 21:00 | 星期日: 10:00 – 21:00,台北市,松山區
翻肚肚澡堂（寵物美容／住宿／安親）,105台灣台北市松山區民生東路五段202-1號,02 2765 8131,https://www.facebook.com/profile.php?id=61558756547505,5,12,星期一: 10:00 – 20:00 | 星期二: 10:00 – 20:00 | 星期三: 10:00 – 20:00 | 星期四: 10:00 – 20:00 | 星期五: 10:00 – 20:00 | 星期六: 10:00 – 20:00 | 星期日: 10:00 – 19:00,台北市,松山區
逗貓坊·純貓店·貓旅館｜無麻醉安撫兇貓專科貓美容｜貓住宿｜貓洗澡｜貓剃毛｜貓精品｜台北,110台灣台北市信義區永吉路380號1樓,02 2768 6348,https://lin.ee/qof6j56A,4.9,190,星期一: 13:30 – 21:30 | 星期二: 13:30 – 21:30 | 星期三: 13:30 – 21:30 | 星期四: 13:30 – 21:30 | 星期五: 13:30 – 21:30 | 星期六: 13:30 – 21:30 | 星期日: 休息,台北市,松山區
汪福寵物美容•旅館 Woof Pet Salon • Hotel,114台灣台北市內湖區文德路208巷20號,02 8751 2789,,5,41,星期一: 10:00 – 20:00 | 星期二: 休息 | 星期三: 10:00 – 20:00 | 星期四: 10:00 – 20:00 | 星期五: 10:00 – 20:00 | 星期六: 10:00 – 20:00 | 星期日: 10:00 – 20:00,台北市,松山區
寵物華爾滋 －台北大安區 (寵物按摩，寵物安親，寵物住宿，寵物美容，老犬照護) 旗艦店,106台灣台北市大安区安和路二段41號1樓,02 2711 7248,http://www.petswaltz.com/,5,68,星期一: 休息 | 星期二: 10:00 – 19:30 | 星期三: 10:00 – 19:30 | 星期四: 10:00 – 19:30 | 星期五: 10:00 – 19:30 | 星期六: 10:00 – 19:30 | 星期日: 10:00 – 19:30,台北市,松山區
DYNASTY朝代狗狗沙龍&安親照護-狗狗美容|老犬照護|一對一服務|純手吹服務|台北大安區|六張犁捷運站,106033台灣台北市大安區基隆路二段232號,0910 198 875,https://www.instagram.com/dynastycorporation2024/,5,26,星期一: 09:30 – 19:00 | 星期二: 09:30 – 19:00 | 星期三: 09:30 – 19:00 | 星期四: 09:30 – 19:00 | 星期五: 09:30 – 19:00 | 星期六: 09:30 – 19:00 | 星期日: 09:30 – 19:00,台北市,大安區
Tiere堤柇 寵物住宿/寵物SPA,220台灣新北市板橋區文聖街194號1F,02 2250 1377,https://zh-tw.facebook.com/tiere.pethotel/,4.6,252,星期一: 09:00 – 21:00 | 星期二: 09:00 – 21:00 | 星期三: 09:00 – 21:00 | 星期四: 09:00 – 21:00 | 星期五: 09:00 – 21:00 | 星期六: 09:00 – 21:00 | 星期日: 09:00 – 21:00,台北市,萬華區
Pet 伴寵物旅舍,235台灣新北市中和區員山路483號,02 2228 6909,https://www.facebook.com/pg/Pet-%E4%BC%B4-%E5%AF%B5%E7%89%A9%E6%97%85%E8%88%8D-%E6%96%B0%E5%8C%97%E7%89%B9%E5%AF%B5584%E8%99%9F-1901709803430302/about/?ref=page_internal,4.8,32,星期一: 11:00 – 20:00 | 星期二: 11:00 – 20:00 | 星期三: 休息 | 星期四: 11:00 – 20:00 | 星期五: 11:00 – 20:00 | 星期六: 11:00 – 20:00 | 星期日: 11:00 – 20:00,台北市,萬華區
Go house寵物旅館,220台灣新北市板橋區仁化街42巷5弄1號,,https://lin.ee/i65aA6p,5,7,星期一: 10:00 – 20:00 | 星期二: 10:00 – 20:00 | 星期三: 休息 | 星期四: 10:00 – 20:00 | 星期五: 10:00 – 20:00 | 星期六: 11:00 – 20:00 | 星期日: 11:00 – 20:00,台北市,萬華區
回家·貓旅館,220台灣新北市板橋區松柏街1巷13號,02 2255 0011,https://www.facebook.com/miaohome/,4.9,88,星期一: 13:00 – 20:00 | 星期二: 13:00 – 20:00 | 星期三: 13:00 – 20:00 | 星期四: 13:00 – 20:00 | 星期五: 13:00 – 20:00 | 星期六: 13:00 – 20:00 | 星期日: 13:00 – 20:00,台北市,萬華區
貓肥家貓咪旅館 / 板橋新埔,220台灣新北市板橋區文化路二段45號,02 2250 2567,https://www.catfathotel.com/,4.9,264,星期一: 13:00 – 20:30 | 星期二: 13:00 – 20:30 | 星期三: 13:00 – 20:30 | 星期四: 13:00 – 20:30 | 星期五: 13:00 – 20:30 | 星期六: 13:00 – 20:30 | 星期日: 13:00 – 20:30,台北市,萬華區
毛小愛寵物保姆/過年有空/不關籠寄宿/到府服務/寵物貓狗到府美容,220台灣新北市板橋區莒光路78巷17號,,https://liff.line.me/1645278921-kWRPP32q/?accountId=fluv.tw,5,16,星期一: 24 小時營業 | 星期二: 24 小時營業 | 星期三: 24 小時營業 | 星期四: 24 小時營業 | 星期五: 24 小時營業 | 星期六: 24 小時營業 | 星期日: 24 小時營業,台北市,萬華區
Dora朵菈寵物旅館,24250台灣新北市新莊區思源路166巷41號,02 2279 9891,https://www.facebook.com/dora.pets.life,4.9,26,星期一: 11:00 – 21:00 | 星期二: 11:00 – 21:00 | 星期三: 休息 | 星期四: 11:00 – 21:00 | 星期五: 11:00 – 21:00 | 星期六: 休息 | 星期日: 11:00 – 21:00,台北市,萬華區
窩在一起 寵物旅館,220台灣新北市板橋區長江路2段217巷2弄2號1樓,0919 211 063,https://staytogetherpethotel.com/,5,4,星期一: 10:00 – 20:00 | 星期二: 10:00 – 20:00 | 星期三: 10:00 – 20:00 | 星期四: 10:00 – 20:00 | 星期五: 10:00 – 20:00 | 星期六: 10:00 – 20:00 | 星期日: 10:00 – 20:00,台北市,萬華區
板橋享沐寵物美容旅館PET SPA HOTEL(鄰近新埔捷運站),220台灣新北市板橋區光武街40號,02 2258 8338,https://www.enjoybath.com.tw//,4.9,84,星期一: 休息 | 星期二: 10:00 – 19:00 | 星期三: 10:00 – 19:00 | 星期四: 10:00 – 19:00 | 星期五: 10:00 – 19:00 | 星期六: 10:00 – 19:00 | 星期日: 10:00 – 19:00,台北市,萬華區
Neko house 享窩窩貓旅工作室,"1f No. 10號, 長江路一段136巷板橋區新北市台灣 220",0963 477 721,http://starhousecat.com/,5,347,星期一: 08:30 – 22:30 | 星期二: 08:30 – 22:30 | 星期三: 08:30 – 22:30 | 星期四: 08:30 – 22:30 | 星期五: 08:30 – 22:30 | 星期六: 08:30 – 22:30 | 星期日: 08:30 – 22:30,台北市,萬華區
吾悠喵旅-純貓咪旅館（預約制）,235台灣新北市中和區中正路210號,,https://lin.ee/cNgsPih,5,27,星期一: 12:00 – 19:30 | 星期二: 12:00 – 19:30 | 星期三: 12:00 – 19:30 | 星期四: 12:00 – 19:30 | 星期五: 12:00 – 19:30 | 星期六: 12:00 – 19:30 | 星期日: 12:00 – 19:30,台北市,萬華區
貓咚貓旅館-板橋貓旅館,220台灣新北市板橋區文化路二段441巷29號,02 2250 7083,,4.9,14,,台北市,萬華區
喵毛屋貓咪旅館 新北頂級純貓住宿推薦|獨立空間 景觀別墅 房間型|高cp寄宿 專業照顧|近捷運新埔 民生站,220台灣新北市板橋區民生路三段178號1樓,02 6604 3999,http://meowmao.com/,5,18,星期一: 12:00 – 20:00 | 星期二: 12:00 – 20:00 | 星期三: 12:00 – 20:00 | 星期四: 12:00 – 20:00 | 星期五: 12:00 – 20:00 | 星期六: 12:00 – 20:00 | 星期日: 12:00 – 20:00,台北市,萬華區
約伯行旅（貓咪旅館）,220台灣新北市板橋區民族路129巷12弄15號,02 8951 7770,,5,26,星期一: 10:00 – 17:00 | 星期二: 10:00 – 17:00 | 星期三: 10:00 – 17:00 | 星期四: 10:00 – 17:00 | 星期五: 10:00 – 17:00 | 星期六: 休息 | 星期日: 休息,台北市,萬華區
貓星球貓咪旅館 Line id:@515qujrd（幼貓寵物店）,220台灣新北市板橋區重慶路346巷5號,02 2956 0416,https://www.facebook.com/CatsPetHotel/,4.8,126,星期一: 09:00 – 22:00 | 星期二: 09:00 – 22:00 | 星期三: 09:00 – 22:00 | 星期四: 09:00 – 22:00 | 星期五: 09:00 – 22:00 | 星期六: 09:00 – 22:00 | 星期日: 09:00 – 22:00,台北市,萬華區
巴帝寵物旅店 BUDDY dog hotel & salon,220台灣新北市板橋區文化路一段136巷10號,,https://www.facebook.com/BUDDY.TAIPEI/,4.4,55,星期一: 09:30 – 21:00 | 星期二: 09:30 – 21:00 | 星期三: 09:30 – 21:00 | 星期四: 09:30 – 21:00 | 星期五: 09:30 – 21:00 | 星期六: 09:30 – 21:00 | 星期日: 09:30 – 21:00,台北市,萬華區
樂牧寵物旅館,242台灣新北市新莊區建興街20號,0981 668 107,https://www.facebook.com/lovemu668107,5,135,星期一: 11:00 – 21:00 | 星期二: 11:00 – 21:00 | 星期三: 11:00 – 21:00 | 星期四: 11:00 – 21:00 | 星期五: 11:00 – 21:00 | 星期六: 11:00 – 21:00 | 星期日: 11:00 – 21:00,台北市,萬華區
花襪子的家寵物旅館,111台灣台北市士林區天母北路38號,02 2871 9019,,4,29,,台北市,士林區
寵物有珈spa旅館,247台灣新北市蘆洲區集賢路224巷39-1號1樓,0958 246 789,https://www.facebook.com/Pet.SPA.Hotel.0958246789/,5,243,星期一: 10:00 – 18:30 | 星期二: 10:00 – 18:30 | 星期三: 休息 | 星期四: 休息 | 星期五: 10:00 – 18:30 | 星期六: 10:00 – 18:30 | 星期日: 10:00 – 18:30,台北市,士林區
毛小愛24hr寵物旅館/寵物保姆/一對一不關籠居家客製化寵物照顧/過年不加價,111台灣台北市士林區天母西路22巷23號,0908 708 372,https://lin.ee/W8Z6Yfk,4.8,20,星期一: 24 小時營業 | 星期二: 24 小時營業 | 星期三: 24 小時營業 | 星期四: 24 小時營業 | 星期五: 24 小時營業 | 星期六: 24 小時營業 | 星期日: 24 小時營業,台北市,士林區
Peace Pet Salon 寵物美容.安親.住宿,111台灣台北市士林區天母東路50巷20-2號,02 2876 3325,https://www.instagram.com/peacepetsalon/,4.9,145,星期一: 10:00 – 19:00 | 星期二: 10:00 – 19:00 | 星期三: 10:00 – 19:00 | 星期四: 10:00 – 19:00 | 星期五: 10:00 – 19:00 | 星期六: 10:00 – 19:00 | 星期日: 休息,台北市,士林區
LIKE 寵物旅館,247台灣新北市蘆洲區三民路593號1樓,02 8283 2222,https://www.facebook.com/share/1BZX9YqZ6h/,4.7,77,星期一: 10:00 – 21:00 | 星期二: 10:00 – 21:00 | 星期三: 10:00 – 21:00 | 星期四: 10:00 – 21:00 | 星期五: 10:00 – 21:00 | 星期六: 10:00 – 21:00 | 星期日: 10:00 – 21:00,台北市,士林區
喵了個汪寵物美容寵物住宿,112台灣台北市北投區中和街275號,02 2898 6300,https://www.meowawoof2023.com/,4.9,76,星期一: 休息 | 星期二: 休息 | 星期三: 11:00 – 20:00 | 星期四: 11:00 – 20:00 | 星期五: 11:00 – 20:00 | 星期六: 11:00 – 20:00 | 星期日: 11:00 – 20:00,台北市,士林區
愛玩犬寵物美容寵物住宿,112台灣台北市北投区中正街69號1樓,02 2892 8100,,5,17,星期一: 10:00 – 19:00 | 星期二: 10:00 – 19:00 | 星期三: 10:00 – 19:00 | 星期四: 10:00 – 19:00 | 星期五: 10:00 – 19:00 | 星期六: 10:00 – 19:00 | 星期日: 休息,台北市,士林區
DOG N US狗狗旅館,111台灣台北市士林區磺溪街21巷8號,02 2835 0822,,,,,台北市,士林區
budi® 舒狗旅 | 寵物旅館 | 寵物住宿 | 寵物安親,112台灣台北市北投區復興四路16-1號,02 2894 7985,,5,5,星期一: 10:00 – 18:00 | 星期二: 10:00 – 18:00 | 星期三: 10:00 – 18:00 | 星期四: 10:00 – 18:00 | 星期五: 10:00 – 18:00 | 星期六: 10:00 – 18:00 | 星期日: 10:00 – 18:00,台北市,士林區
黑鼻子寵物旅館,112059台灣台北市北投區自強街164號1樓,02 8791 2541,https://www.blacknosepethotel.com/,4.4,88,星期一: 08:30 – 21:00 | 星期二: 08:30 – 21:00 | 星期三: 08:30 – 21:00 | 星期四: 08:30 – 21:00 | 星期五: 08:30 – 21:00 | 星期六: 08:30 – 21:00 | 星期日: 08:30 – 21:00,台北市,士林區
蘆洲福貓-貓咪旅館,247台灣新北市蘆洲區永安南路二段98號,0903 270 855,http://www.fumao98.com.tw/,4.9,88,星期一: 09:00 – 21:00 | 星期二: 09:00 – 21:00 | 星期三: 09:00 – 21:00 | 星期四: 09:00 – 21:00 | 星期五: 09:00 – 21:00 | 星期六: 09:00 – 21:00 | 星期日: 09:00 – 21:00,台北市,士林區
好時光寵物旅館樂齡館 老犬照護,114台灣台北市內湖區民權東路六段123巷20弄5號1樓,02 8791 0053,https://www.goodtimeph.com/,5,2,星期一: 09:30 – 21:30 | 星期二: 09:30 – 21:30 | 星期三: 09:30 – 21:30 | 星期四: 09:30 – 21:30 | 星期五: 09:30 – 21:30 | 星期六: 09:30 – 21:30 | 星期日: 09:30 – 21:30,台北市,士林區
米屋寵物美容（寵物沙龍、寵物旅館、寵物造型修剪、寵物用品、寵物皮膚調理）專門店,112台灣台北市北投區北投路二段19號,02 2894 3635,https://www.facebook.com/104353514520120/,4.6,19,星期一: 11:00 – 20:00 | 星期二: 11:00 – 20:00 | 星期三: 休息 | 星期四: 休息 | 星期五: 11:00 – 20:00 | 星期六: 11:00 – 20:00 | 星期日: 11:00 – 20:00,台北市,士林區
伴伴寵物美容・安親・住宿,112台灣台北市北投區中正街68號1樓,0963 221 298,https://lin.ee/3bTjrGi,5,83,星期一: 休息 | 星期二: 休息 | 星期三: 11:00 – 20:00 | 星期四: 11:00 – 20:00 | 星期五: 11:00 – 20:00 | 星期六: 11:00 – 20:00 | 星期日: 11:00 – 20:00,台北市,士林區
Mini Boarding House 寵物旅館-[為了保持良好品質 我們都是採預約制],252台灣新北市三芝區號,0989 187 961,https://miniboardinghouse.com/,5,302,"星期一: 09:30 – 12:00, 14:00 – 21:30 | 星期二: 09:30 – 12:00, 14:00 – 21:30 | 星期三: 09:30 – 12:00, 14:00 – 21:30 | 星期四: 09:30 – 12:00, 14:00 – 21:30 | 星期五: 09:30 – 12:00, 14:00 – 21:30 | 星期六: 09:30 – 12:00, 14:00 – 21:30 | 星期日: 09:30 – 12:00, 14:00 – 21:30",台北市,士林區
好好寵物旅館,24251台灣新北市新莊區中央路108號,02 8521 6883,https://instagram.com/haohaopet?utm_medium=copy_link,4.9,152,星期一: 08:00 – 21:00 | 星期二: 08:00 – 21:00 | 星期三: 08:00 – 21:00 | 星期四: 08:00 – 21:00 | 星期五: 08:00 – 21:00 | 星期六: 08:00 – 21:00 | 星期日: 08:00 – 21:00,台北市,士林區
好運吧精緻寵物旅店,251台灣新北市淡水區大仁街33號1樓,0938 670 204,https://www.facebook.com/%E5%A5%BD%E9%81%8B%E5%90%A7%E7%B2%BE%E7%B7%BB%E5%AF%B5%E7%89%A9%E6%97%85%E5%BA%97-256259661072981/,4.9,100,星期一: 12:00 – 20:00 | 星期二: 12:00 – 20:00 | 星期三: 12:00 – 20:00 | 星期四: 12:00 – 20:00 | 星期五: 12:00 – 20:00 | 星期六: 12:00 – 20:00 | 星期日: 12:00 – 20:00,台北市,士林區
寵樂寵物旅館,247台灣新北市蘆洲區永樂街75號,02 2848 8189,https://page.line.me/936axmtd%20%20%20%ED%A0%BD%ED%B0%BE%ED%A0%B5%ED%B0%88%ED%A0%B5%ED%B0%A7%ED%A0%B5%ED%B0%AC%ED%A0%B5%ED%B0%AD%ED%A0%B5%ED%B0%9A%ED%A0%B5%ED%B0%A0%ED%A0%B5%ED%B0%AB%ED%A0%B5%ED%B0%9A%ED%A0%B5%ED%B0%A6:%20https://instagram.com/pet_happy75?igshid=NzZlODBkYWE4Ng==,4.9,43,星期一: 12:00 – 21:00 | 星期二: 12:00 – 21:00 | 星期三: 12:00 – 21:00 | 星期四: 12:00 – 21:00 | 星期五: 12:00 – 21:00 | 星期六: 12:00 – 21:00 | 星期日: 12:00 – 21:00,台北市,北投區
醬心寵物旅行館,247台灣新北市蘆洲區光復路70巷6號1樓,0952 162 733,https://lin.ee/pB6Tzky,5,27,星期一: 11:00 – 19:00 | 星期二: 休息 | 星期三: 休息 | 星期四: 11:00 – 19:00 | 星期五: 11:00 – 19:00 | 星期六: 11:00 – 19:00 | 星期日: 11:00 – 19:00,台北市,北投區
安心貓狗照護/特寵到府照護/高齡犬貓照護/寵物旅館預約/陪同就醫/加line諮詢,24156台灣新北市三重區永福街72巷11號,0968 955 361,https://fluv.me/t76r,5,2,星期一: 24 小時營業 | 星期二: 24 小時營業 | 星期三: 24 小時營業 | 星期四: 24 小時營業 | 星期五: 24 小時營業 | 星期六: 24 小時營業 | 星期日: 24 小時營業,台北市,北投區
寵物旅館Pets Hotel,112台灣台北市北投區清江路113巷,0901 039 686,,,,,台北市,北投區
狗窩GoWoof咖啡廳,112台灣台北市北投區吉利街149巷4號,02 2823 6073,https://www.instagram.com/gowoof_cafe_?igsh=MTU0bGIzejc5YmV0Mw==&utm_source=qr,5,421,星期一: 休息 | 星期二: 09:00 – 18:00 | 星期三: 09:00 – 18:00 | 星期四: 09:00 – 18:00 | 星期五: 09:00 – 18:00 | 星期六: 09:00 – 18:00 | 星期日: 09:00 – 18:00,台北市,北投區
綠洲貓旅館 Oasis Cat’s Resort,251台灣新北市淡水區北新路184巷154號,0966 501 316,https://qa777889.wixsite.com/kateshomestay,4.9,60,星期一: 10:00 – 23:00 | 星期二: 10:00 – 23:00 | 星期三: 10:00 – 23:00 | 星期四: 10:00 – 23:00 | 星期五: 10:00 – 23:00 | 星期六: 10:00 – 23:00 | 星期日: 10:00 – 23:00,台北市,北投區
狗鳥補奴鸚鵡玩具住宿館,247台灣新北市蘆洲區信義路266巷10號,0987 851 332,https://shopee.tw/mmedo,5,324,星期一: 10:00 – 21:00 | 星期二: 10:00 – 21:00 | 星期三: 10:00 – 21:00 | 星期四: 10:00 – 21:00 | 星期五: 10:00 – 21:00 | 星期六: 14:00 – 21:00 | 星期日: 休息,台北市,北投區
愛兔假期兔兔寄宿,114台灣台北市內湖區文湖街60巷34號4樓,0922 560 178,,4.9,54,星期一: 10:00 – 20:00 | 星期二: 10:00 – 20:00 | 星期三: 10:00 – 20:00 | 星期四: 10:00 – 20:00 | 星期五: 10:00 – 20:00 | 星期六: 10:00 – 20:00 | 星期日: 10:00 – 20:00,台北市,內湖區
HiGOGO非犬貓用品旅館,114台灣台北市內湖區星雲街20號,02 8792 0106,,5,58,星期一: 13:00 – 21:00 | 星期二: 休息 | 星期三: 13:00 – 21:00 | 星期四: 13:00 – 21:00 | 星期五: 13:00 – 21:00 | 星期六: 11:00 – 21:00 | 星期日: 11:00 – 21:00,台北市,內湖區
喬樂彼犬貓沙龍坊 汐止 寵物美容 住宿,221台灣新北市汐止區明峰街129號,02 2693 5856,https://chiaolovebin2016.carrd.co/,4.7,135,星期一: 11:00 – 20:00 | 星期二: 11:00 – 20:00 | 星期三: 11:00 – 20:00 | 星期四: 11:00 – 20:00 | 星期五: 11:00 – 20:00 | 星期六: 11:00 – 20:00 | 星期日: 11:00 – 20:00,台北市,內湖區
好時光寵物旅館,114台灣台北市內湖區民權東路六段123巷20弄5號,,,5,2,,台北市,內湖區
大大寵物旅館,221台灣新北市汐止區汐萬路一段19號,02 2691 8001,https://www.facebook.com/hoteldadapet/,4.9,86,星期一: 09:00 – 20:00 | 星期二: 休息 | 星期三: 09:00 – 20:00 | 星期四: 09:00 – 20:00 | 星期五: 09:00 – 20:00 | 星期六: 09:00 – 20:00 | 星期日: 09:00 – 20:00,台北市,內湖區
汐止安心貓狗照護/特寵到府照護/高齡犬貓照護/寵物旅館預約/陪同就醫/加line諮詢,221台灣新北市汐止區樟樹一路99巷5弄,,,4.7,14,星期一: 24 小時營業 | 星期二: 24 小時營業 | 星期三: 24 小時營業 | 星期四: 24 小時營業 | 星期五: 24 小時營業 | 星期六: 24 小時營業 | 星期日: 24 小時營業,台北市,內湖區
家五喵旅館,221台灣新北市汐止區水源路一段190巷9號,02 2643 5056,https://lin.ee/1V2ZfBA,5,93,,台北市,內湖區
"【預約制】樂兒精緻寵物美容/住宿/安親 Happi Ours Pet Grooming, Boarding & Daycare",114台灣台北市內湖區民權東路六段123巷34弄19號,02 2792 1719,,5,9,星期一: 10:00 – 17:00 | 星期二: 10:00 – 17:00 | 星期三: 休息 | 星期四: 休息 | 星期五: 10:00 – 17:00 | 星期六: 10:00 – 17:00 | 星期日: 10:00 – 17:00,台北市,內湖區
Furry spa&hotel 毛絨絨,114台灣台北市內湖區星雲街72號,0930 131 326,,,,星期一: 11:00 – 20:00 | 星期二: 11:00 – 20:00 | 星期三: 11:00 – 20:00 | 星期四: 11:00 – 20:00 | 星期五: 11:00 – 20:00 | 星期六: 11:00 – 20:00 | 星期日: 11:00 – 20:00,台北市,內湖區
AP寵物旅館x澡堂（寵物造型、寵物皮膚調理、寵物住宿、寵物零食、寵物保養品、寵物中途、寵物長照）,221台灣新北市汐止區吉祥街11巷8號,0924 120 216,https://linkbio.co/6060214ZXCa10,4.8,46,星期一: 12:00 – 19:00 | 星期二: 12:00 – 19:00 | 星期三: 休息 | 星期四: 12:00 – 19:00 | 星期五: 12:00 – 19:00 | 星期六: 12:00 – 19:00 | 星期日: 12:00 – 19:00,台北市,內湖區
旅行貓咪【汐止】 【貓旅館】,221台灣新北市汐止區鄉長路一段21號,0958 862 438,https://www.facebook.com/Cathoteltaipei/,5,23,星期一: 09:00 – 19:00 | 星期二: 休息 | 星期三: 09:00 – 19:00 | 星期四: 09:00 – 19:00 | 星期五: 09:00 – 19:00 | 星期六: 09:00 – 19:00 | 星期日: 09:00 – 19:00,台北市,內湖區
貓自在貓咪旅館,105台灣台北市松山區八德路三段203號2 樓,0905 198 608,https://www.facebook.com/freecat.cathotel/,4.8,37,,台北市,南港區
莫莉家寵物美容旅館-中永和貓狗住宿/美容/安親,235台灣新北市中和區景平路59-17號,02 8668 7012,https://lin.ee/xmtLQzx,4.9,60,星期一: 10:00 – 19:00 | 星期二: 10:00 – 19:00 | 星期三: 休息 | 星期四: 10:00 – 19:00 | 星期五: 10:00 – 19:00 | 星期六: 10:00 – 19:00 | 星期日: 10:00 – 19:00,台北市,文山區
虎虎放風貓咪旅館｜新店寵物旅館｜純貓住宿｜貓保姆 (預約制),231台灣新北市新店區中央五街53號,02 8667 1287,https://lin.ee/QfCRayf,5,148,星期一: 休息 | 星期二: 11:00 – 20:30 | 星期三: 11:00 – 20:30 | 星期四: 休息 | 星期五: 11:00 – 20:30 | 星期六: 11:00 – 20:30 | 星期日: 11:00 – 20:30,台北市,文山區
寵物安心照護/過年有空/散步陪玩美容餵食清潔/毛小愛寵物旅館/到府照護,234台灣新北市永和區中正路560號,,http://onelink.to/fluv,5,3,星期一: 24 小時營業 | 星期二: 24 小時營業 | 星期三: 24 小時營業 | 星期四: 24 小時營業 | 星期五: 24 小時營業 | 星期六: 24 小時營業 | 星期日: 24 小時營業,台北市,文山區
逗逗先生寵物沙龍旅館,234台灣新北市永和區得和路178號,02 8668 6751,https://m.facebook.com/MrDogPetSPA/,4.8,68,星期一: 11:00 – 20:00 | 星期二: 11:00 – 20:00 | 星期三: 休息 | 星期四: 休息 | 星期五: 11:00 – 20:00 | 星期六: 11:00 – 20:00 | 星期日: 11:00 – 20:00,台北市,文山區
狗窩專業寵物美容剪藝,116台灣台北市文山區興隆路四段86號,02 2234 2907,,4.8,49,星期一: 11:00 – 21:00 | 星期二: 11:00 – 21:00 | 星期三: 11:00 – 21:00 | 星期四: 11:00 – 21:00 | 星期五: 10:00 – 21:00 | 星期六: 10:00 – 21:00 | 星期日: 休息,台北市,文山區
