店名,地址,電話,網站,評分,評分數量,營業時間,寄宿可能性,城市,區域,類型
大安動物醫院,100台灣台北市中正區新生南路一段162號,02 2358 1199,,4.6,760,星期一: 24 小時營業 | 星期二: 24 小時營業 | 星期三: 24 小時營業 | 星期四: 24 小時營業 | 星期五: 24 小時營業 | 星期六: 24 小時營業 | 星期日: 24 小時營業,5,台北市,中正區,醫院
博愛動物醫院,100台灣台北市中正區杭州南路二段92號,02 3393 8850,http://www.poaipets.com.tw/,4.8,962,星期一: 09:30 – 21:00 | 星期二: 09:30 – 21:00 | 星期三: 09:30 – 21:00 | 星期四: 09:30 – 21:00 | 星期五: 09:30 – 21:00 | 星期六: 09:30 – 18:00 | 星期日: 休息,5,台北市,中正區,醫院
瀚生動物醫院,100台灣台北市中正區新生南路一段144-1號,02 2358 1765,https://m.facebook.com/pages/%E7%80%9A%E7%94%9F%E5%8B%95%E7%89%A9%E9%86%AB%E9%99%A2/380597015340737,4.9,1116,星期一: 09:00 – 18:00 | 星期二: 09:00 – 18:00 | 星期三: 休息 | 星期四: 09:00 – 18:00 | 星期五: 09:00 – 18:00 | 星期六: 09:00 – 17:00 | 星期日: 休息,5,台北市,中正區,醫院
古亭動物醫院,100台灣台北市中正區羅斯福路二段138號,02 2369 3373,http://vets.tw/,4.5,473,"星期一: 09:30 – 11:30, 13:30 – 17:00, 18:30 – 21:00 | 星期二: 09:30 – 11:30, 13:30 – 17:00, 18:30 – 21:00 | 星期三: 09:30 – 11:30, 13:30 – 17:00, 18:30 – 21:00 | 星期四: 09:30 – 11:30, 13:30 – 17:00, 18:30 – 21:00 | 星期五: 09:30 – 11:30, 13:30 – 17:00, 18:30 – 21:00 | 星期六: 09:30 – 11:30, 13:30 – 17:00, 18:30 – 21:00 | 星期日: 09:30 – 11:30, 13:30 – 17:00",5,台北市,中正區,醫院
康廷動物醫院,100台灣台北市中正區和平西路二段58-1號1樓,02 2309 5001,https://www.facebook.com/ContainAnimalHospital/,4.5,366,"星期一: 09:30 – 12:00, 13:30 – 17:00, 18:00 – 21:00 | 星期二: 09:30 – 12:00, 13:30 – 17:00, 18:00 – 21:00 | 星期三: 09:30 – 12:00, 13:30 – 17:00, 18:00 – 21:00 | 星期四: 09:30 – 12:00, 13:30 – 17:00, 18:00 – 21:00 | 星期五: 09:30 – 12:00, 13:30 – 17:00, 18:00 – 21:00 | 星期六: 09:30 – 12:00, 13:30 – 18:00 | 星期日: 休息",5,台北市,中正區,醫院
大安動物醫院 公館院|夜間門診至半夜1點半|24小時住院照護|急診請先來電,100台灣台北市中正區羅斯福路四段162號1樓,0966 421 927,https://daan-gongguan.com.tw/,5,127,"星期一: 09:30 – 12:30, 15:00 – 20:30, 21:00 – 01:30 | 星期二: 09:30 – 12:30, 21:00 – 01:30 | 星期三: 09:30 – 12:30, 15:00 – 20:30, 21:00 – 01:30 | 星期四: 09:00 – 12:30, 21:00 – 01:30 | 星期五: 09:30 – 12:30, 15:00 – 20:30, 21:00 – 01:30 | 星期六: 09:30 – 12:30, 15:00 – 20:30, 21:00 – 01:30 | 星期日: 09:30 – 12:30, 15:00 – 20:30, 21:00 – 01:30",5,台北市,中正區,醫院+24h急診
綠洲動物醫院 Oasis Veterinary Hospital（預約制）,100台灣台北市中正區北平東路16號1樓,02 2391 2220,https://www.oasisvets.tw/,4.8,173,"星期一: 10:00 – 12:00, 13:00 – 17:00, 18:00 – 21:00 | 星期二: 10:00 – 12:00, 13:00 – 17:00, 18:00 – 21:00 | 星期三: 10:00 – 12:00, 13:00 – 17:00, 18:00 – 21:00 | 星期四: 10:00 – 12:00, 13:00 – 17:00, 18:00 – 21:00 | 星期五: 10:00 – 12:00, 13:00 – 17:00, 18:00 – 21:00 | 星期六: 10:00 – 12:00, 13:00 – 18:00 | 星期日: 10:00 – 12:00, 13:00 – 18:00",5,台北市,中正區,醫院
紀劃動物醫院,100台灣台北市中正區和平西路一段150號,02 2521 2205,,4.6,409,星期一: 10:00 – 20:00 | 星期二: 10:00 – 20:00 | 星期三: 10:00 – 20:00 | 星期四: 10:00 – 20:00 | 星期五: 10:00 – 20:00 | 星期六: 10:00 – 20:00 | 星期日: 休息,5,台北市,中正區,醫院
台灣動物醫院,100台灣台北市中正區忠孝東路二段74號,02 2341 2128,https://www.facebook.com/taiwanVH/,4.2,195,星期一: 09:00 – 19:00 | 星期二: 09:00 – 19:00 | 星期三: 09:00 – 19:00 | 星期四: 09:00 – 19:00 | 星期五: 09:00 – 19:00 | 星期六: 09:00 – 18:00 | 星期日: 10:00 – 16:00,5,台北市,中正區,醫院
寶寶新動物醫院,100台灣台北市中正區南昌路一段39號,02 2367 7624,https://m.facebook.com/%E5%AF%B6%E5%AF%B6%E6%96%B0%E5%8B%95%E7%89%A9%E9%86%AB%E9%99%A2-%E9%87%9D%E7%81%B8-%E4%B8%AD%E8%97%A5-%E4%B8%AD%E8%A5%BF%E9%86%AB%E7%99%82-646628928811238/,4.6,118,星期一: 10:00 – 21:00 | 星期二: 10:00 – 21:00 | 星期三: 10:00 – 21:00 | 星期四: 10:00 – 21:00 | 星期五: 13:30 – 21:00 | 星期六: 10:00 – 21:00 | 星期日: 休息,5,台北市,中正區,醫院
專心動物醫院,100026台灣台北市中正區仁愛路一段47號,02 2363 3016,http://cardiospecialvh.com/,4.6,369,星期一: 10:00 – 21:30 | 星期二: 13:00 – 21:00 | 星期三: 10:00 – 18:00 | 星期四: 10:00 – 18:00 | 星期五: 10:00 – 21:30 | 星期六: 10:00 – 18:00 | 星期日: 休息,5,台北市,中正區,醫院
佑昇動物醫院,100台灣台北市中正區羅斯福路三段38號,02 2365 6729,,4.2,72,"星期一: 09:00 – 12:00, 14:00 – 21:30 | 星期二: 09:00 – 12:00, 14:00 – 21:30 | 星期三: 09:00 – 12:00, 14:00 – 21:30 | 星期四: 09:00 – 12:00, 14:00 – 21:30 | 星期五: 09:00 – 12:00, 14:00 – 21:30 | 星期六: 09:00 – 12:00, 14:00 – 21:30 | 星期日: 09:00 – 12:00, 14:00 – 16:00",5,台北市,中正區,醫院
五洲動物醫院,106台灣台北市大安區新生南路一段137-2號,02 2707 9477,http://www.petvet.com.tw/,4.4,179,星期一: 09:00 – 21:00 | 星期二: 09:00 – 21:00 | 星期三: 09:00 – 21:00 | 星期四: 09:00 – 21:00 | 星期五: 09:00 – 21:00 | 星期六: 09:00 – 21:00 | 星期日: 09:00 – 16:00,5,台北市,中正區,醫院
中正犬貓醫院,100台灣中正區重慶南路三段60號,02 2305 4880,,5,22,,5,台北市,中正區,醫院
王樣動物醫院,106台灣台北市大安區金華街217號,02 2357 0217,https://zh-cn.facebook.com/pages/%E7%8E%8B%E6%A8%A3%E5%8B%95%E7%89%A9%E9%86%AB%E9%99%A2/193504124033066,4.8,649,"星期一: 10:00 – 13:30, 16:30 – 19:00 | 星期二: 10:00 – 13:30, 16:30 – 19:00 | 星期三: 10:00 – 13:30, 16:30 – 19:00 | 星期四: 休息 | 星期五: 10:00 – 13:30, 16:30 – 19:00 | 星期六: 10:00 – 13:30, 16:30 – 19:00 | 星期日: 休息",5,台北市,中正區,醫院
萊特動物醫院-特殊寵物專科,106台灣台北市大安區辛亥路一段50號,02 2365 8628,https://www.facebook.com/profile.php?id=100086000867460,4.7,232,"星期一: 10:00 – 12:00, 13:00 – 17:00, 18:00 – 21:00 | 星期二: 10:00 – 12:00, 13:00 – 17:00, 18:00 – 21:00 | 星期三: 10:00 – 12:00, 13:00 – 17:00, 18:00 – 21:00 | 星期四: 10:00 – 12:00, 13:00 – 17:00, 18:00 – 21:00 | 星期五: 10:00 – 12:00, 13:00 – 17:00, 18:00 – 21:00 | 星期六: 10:00 – 12:00, 13:00 – 17:00, 18:00 – 21:00 | 星期日: 休息",5,台北市,中正區,醫院
大群動物醫院,116台灣台北市文山區羅斯福路六段136號1樓,02 7750 5028,http://dacyun-vet.tw/,4.3,766,星期一: 24 小時營業 | 星期二: 24 小時營業 | 星期三: 24 小時營業 | 星期四: 24 小時營業 | 星期五: 24 小時營業 | 星期六: 24 小時營業 | 星期日: 24 小時營業,5,台北市,中正區,醫院
慈愛動物醫院-台北總院,10356台灣台北市大同區寧夏路1號,02 2556 3320,https://m.facebook.com/Lkah011,3.5,720,星期一: 24 小時營業 | 星期二: 24 小時營業 | 星期三: 24 小時營業 | 星期四: 24 小時營業 | 星期五: 24 小時營業 | 星期六: 24 小時營業 | 星期日: 24 小時營業,5,台北市,中正區,醫院
來旺動物醫院,100台灣中正區重慶南路三段50號,02 2305 1120,,4.2,90,"星期一: 09:30 – 12:00, 15:00 – 17:00, 19:00 – 21:00 | 星期二: 09:30 – 12:00, 15:00 – 17:00, 19:00 – 21:00 | 星期三: 09:30 – 12:00, 15:00 – 17:00, 19:00 – 21:00 | 星期四: 09:30 – 12:00, 15:00 – 17:00, 19:00 – 21:00 | 星期五: 09:30 – 12:00, 15:00 – 17:00, 19:00 – 21:00 | 星期六: 09:30 – 12:00 | 星期日: 休息",5,台北市,中正區,醫院
長青動物醫院（預約制）,108台灣台北市萬華區廣州街78號,02 2336 9908,http://www.egah.com.tw/,4.5,963,星期一: 09:00 – 21:00 | 星期二: 09:00 – 21:00 | 星期三: 09:00 – 21:00 | 星期四: 09:00 – 21:00 | 星期五: 09:00 – 21:00 | 星期六: 09:00 – 21:00 | 星期日: 09:00 – 21:00,5,台北市,中正區,醫院
安庭動物醫院,106台灣台北市大安區金山南路二段139號東門大廈,02 2392 3655,,4.7,316,星期一: 10:30 – 19:00 | 星期二: 10:30 – 19:00 | 星期三: 10:30 – 19:00 | 星期四: 10:30 – 19:00 | 星期五: 10:30 – 19:00 | 星期六: 10:00 – 18:00 | 星期日: 休息,5,台北市,中正區,醫院
展望急診重症後送動物醫院,108台灣台北市万华区中华路二段2號一樓,02 2388 0122,,4,1133,星期一: 24 小時營業 | 星期二: 24 小時營業 | 星期三: 24 小時營業 | 星期四: 24 小時營業 | 星期五: 24 小時營業 | 星期六: 24 小時營業 | 星期日: 24 小時營業,5,台北市,中正區,醫院+24h急診
正安動物醫院,103台灣台北市大同區民權西路240號,02 2557 1757,,4.8,338,"星期一: 09:00 – 11:30, 14:00 – 20:30 | 星期二: 09:00 – 11:30, 14:00 – 20:30 | 星期三: 09:00 – 11:30, 14:00 – 20:30 | 星期四: 09:00 – 11:30, 14:00 – 20:30 | 星期五: 09:00 – 11:30, 14:00 – 20:30 | 星期六: 09:00 – 11:30, 14:00 – 17:30 | 星期日: 休息",5,台北市,中正區,醫院
凱揚動物醫院 台北市中山區 雷射 高壓氧 健康檢查 洗牙結紮 外科,104台灣台北市中山區八德路二段331號,02 2751 2218,https://www.facebook.com/Care.Veterinary/,4.9,241,"星期一: 10:00 – 13:00, 14:00 – 20:00 | 星期二: 10:00 – 13:00, 14:00 – 20:00 | 星期三: 10:00 – 13:00, 14:00 – 20:00 | 星期四: 10:00 – 13:00, 14:00 – 20:00 | 星期五: 10:00 – 13:00, 14:00 – 20:00 | 星期六: 10:00 – 13:00, 14:00 – 18:00 | 星期日: 休息",5,台北市,中正區,醫院
晨光動物醫院,103台灣台北市大同區重慶北路二段47號,02 2558 3347,http://www.petline.com.tw/petline/cgi/index_factory.cgi?t=petfactory_view&ID=11028&R23=1000&PAGEMENU=2,4.8,284,星期一: 09:30 – 21:00 | 星期二: 09:30 – 21:00 | 星期三: 09:30 – 21:00 | 星期四: 09:30 – 21:00 | 星期五: 09:30 – 21:00 | 星期六: 09:30 – 21:00 | 星期日: 休息,5,台北市,中正區,醫院
德心動物醫院,10491台灣台北市中山區八德路二段121號,02 2504 5355,,4.7,618,"星期一: 10:00 – 13:00, 14:00 – 17:30, 18:00 – 21:00 | 星期二: 10:00 – 13:00, 14:00 – 17:30, 18:00 – 21:00 | 星期三: 10:00 – 13:00, 14:00 – 17:30, 18:00 – 21:00 | 星期四: 休息 | 星期五: 10:00 – 13:00, 14:00 – 17:30, 18:00 – 21:00 | 星期六: 10:00 – 13:00, 14:00 – 17:30, 18:00 – 21:00 | 星期日: 10:00 – 13:00, 14:00 – 17:30, 18:00 – 21:00",5,台北市,中正區,醫院
沐恩動物醫院,106台灣台北市大安區辛亥路一段86號,02 2366 0203,http://www.muanamc.tw/,4.4,238,"星期一: 10:00 – 12:30, 14:00 – 21:00 | 星期二: 10:00 – 12:30, 14:00 – 21:00 | 星期三: 10:00 – 12:30, 14:00 – 21:00 | 星期四: 10:00 – 12:30, 14:00 – 21:00 | 星期五: 10:00 – 12:30, 14:00 – 21:00 | 星期六: 10:00 – 12:30, 14:00 – 21:00 | 星期日: 休息",5,台北市,中正區,醫院
小王子貓專科醫院 Prince Cat Hospital,106022台灣台北市大安區建國南路二段197號,02 2706 1297,http://www.princevets.com/,4.8,194,星期一: 10:30 – 20:00 | 星期二: 10:30 – 20:00 | 星期三: 10:30 – 20:00 | 星期四: 10:30 – 20:00 | 星期五: 10:30 – 20:00 | 星期六: 09:30 – 17:00 | 星期日: 09:30 – 17:00,5,台北市,中正區,醫院
安心動物醫院,116台灣台北市文山區羅斯福路五段17號,02 2932 6935,https://www.facebook.com/profile.php?id=100063825224729&mibextid=ZbWKwL,4.7,120,"星期一: 休息 | 星期二: 10:00 – 11:30, 15:00 – 17:30, 19:30 – 21:00 | 星期三: 10:00 – 11:30, 15:00 – 17:30, 19:30 – 21:00 | 星期四: 10:00 – 11:30, 15:00 – 17:30, 19:30 – 21:00 | 星期五: 10:00 – 11:30, 15:00 – 17:30, 19:30 – 21:00 | 星期六: 14:00 – 18:00 | 星期日: 14:00 – 18:00",5,台北市,中正區,醫院
敦品動物醫院 |犬貓專業牙科|犬貓洗牙|老狗麻醉洗牙|動物醫院推薦|犬貓內科|狗貓健檢|獸醫推薦,106台灣台北市大安区瑞安街124號1樓,02 2707 0877,https://drpet.com.tw/,4.8,283,"星期一: 12:00 – 17:30, 18:30 – 21:00 | 星期二: 12:00 – 17:30, 18:30 – 21:00 | 星期三: 12:00 – 17:30, 18:30 – 21:00 | 星期四: 12:00 – 17:30, 18:30 – 21:00 | 星期五: 12:00 – 17:30, 18:30 – 21:00 | 星期六: 12:00 – 17:30, 18:30 – 21:00 | 星期日: 休息",5,台北市,中正區,醫院
華中動物醫院,108台灣台北市萬華區萬大路227號,02 2332 8572,https://zh-tw.facebook.com/%E8%8F%AF%E4%B8%AD%E5%8B%95%E7%89%A9%E9%86%AB%E9%99%A2-111177432406358/,4.4,388,"星期一: 10:00 – 12:00, 14:00 – 18:00, 19:00 – 21:00 | 星期二: 10:00 – 12:00, 14:00 – 18:00, 19:00 – 21:00 | 星期三: 10:00 – 12:00, 14:00 – 18:00, 19:00 – 21:00 | 星期四: 10:00 – 12:00, 14:00 – 18:00, 19:00 – 21:00 | 星期五: 10:00 – 12:00, 14:00 – 18:00, 19:00 – 21:00 | 星期六: 10:00 – 12:00, 14:00 – 18:00, 19:00 – 21:00 | 星期日: 休息",5,台北市,中正區,醫院
不萊梅特殊寵物專科醫院,103台灣台北市大同區民權西路227號,02 2599 3907,https://www.facebook.com/Bravevetnew,4.4,816,"星期一: 10:00 – 12:30, 13:30 – 17:30, 18:30 – 20:00 | 星期二: 10:00 – 12:30, 13:30 – 17:30 | 星期三: 10:00 – 12:30, 13:30 – 17:30, 18:30 – 20:00 | 星期四: 10:00 – 12:30, 13:30 – 17:30, 18:30 – 20:00 | 星期五: 10:00 – 12:30, 13:30 – 17:30, 18:30 – 20:00 | 星期六: 10:00 – 12:30, 13:30 – 17:30, 18:30 – 20:00 | 星期日: 10:00 – 12:30, 13:30 – 17:30, 18:30 – 20:00",5,台北市,中正區,醫院
遠見動物醫院,106台灣台北市大安區和平東路二段68號,02 2377 5388,http://www.veca.tw/,4.4,788,"星期一: 10:00 – 13:00, 14:00 – 21:00 | 星期二: 10:00 – 13:00, 14:00 – 21:00 | 星期三: 10:00 – 13:00, 14:00 – 21:00 | 星期四: 10:00 – 13:00, 14:00 – 21:00 | 星期五: 10:00 – 13:00, 14:00 – 21:00 | 星期六: 10:00 – 13:00, 14:00 – 21:00 | 星期日: 10:00 – 13:00, 14:00 – 18:00",5,台北市,中正區,醫院
富康動物醫院,106台灣台北市大安區建國南路一段298號,02 2702 0135,https://www.facebook.com/Fukanganimalspa?mibextid=LQQJ4d,4.8,94,星期一: 10:00 – 20:00 | 星期二: 10:00 – 20:00 | 星期三: 10:00 – 20:00 | 星期四: 10:00 – 20:00 | 星期五: 10:00 – 20:00 | 星期六: 10:00 – 20:00 | 星期日: 休息,5,台北市,中正區,醫院
諾亞動物醫院,104台灣台北市中山區吉林路166號,0972 619 992,,4.7,538,"星期一: 09:00 – 13:00, 14:00 – 17:00, 18:00 – 21:00 | 星期二: 09:00 – 13:00, 14:00 – 17:00, 18:00 – 21:00 | 星期三: 09:00 – 13:00, 14:00 – 17:00, 18:00 – 21:00 | 星期四: 09:00 – 13:00, 14:00 – 17:00, 18:00 – 21:00 | 星期五: 09:00 – 13:00, 14:00 – 17:00, 18:00 – 21:00 | 星期六: 09:00 – 13:00, 14:00 – 17:00, 18:00 – 21:00 | 星期日: 休息",5,台北市,中正區,醫院
集英動物醫院,104台灣台北市中山區長安東路一段61-1號1樓,02 7713 6111,http://www.genevet.com.tw/,4.6,264,"星期一: 12:00 – 17:30, 19:30 – 23:00 | 星期二: 12:00 – 17:30, 19:30 – 23:00 | 星期三: 12:00 – 17:30, 19:30 – 23:00 | 星期四: 12:00 – 17:30, 19:30 – 23:00 | 星期五: 12:00 – 17:30, 19:30 – 23:30 | 星期六: 12:00 – 17:30, 19:30 – 23:30 | 星期日: 12:00 – 17:30, 19:30 – 23:00",5,台北市,中正區,醫院
上群動物醫院-大安動物醫院推薦|寵物內視鏡微創|動物醫院評價|狗狗生病|寵物醫院|獸醫推薦,106台灣台北市大安區延吉街72-20號,02 2775 3007,http://shangqun.com.tw/,4.5,434,"星期一: 09:00 – 11:30, 13:30 – 16:30, 18:30 – 20:30 | 星期二: 09:00 – 11:30, 13:30 – 16:30, 18:30 – 20:30 | 星期三: 09:00 – 11:30, 13:30 – 16:30, 18:30 – 20:30 | 星期四: 09:00 – 11:30, 13:30 – 16:30, 18:30 – 20:30 | 星期五: 09:00 – 11:30, 13:30 – 16:30, 18:30 – 20:30 | 星期六: 09:00 – 11:30, 13:30 – 16:30, 18:30 – 20:30 | 星期日: 09:00 – 11:30, 13:30 – 16:30",5,台北市,中正區,醫院
恩典動物醫院,10491台灣台北市中山區民生東路二段45號,02 2531 4545,,4.7,407,星期一: 09:00 – 21:00 | 星期二: 09:00 – 21:00 | 星期三: 09:00 – 21:00 | 星期四: 09:00 – 21:00 | 星期五: 09:00 – 21:00 | 星期六: 09:00 – 18:00 | 星期日: 休息,5,台北市,中正區,醫院
毛派樂動物醫院-大安動物醫院推薦|台北犬貓牙科|犬貓洗牙|動物心臟科|狗貓牙周病|狗貓口炎,106台灣台北市大安區建國南路二段151巷47號1樓,02 3707 6711,,4.8,101,星期一: 10:00 – 20:00 | 星期二: 10:00 – 20:00 | 星期三: 10:00 – 20:00 | 星期四: 10:00 – 20:00 | 星期五: 10:00 – 20:00 | 星期六: 10:00 – 20:00 | 星期日: 休息,5,台北市,中正區,醫院
長宏動物醫院,10491台灣台北市中山區吉林路173號,02 2567 8939,http://changchung0113.blogspot.tw/,4.6,384,"星期一: 09:30 – 12:00, 13:30 – 17:00, 18:30 – 21:00 | 星期二: 09:30 – 12:00, 13:30 – 17:00, 18:30 – 21:00 | 星期三: 09:30 – 12:00, 13:30 – 17:00, 18:30 – 21:00 | 星期四: 09:30 – 12:00, 13:30 – 17:00, 18:30 – 21:00 | 星期五: 09:30 – 12:00, 13:30 – 17:00, 18:30 – 21:00 | 星期六: 09:30 – 12:00, 13:30 – 17:00 | 星期日: 休息",5,台北市,中正區,醫院
旺竹動物醫院,103台灣台北市大同區承德路三段142號,02 2599 6230,,4.8,294,"星期一: 10:30 – 13:00, 15:00 – 20:00 | 星期二: 10:30 – 13:00, 15:00 – 20:00 | 星期三: 10:30 – 13:00, 15:00 – 20:00 | 星期四: 10:30 – 13:00, 15:00 – 20:00 | 星期五: 10:30 – 13:00, 15:00 – 20:00 | 星期六: 10:30 – 13:00, 15:00 – 20:00 | 星期日: 10:30 – 13:00, 15:00 – 17:00",5,台北市,中正區,醫院
碩聯動物醫院,106032台灣台北市大安區復興南路二段342-1號1樓,02 2736 6549,https://m.facebook.com/msah.vet,4.6,223,"星期一: 10:00 – 17:00, 18:00 – 21:00 | 星期二: 10:00 – 17:00, 18:00 – 21:00 | 星期三: 10:00 – 17:00, 18:00 – 21:00 | 星期四: 10:00 – 17:00, 18:00 – 21:00 | 星期五: 10:00 – 17:00, 18:00 – 21:00 | 星期六: 10:00 – 18:00 | 星期日: 10:00 – 18:00",5,台北市,中正區,醫院
文藝動物醫院,10491台灣台北市中山區民生東路一段87號地下1樓,02 2521 2205#200,,4.4,128,星期一: 10:00 – 20:00 | 星期二: 10:00 – 20:00 | 星期三: 10:00 – 20:00 | 星期四: 10:00 – 20:00 | 星期五: 10:00 – 20:00 | 星期六: 10:00 – 20:00 | 星期日: 休息,5,台北市,中正區,醫院
沐沐鼠兔鳥爬專科動物醫院（預約制）,104103台灣台北市中山區龍江路78號,02 7713 7707,https://www.facebook.com/casiwaclinic/,4.6,293,"星期一: 休息 | 星期二: 09:30 – 12:00, 13:00 – 17:00, 18:00 – 20:00 | 星期三: 09:30 – 12:00, 13:00 – 17:00 | 星期四: 09:30 – 12:00, 13:00 – 17:00 | 星期五: 09:30 – 12:00, 13:00 – 17:00, 18:00 – 20:00 | 星期六: 09:30 – 12:00, 13:00 – 17:00 | 星期日: 休息",5,台北市,中正區,醫院
波拉動物醫院,104台灣台北市中山區長安東路二段12號,02 2511 6151,https://www.facebook.com/polavet0513,5,67,"星期一: 10:00 – 13:00, 15:00 – 21:00 | 星期二: 10:00 – 13:00, 15:00 – 21:00 | 星期三: 15:00 – 21:00 | 星期四: 10:00 – 13:00, 15:00 – 21:00 | 星期五: 10:00 – 13:00, 15:00 – 21:00 | 星期六: 10:00 – 13:00, 15:00 – 21:00 | 星期日: 休息",5,台北市,中正區,醫院
艋舺動物醫院,108653台灣台北市萬華區萬大路365號,02 2301 0365,,4.6,166,"星期一: 10:30 – 12:00, 14:30 – 21:30 | 星期二: 休息 | 星期三: 10:30 – 12:00, 14:30 – 21:30 | 星期四: 10:30 – 12:00, 14:30 – 21:30 | 星期五: 10:30 – 12:00, 14:30 – 21:30 | 星期六: 10:30 – 12:00, 14:30 – 21:30 | 星期日: 10:30 – 12:00, 14:30 – 21:30",5,台北市,中正區,醫院
興泰動物醫院 24hr急診重症中心,10558台灣台北市松山區延吉街57號一樓,02 2579 5722,http://www.stah.com.tw/,4.3,2535,星期一: 24 小時營業 | 星期二: 24 小時營業 | 星期三: 24 小時營業 | 星期四: 24 小時營業 | 星期五: 24 小時營業 | 星期六: 24 小時營業 | 星期日: 24 小時營業,5,台北市,中正區,醫院+24h急診
和平綜合動物醫院,100台灣中正區羅斯福路二段7號,02 2394 7349,,5,1,,5,台北市,中正區,醫院
弘吉獸醫院-犬貓齒專科/內科(心臟.腎臟)/長照安養/大安區推薦小動物牙科獸醫院-Hong Ji Animal Hospital,106台灣台北市大安區市民大道三段238號,02 2741 0958,https://hongjivetdentistry.com/,4.9,200,"星期一: 09:00 – 12:30, 14:00 – 17:00, 18:00 – 21:00 | 星期二: 休息 | 星期三: 09:00 – 12:30, 14:00 – 17:00, 18:00 – 21:00 | 星期四: 09:00 – 12:30, 14:00 – 17:00, 18:00 – 21:00 | 星期五: 09:00 – 12:30, 14:00 – 17:00, 18:00 – 21:00 | 星期六: 09:00 – 12:30, 14:00 – 17:00, 18:00 – 21:00 | 星期日: 09:00 – 12:30, 14:00 – 17:00, 18:00 – 21:00",5,台北市,中正區,醫院
樂膚莉動物醫院,106台灣台北市大安區仁愛路三段82號,02 2784 6866,https://www.facebook.com/lovelyvetderm/,4.4,242,星期一: 休息 | 星期二: 11:00 – 19:00 | 星期三: 10:00 – 18:00 | 星期四: 11:00 – 19:00 | 星期五: 11:00 – 19:00 | 星期六: 10:00 – 18:00 | 星期日: 休息,5,台北市,中正區,醫院
小小貓動物醫院 (Little Kitten Clinic),104台灣台北市中山區朱崙街91號1樓,02 2533 7529,https://littlekittenclinic.booknow.com.tw/,4.8,398,星期一: 11:00 – 18:30 | 星期二: 11:00 – 18:30 | 星期三: 休息 | 星期四: 11:00 – 18:30 | 星期五: 11:00 – 18:30 | 星期六: 11:00 – 18:30 | 星期日: 休息,5,台北市,中正區,醫院
聖地牙哥動物醫院,106台灣台北市大安區羅斯福路三段65號3樓之一,02 2364 3458,,3.9,90,星期一: 13:30 – 21:00 | 星期二: 13:30 – 21:00 | 星期三: 13:30 – 21:00 | 星期四: 13:30 – 21:00 | 星期五: 13:30 – 21:00 | 星期六: 14:00 – 16:30 | 星期日: 休息,5,台北市,中正區,醫院
亞太動物醫院,116台灣台北市文山區景福街244號,02 2930 0005,http://www.asia-pacific.com.tw/,4.8,281,星期一: 12:30 – 21:00 | 星期二: 11:00 – 20:00 | 星期三: 休息 | 星期四: 休息 | 星期五: 11:00 – 20:00 | 星期六: 12:00 – 18:00 | 星期日: 休息,5,台北市,中正區,醫院
路米動物醫院,104台灣台北市中山區建國北路二段89號,02 7756 5218,https://lumi.vet/,4.1,235,"星期一: 10:00 – 13:00, 14:00 – 17:00, 18:00 – 21:00 | 星期二: 10:00 – 13:00, 14:00 – 17:00, 18:00 – 21:00 | 星期三: 10:00 – 13:00, 14:00 – 17:00, 18:00 – 21:00 | 星期四: 10:00 – 13:00, 14:00 – 17:00, 18:00 – 21:00 | 星期五: 10:00 – 13:00, 14:00 – 17:00, 18:00 – 21:00 | 星期六: 10:00 – 19:00 | 星期日: 10:00 – 19:00",5,台北市,中正區,醫院
維東尼動物醫院,106台灣台北市大安區建國南路一段358號,02 2709 0123,,4.3,178,"星期一: 12:00 – 17:00, 18:00 – 21:00 | 星期二: 12:00 – 17:00, 18:00 – 21:00 | 星期三: 12:00 – 17:00, 18:00 – 21:00 | 星期四: 12:00 – 17:00, 18:00 – 21:00 | 星期五: 12:00 – 17:00, 18:00 – 21:00 | 星期六: 12:00 – 17:00, 18:00 – 21:00 | 星期日: 12:00 – 17:00, 18:00 – 21:00",5,台北市,中正區,醫院
Aurora Animal Hospital,106台灣台北市大安區建國南路二段31號,02 2784 8211,https://www.aurora-animal-hospital.org/doctors,4.6,412,"星期一: 09:30 – 12:30, 13:00 – 17:00, 17:30 – 20:30 | 星期二: 09:30 – 12:30, 13:00 – 17:00, 17:30 – 20:30 | 星期三: 09:30 – 12:30, 13:00 – 17:00, 17:30 – 20:30 | 星期四: 09:30 – 12:30, 13:00 – 17:00, 17:30 – 20:30 | 星期五: 09:30 – 12:30, 13:00 – 17:00, 17:30 – 20:30 | 星期六: 09:30 – 12:30 | 星期日: 休息",4,台北市,中正區,醫院
恩孺動物診所,100台灣台北市中正區金山南路一段92號1樓,02 2394 2821,http://azu.com.tw/,4,81,星期一: 13:00 – 19:00 | 星期二: 13:00 – 19:00 | 星期三: 休息 | 星期四: 13:00 – 19:00 | 星期五: 13:00 – 19:00 | 星期六: 09:30 – 15:00 | 星期日: 休息,2,台北市,中正區,醫院
古德動物醫院,108台灣台北市萬華區西園路二段194號,02 2308 8986,https://www.facebook.com/%E5%8F%A4%E5%BE%B7%E5%8B%95%E7%89%A9%E9%86%AB%E9%99%A2-105070909576866/,4.3,234,"星期一: 13:00 – 17:30, 18:30 – 21:00 | 星期二: 13:00 – 17:30, 18:30 – 21:00 | 星期三: 13:00 – 17:30, 18:30 – 21:00 | 星期四: 13:00 – 21:00 | 星期五: 13:00 – 17:30, 18:30 – 21:00 | 星期六: 13:00 – 17:30, 18:30 – 21:00 | 星期日: 休息",5,台北市,中正區,醫院
正吉動物醫院,116台灣台北市文山區羅斯福路五段47-1號,02 2934 7505,http://fvh.gotdns.com/,4.7,70,"星期一: 14:00 – 18:00, 19:00 – 21:00 | 星期二: 10:00 – 12:00, 14:00 – 18:00, 19:00 – 21:00 | 星期三: 10:00 – 12:00, 14:00 – 18:00, 19:00 – 21:00 | 星期四: 10:00 – 12:00, 14:00 – 18:00, 19:00 – 21:00 | 星期五: 10:00 – 12:00, 14:00 – 18:00, 19:00 – 21:00 | 星期六: 10:00 – 12:00, 14:00 – 18:00, 19:00 – 21:00 | 星期日: 19:00 – 21:00",5,台北市,中正區,醫院
傑翔動物醫院,103台灣台北市大同區民權西路270之2號,02 2557 3343,https://www.facebook.com/%E5%82%91%E7%BF%94%E5%8B%95%E7%89%A9%E9%86%AB%E9%99%A2-119087131454068/,4.6,109,星期一: 09:00 – 21:00 | 星期二: 09:00 – 21:00 | 星期三: 09:00 – 21:00 | 星期四: 09:00 – 21:00 | 星期五: 09:00 – 21:00 | 星期六: 09:00 – 21:00 | 星期日: 休息,5,台北市,中正區,醫院
樂田動物醫院 (台北院),106台灣台北市大安區建國南路一段161號1樓,02 2778 5580,https://www.love-field.com/,4.5,70,星期一: 10:00 – 21:00 | 星期二: 10:00 – 21:00 | 星期三: 10:00 – 21:00 | 星期四: 10:00 – 21:00 | 星期五: 10:00 – 17:00 | 星期六: 10:00 – 17:00 | 星期日: 休息,5,台北市,中正區,醫院
寵樂動物醫院,106台灣台北市大安區文昌街89號,02 2708 7967,https://www.facebook.com/peteden168/?ref=aymt_homepage_panel,4.7,178,"星期一: 11:00 – 12:30, 13:30 – 21:00 | 星期二: 11:00 – 12:30, 13:30 – 21:00 | 星期三: 11:00 – 12:30, 13:30 – 21:00 | 星期四: 11:00 – 12:30, 13:30 – 21:00 | 星期五: 11:00 – 12:30, 13:30 – 21:00 | 星期六: 11:00 – 12:30, 13:30 – 21:00 | 星期日: 休息",5,台北市,中正區,醫院
華遠動物醫院,10491台灣台北市中山區長春路336號,02 2713 1187,,4.8,259,星期一: 11:00 – 21:00 | 星期二: 11:00 – 21:00 | 星期三: 11:00 – 21:00 | 星期四: 11:00 – 21:00 | 星期五: 11:00 – 21:00 | 星期六: 11:00 – 21:00 | 星期日: 休息,5,台北市,中正區,醫院
太僕動物醫院（龍江院）台北24小時重症加護醫院/狗貓夜間急診/ICU氧氣病房/骨科手術/內視鏡/心臟/透析洗腎/高壓氧/犬貓輸血,104台灣台北市中山區龍江路260號,02 2517 0902,http://topvet.topet.net/,3.9,799,星期一: 24 小時營業 | 星期二: 24 小時營業 | 星期三: 24 小時營業 | 星期四: 24 小時營業 | 星期五: 24 小時營業 | 星期六: 24 小時營業 | 星期日: 24 小時營業,5,台北市,中正區,醫院+24h急診
太僕動物醫院(南京院) 台北24小時重症加護住院/狗貓夜間急診/ICU氧氣病房/ 心臟/透析洗腎/高壓氧/犬貓輸血,105台灣台北市松山區南京東路五段286號,02 2756 2005,http://topvet.topet.net/,4.2,1107,星期一: 24 小時營業 | 星期二: 24 小時營業 | 星期三: 24 小時營業 | 星期四: 24 小時營業 | 星期五: 24 小時營業 | 星期六: 24 小時營業 | 星期日: 24 小時營業,5,台北市,中正區,醫院+24h急診
永春動物醫院(24h重症急診中心),110台灣台北市信義區忠孝東路五段424號,02 8789 8849,http://yongchunvet.com/,2.9,272,星期一: 24 小時營業 | 星期二: 24 小時營業 | 星期三: 24 小時營業 | 星期四: 24 小時營業 | 星期五: 24 小時營業 | 星期六: 24 小時營業 | 星期日: 24 小時營業,5,台北市,中正區,醫院+24h急診
伊甸園動物醫院,10465台灣台北市中山區北安路554巷33號1樓,02 8509 2579,http://eden-vet.com/,3.7,1186,星期一: 24 小時營業 | 星期二: 24 小時營業 | 星期三: 24 小時營業 | 星期四: 24 小時營業 | 星期五: 24 小時營業 | 星期六: 24 小時營業 | 星期日: 24 小時營業,5,台北市,中正區,醫院
永新動物醫院,103台灣台北市大同區重慶北路三段185號,02 2598 2889,,4.7,63,,5,台北市,中正區,醫院
杜克動物醫院-夜間急診/24小時住院照護-動物寵物醫院獸醫 24小時夜間住院急診(台北大安)貓狗寵物內科 骨科 外科 齒科 復健 寵物重症術後照護 術前檢查 心臟超音波 老犬照顧 評價推薦 PTT,10675台灣台北市大安區和平東路三段117號1樓,02 8732 4789,https://www.dukevetclinic.com.tw/,4.4,399,"星期一: 00:00 – 09:00, 09:30 – 12:00, 13:00 – 17:00, 18:00 – 00:00 | 星期二: 00:00 – 09:00, 09:30 – 12:00, 13:00 – 17:00, 18:00 – 00:00 | 星期三: 00:00 – 09:00, 09:30 – 12:00, 13:00 – 17:00, 18:00 – 00:00 | 星期四: 00:00 – 09:00, 09:30 – 12:00, 13:00 – 17:00, 18:00 – 00:00 | 星期五: 00:00 – 09:00, 09:30 – 12:00, 13:00 – 17:00, 18:00 – 00:00 | 星期六: 00:00 – 09:00, 09:30 – 12:00, 13:00 – 17:00, 18:00 – 21:00 | 星期日: 09:30 – 12:00, 13:00 – 17:00, 18:00 – 00:00",5,台北市,中正區,醫院+24h急診
布達羊急診動物醫院,111020台灣台北市士林區忠誠路一段102號,02 2834 1119,http://www.boulderyard24.com/,3.9,381,星期一: 24 小時營業 | 星期二: 24 小時營業 | 星期三: 24 小時營業 | 星期四: 24 小時營業 | 星期五: 24 小時營業 | 星期六: 24 小時營業 | 星期日: 24 小時營業,5,台北市,中正區,醫院+24h急診
全國動物醫院 台北分院,11494台灣台北市內湖區舊宗路一段30巷13號,02 8791 8706,https://www.vet.com.tw/store_detail.php?Key=3,4,401,星期一: 24 小時營業 | 星期二: 24 小時營業 | 星期三: 24 小時營業 | 星期四: 24 小時營業 | 星期五: 24 小時營業 | 星期六: 24 小時營業 | 星期日: 24 小時營業,5,台北市,中正區,醫院
板橋維納斯動物醫院（全預約制，務必請事先電話聯繫）,"請先, 電話聯繫，請勿直接到現場, No. 105號中山路一段板橋區新北市台灣 220",02 2964 9250,,4.1,208,星期一: 24 小時營業 | 星期二: 24 小時營業 | 星期三: 24 小時營業 | 星期四: 24 小時營業 | 星期五: 24 小時營業 | 星期六: 24 小時營業 | 星期日: 24 小時營業,5,台北市,中正區,醫院
維東尼動物醫院蔡坤龍醫師,106台灣台北市大安區建國南路一段358號,02 2706 4987,,4.7,60,,5,台北市,中正區,醫院
東宏動物醫院,10491台灣台北市中山區吉林路432號,02 2595 7366,https://www.mypetvet.com.tw/,3.9,140,"星期一: 09:00 – 12:00, 14:00 – 21:00 | 星期二: 09:00 – 12:00, 14:00 – 21:00 | 星期三: 09:00 – 12:00, 14:00 – 21:00 | 星期四: 09:00 – 12:00, 14:00 – 21:00 | 星期五: 09:00 – 12:00, 14:00 – 21:00 | 星期六: 09:00 – 12:00, 14:00 – 21:00 | 星期日: 休息",5,台北市,中正區,醫院
~約診制~ 寵物預防醫學暨中西醫治療 - 和 動物醫院 He Veterinary Hospital (ペット帰国証明書業務-辦理寵物回國證明),110台灣台北市信義區基隆路一段115號1F,0907 232 272,,4.4,46,,5,台北市,中正區,醫院
安家行動寵物醫院-獸醫師出診/寵物到府安樂/安寧治療-台北/桃園/新竹/基隆/宜蘭,114台灣台北市内湖区成功路三段174巷17弄5號1樓,0906 060 336,https://drfurkids.com/,4.9,180,星期一: 24 小時營業 | 星期二: 24 小時營業 | 星期三: 24 小時營業 | 星期四: 24 小時營業 | 星期五: 24 小時營業 | 星期六: 24 小時營業 | 星期日: 24 小時營業,5,台北市,中正區,醫院
人人愛動物醫院,105台灣台北市松山區延吉街46-3號,02 2577 8182,,4.6,422,星期一: 09:00 – 21:00 | 星期二: 09:00 – 21:00 | 星期三: 09:00 – 21:00 | 星期四: 09:00 – 21:00 | 星期五: 09:00 – 21:00 | 星期六: 09:00 – 21:00 | 星期日: 休息,5,台北市,中正區,醫院
長青動物醫院 急診科分院（急診請來電）,103台灣台北市大同區長安西路289-1號,02 2559 1793,http://www.egah.com.tw/auto_page.aspx?id=qqqjw7pzw9n2e,4.7,47,星期一: 13:00 – 23:00 | 星期二: 13:00 – 23:00 | 星期三: 13:00 – 23:00 | 星期四: 13:00 – 23:00 | 星期五: 13:00 – 23:00 | 星期六: 13:00 – 23:00 | 星期日: 13:00 – 23:00,5,台北市,中正區,醫院+24h急診
安晴動物醫院 (林森院),10491台灣台北市中山區林森北路506號,02 2521 7758,https://lihi.cc/deMAE,4.6,343,,5,台北市,中正區,醫院
阿牛犬貓急診醫院,111台灣台北市士林區基河路238號1樓,02 2881 0478,https://anewanimalhospital.webnode.tw/,4.2,224,星期一: 10:00 – 22:00 | 星期二: 10:00 – 22:00 | 星期三: 10:00 – 22:00 | 星期四: 10:00 – 22:00 | 星期五: 10:00 – 22:00 | 星期六: 10:00 – 22:00 | 星期日: 10:00 – 22:00,5,台北市,中正區,醫院+24h急診
亞各特殊寵物醫院,115台灣台北市南港區研究院路一段101巷12號,02 2653 3636,https://ark.vet/,4.9,544,"星期一: 10:30 – 13:30, 15:00 – 19:00 | 星期二: 10:30 – 13:30, 15:00 – 21:00 | 星期三: 10:30 – 13:30, 15:00 – 21:00 | 星期四: 10:30 – 13:30, 15:00 – 21:00 | 星期五: 10:30 – 13:30, 15:00 – 21:00 | 星期六: 10:30 – 13:30, 15:00 – 21:00 | 星期日: 10:30 – 13:30, 15:00 – 21:00",5,台北市,中正區,醫院
台大星光動物醫院(預約制),110台灣台北市信義區莊敬路325巷23號1樓,02 2758 2738,https://starlightah.com/,4.9,106,星期一: 12:00 – 20:00 | 星期二: 10:30 – 20:00 | 星期三: 10:30 – 20:00 | 星期四: 10:30 – 18:00 | 星期五: 10:30 – 20:00 | 星期六: 10:30 – 18:00 | 星期日: 休息,5,台北市,中正區,醫院
凡賽爾賽鴿寵物鳥醫院,103台灣台北市大同区民族西路53號1樓,02 2586 9933,http://www.birds.com.tw/,4.3,1000,"星期一: 10:00 – 14:00, 16:00 – 20:00 | 星期二: 10:00 – 14:00, 16:00 – 20:00 | 星期三: 10:00 – 14:00, 16:00 – 20:00 | 星期四: 10:00 – 14:00, 16:00 – 20:00 | 星期五: 10:00 – 14:00, 16:00 – 20:00 | 星期六: 10:00 – 14:00, 16:00 – 18:00 | 星期日: 10:00 – 14:00, 16:00 – 18:00",5,台北市,大同區,醫院
牧光特殊寵物專科醫院 Lumos Exotic Animal Clinic,10365台灣台北市大同区民族西路65號1樓,02 2592 6590,,4.3,194,星期一: 10:00 – 20:30 | 星期二: 10:00 – 20:30 | 星期三: 10:00 – 20:30 | 星期四: 10:00 – 20:30 | 星期五: 10:00 – 20:30 | 星期六: 10:00 – 20:30 | 星期日: 10:00 – 20:30,5,台北市,大同區,醫院
長沁動物醫院-台北寵物健檢、一般內外科、心臟科、牙科、骨科推薦,103台灣台北市大同區承德路三段9號,02 2599 2119,,4.1,292,"星期一: 09:30 – 12:30, 13:30 – 21:00 | 星期二: 09:30 – 12:30, 13:30 – 21:00 | 星期三: 09:30 – 12:30, 13:30 – 21:00 | 星期四: 09:30 – 12:30, 13:30 – 21:00 | 星期五: 09:30 – 12:30, 13:30 – 21:00 | 星期六: 09:30 – 12:30, 13:30 – 21:00 | 星期日: 09:30 – 12:30, 13:30 – 21:00",5,台北市,大同區,醫院
皇家動物醫院,103台灣台北市大同區民族西路226號,02 2596 0937,https://www.facebook.com/OSDCL?mibextid=LQQJ4d,4.4,175,"星期一: 11:00 – 18:00, 19:00 – 22:00 | 星期二: 14:00 – 18:00, 19:00 – 22:00 | 星期三: 11:00 – 18:00, 19:00 – 22:00 | 星期四: 11:00 – 18:00, 19:00 – 22:00 | 星期五: 14:00 – 18:00, 19:00 – 22:00 | 星期六: 11:00 – 18:00, 19:00 – 22:00 | 星期日: 11:00 – 18:00, 19:00 – 22:00",5,台北市,大同區,醫院
全民連鎖動物醫院總院,103台灣台北市大同區民生西路247、249號,02 2553 0371,,4.6,22,,5,台北市,大同區,醫院
吉米犬貓專科醫院,10491台灣台北市中山區林森北路649號,02 2585 5991,,4.6,242,星期一: 10:00 – 20:00 | 星期二: 10:00 – 20:00 | 星期三: 10:00 – 20:00 | 星期四: 休息 | 星期五: 10:00 – 20:00 | 星期六: 10:00 – 20:00 | 星期日: 10:00 – 12:00,5,台北市,大同區,醫院
米亞動物醫院|中山區動物心臟病治療|口腔雷射|復健雷射|複雜性疾病諮詢|動物醫院推薦|寵物健康諮詢,104台灣台北市中山区民权东路二段57號1樓,02 2592 3556,,4.5,115,"星期一: 10:00 – 12:00, 15:00 – 19:30 | 星期二: 10:00 – 12:00, 15:00 – 19:30 | 星期三: 10:00 – 12:00, 15:00 – 19:30 | 星期四: 休息 | 星期五: 10:00 – 12:00, 15:00 – 19:30 | 星期六: 10:00 – 12:00, 15:00 – 19:30 | 星期日: 10:00 – 12:00",5,台北市,大同區,醫院
恩萊動物醫院,111台灣台北市士林區承德路四段294號1樓,02 2888 2468,,4.8,202,星期一: 09:30 – 20:30 | 星期二: 09:30 – 20:30 | 星期三: 09:30 – 20:30 | 星期四: 09:30 – 20:30 | 星期五: 09:30 – 20:30 | 星期六: 09:30 – 20:30 | 星期日: 09:30 – 20:30,5,台北市,大同區,醫院
汎亞動物醫院,111台灣台北市士林區承德路四段183號,02 2882 6655,http://www.panasia-vet.com/,4.3,427,"星期一: 10:00 – 12:30, 14:00 – 21:00 | 星期二: 10:00 – 12:30, 14:00 – 21:00 | 星期三: 10:00 – 12:30, 14:00 – 21:00 | 星期四: 10:00 – 12:30, 14:00 – 21:00 | 星期五: 10:00 – 12:30, 14:00 – 21:00 | 星期六: 10:00 – 18:00 | 星期日: 休息",5,台北市,大同區,醫院
弘愛犬貓專科醫院,103018台灣台北市大同區民生西路105號,02 2550 3892,,4,4,,5,台北市,大同區,醫院
成功動物醫院,10491台灣台北市中山區天祥路3號台灣 1 樓,02 2521 8001,,4.5,84,星期一: 11:00 – 21:00 | 星期二: 11:00 – 21:00 | 星期三: 11:00 – 21:00 | 星期四: 11:00 – 21:00 | 星期五: 11:00 – 21:00 | 星期六: 11:00 – 21:00 | 星期日: 休息,5,台北市,大同區,醫院
大業動物醫院,111台灣台北市士林区延平北路五段314號1樓,02 2810 7070,,4.2,49,星期一: 10:00 – 21:00 | 星期二: 10:00 – 21:00 | 星期三: 10:00 – 21:00 | 星期四: 10:00 – 21:00 | 星期五: 10:00 – 21:00 | 星期六: 10:00 – 18:00 | 星期日: 休息,5,台北市,大同區,醫院
皇合動物醫院,104台灣台北市中山區建國北路三段121號,02 2518 3325,https://www.facebook.com/profile.php?id=100077697543084,4.9,40,星期一: 10:00 – 18:00 | 星期二: 10:00 – 18:00 | 星期三: 10:00 – 18:00 | 星期四: 10:00 – 18:00 | 星期五: 10:00 – 18:00 | 星期六: 10:00 – 14:00 | 星期日: 休息,5,台北市,大同區,醫院
大晶動物醫院,104034台灣台北市中山區農安街72號,02 2597 0625,,4.5,86,"星期一: 10:00 – 12:00, 14:00 – 20:00 | 星期二: 10:00 – 12:00, 14:00 – 20:00 | 星期三: 10:00 – 12:00, 14:00 – 20:00 | 星期四: 10:00 – 20:00 | 星期五: 10:00 – 12:00, 14:00 – 20:00 | 星期六: 休息 | 星期日: 休息",5,台北市,大同區,醫院
唯安動物醫院,111台灣台北市士林區承德路四段18號1樓,02 2885 1695,,4.3,55,"星期一: 10:00 – 12:00, 14:00 – 21:00 | 星期二: 10:00 – 12:00, 14:00 – 21:00 | 星期三: 10:00 – 12:00, 14:00 – 21:00 | 星期四: 10:00 – 12:00, 14:00 – 21:00 | 星期五: 10:00 – 12:00, 14:00 – 21:00 | 星期六: 10:00 – 12:00, 14:00 – 21:00 | 星期日: 休息",5,台北市,大同區,醫院
社子動物醫院,111台灣台北市士林區延平北路五段191號,02 2816 5355,,4,52,"星期一: 11:00 – 13:00, 14:00 – 20:30 | 星期二: 11:00 – 13:00, 14:00 – 20:30 | 星期三: 11:00 – 13:00, 14:00 – 20:30 | 星期四: 11:00 – 13:00, 14:00 – 20:30 | 星期五: 11:00 – 13:00, 14:00 – 20:30 | 星期六: 11:00 – 13:00, 14:00 – 18:00 | 星期日: 休息",5,台北市,大同區,醫院
吉林動物醫院,10491台灣台北市中山區吉林路121-1號,02 2564 2010,,4.2,28,星期一: 10:00 – 20:00 | 星期二: 10:00 – 20:00 | 星期三: 10:00 – 20:00 | 星期四: 10:00 – 20:00 | 星期五: 10:00 – 20:00 | 星期六: 09:00 – 17:00 | 星期日: 休息,5,台北市,大同區,醫院
達文西犬貓專科動物醫院,10491台灣台北市中山區民生東路二段7號号,02 2521 2205,,5,3,,5,台北市,大同區,醫院
101台北貓醫院,10491台灣台北市中山區建國北路三段101號,02 2509 1101,https://www.facebook.com/profile.php?id=100076070024023,4.6,305,"星期一: 10:30 – 12:30, 14:00 – 21:00 | 星期二: 10:30 – 12:30, 14:00 – 21:00 | 星期三: 10:30 – 12:30, 14:00 – 21:00 | 星期四: 10:30 – 12:30, 14:00 – 21:00 | 星期五: 10:30 – 12:30, 14:00 – 21:00 | 星期六: 10:30 – 12:30, 14:00 – 21:00 | 星期日: 10:30 – 12:30, 14:00 – 18:00",5,台北市,大同區,醫院
中興動物醫院,111台灣台北市士林區延平北路六段245號,02 2811 3970,,4.6,114,,5,台北市,大同區,醫院
Brave Vet Exotic Animal Veterinary Hospital,"號 No, No. 227民權西路大同區台北市台灣 103",02 2599 3907,,3.7,3,,4,台北市,大同區,醫院
康寧動物醫院,108台灣萬華區長沙街二段157號,02 2383 1528,,4.3,275,"星期一: 10:00 – 12:30, 13:00 – 21:00 | 星期二: 10:00 – 12:30, 13:00 – 21:00 | 星期三: 10:00 – 12:30, 13:00 – 21:00 | 星期四: 10:00 – 12:30, 13:00 – 21:00 | 星期五: 10:00 – 12:30, 13:00 – 21:00 | 星期六: 10:00 – 12:30, 13:00 – 20:00 | 星期日: 休息",5,台北市,大同區,醫院
中山動物醫院,105台灣台北市松山區民權東路三段140巷5號,02 2719 6996,https://ch6996.com.tw/,4.4,470,"星期一: 09:30 – 12:00, 13:30 – 17:00, 18:30 – 21:00 | 星期二: 09:30 – 12:00, 13:30 – 17:00, 18:30 – 21:00 | 星期三: 09:30 – 12:00, 13:30 – 17:00, 18:30 – 21:00 | 星期四: 09:30 – 12:00, 13:30 – 17:00, 18:30 – 21:00 | 星期五: 09:30 – 12:00, 13:30 – 17:00, 18:30 – 21:00 | 星期六: 09:30 – 12:00, 13:30 – 17:00, 18:30 – 21:00 | 星期日: 09:30 – 12:00, 13:30 – 17:00",5,台北市,大同區,醫院
昌展動物醫院,111台灣台北市士林區延平北路六段160號,02 2816 9197,,4.1,60,"星期一: 10:00 – 13:00, 15:00 – 21:30 | 星期二: 10:00 – 13:00, 15:00 – 21:30 | 星期三: 10:00 – 13:00, 15:00 – 21:30 | 星期四: 10:00 – 13:00, 15:00 – 21:30 | 星期五: 10:00 – 13:00, 15:00 – 21:30 | 星期六: 10:00 – 13:00, 15:00 – 21:30 | 星期日: 休息",5,台北市,大同區,醫院
復生動物醫院,10491台灣台北市中山區民生東路一段78號,02 2564 3940,https://zh-tw.facebook.com/pages/category/Medical-Company/%E5%BE%A9%E7%94%9F%E5%8B%95%E7%89%A9%E9%86%AB%E9%99%A2-694586850563811/,4.2,63,星期一: 09:30 – 21:00 | 星期二: 09:30 – 21:00 | 星期三: 09:30 – 21:00 | 星期四: 09:30 – 21:00 | 星期五: 09:30 – 21:00 | 星期六: 09:30 – 21:00 | 星期日: 09:30 – 12:00,5,台北市,大同區,醫院
台愛動物醫院,111台灣台北市士林區中正路629號,02 8811 5729,https://www.facebook.com/%E5%8F%B0%E6%84%9B%E5%8B%95%E7%89%A9%E9%86%AB%E9%99%A2-139284296139789/,4.6,101,星期一: 休息 | 星期二: 12:00 – 21:00 | 星期三: 12:00 – 21:00 | 星期四: 12:00 – 21:00 | 星期五: 12:00 – 21:00 | 星期六: 12:00 – 21:00 | 星期日: 休息,5,台北市,大同區,醫院
廣慈動物醫院,10491台灣台北市中山區錦州街371號,02 2504 4236,,4.5,254,星期一: 09:30 – 21:00 | 星期二: 09:30 – 21:00 | 星期三: 09:30 – 21:00 | 星期四: 09:30 – 21:00 | 星期五: 09:30 – 21:00 | 星期六: 09:30 – 21:00 | 星期日: 休息,5,台北市,中山區,醫院
美加璦動物醫院,10475台灣台北市中山區龍江路443巷1之2號1樓,02 2505 4989,https://www.facebook.com/MJIAH,4.9,87,"星期一: 09:00 – 12:00, 14:00 – 21:00 | 星期二: 09:00 – 12:00, 14:00 – 21:00 | 星期三: 09:00 – 12:00, 14:00 – 21:00 | 星期四: 休息 | 星期五: 09:00 – 12:00, 14:00 – 21:00 | 星期六: 09:00 – 12:00, 14:00 – 21:00 | 星期日: 休息",5,台北市,中山區,醫院
惟新動物醫院,104台灣台北市中山區明水路672巷34號,02 8502 3725,http://www.wellseen.com.tw/,4.7,152,"星期一: 09:30 – 12:00, 15:00 – 20:00 | 星期二: 09:30 – 12:00, 15:00 – 20:00 | 星期三: 休息 | 星期四: 09:30 – 12:00, 15:00 – 20:00 | 星期五: 09:30 – 12:00, 15:00 – 20:00 | 星期六: 09:30 – 12:00, 15:00 – 17:00 | 星期日: 09:30 – 12:00, 15:00 – 17:00",5,台北市,中山區,醫院
仁慈動物醫院,10491台灣台北市中山區北安路458巷19號,02 2533 6983,,5,21,"星期一: 14:00 – 16:30, 18:00 – 20:30 | 星期二: 14:00 – 16:30, 18:00 – 20:30 | 星期三: 14:00 – 16:30, 18:00 – 20:30 | 星期四: 14:00 – 16:30, 18:00 – 20:30 | 星期五: 休息 | 星期六: 休息 | 星期日: 休息",5,台北市,中山區,醫院
以立動物醫院,104台灣台北市中山區敬業一路38號,02 8502 6026,https://elitevetclinic.com/,4.5,108,"星期一: 10:00 – 13:00, 14:00 – 21:00 | 星期二: 10:00 – 13:00, 14:00 – 19:00 | 星期三: 10:00 – 13:00, 14:00 – 21:00 | 星期四: 10:00 – 13:00, 14:00 – 19:00 | 星期五: 10:00 – 13:00, 14:00 – 21:00 | 星期六: 10:00 – 13:00, 14:00 – 19:00 | 星期日: 10:00 – 13:00, 14:00 – 19:00",5,台北市,中山區,醫院
興安動物醫院,10491台灣台北市中山區興安街89號1樓,02 2504 8179,,4.8,73,星期一: 10:30 – 21:00 | 星期二: 10:30 – 21:00 | 星期三: 10:30 – 21:00 | 星期四: 10:30 – 21:00 | 星期五: 10:30 – 21:00 | 星期六: 10:30 – 21:00 | 星期日: 休息,5,台北市,中山區,醫院
大直動物醫院(幹細胞及外泌體再生治療、針灸、專業牙科、骨科、軟組織外科、產科、傳染病PCR檢測、心臟科、內科、內分泌調節、ICU重症加護病房),104台灣台北市中山區北安路468號,02 8509 6306,https://www.facebook.com/profile.php?id=100088472640168,4.4,40,星期一: 09:00 – 21:00 | 星期二: 09:00 – 21:00 | 星期三: 09:00 – 21:00 | 星期四: 09:00 – 21:00 | 星期五: 09:00 – 21:00 | 星期六: 09:00 – 21:00 | 星期日: 09:00 – 18:00,5,台北市,中山區,醫院
龍江動物醫院,10491台灣台北市中山區龍江路21巷1號,02 2772 2223,,4.2,65,星期一: 10:00 – 21:00 | 星期二: 10:00 – 21:00 | 星期三: 10:00 – 21:00 | 星期四: 10:00 – 21:00 | 星期五: 10:00 – 21:00 | 星期六: 10:00 – 21:00 | 星期日: 10:00 – 18:00,5,台北市,中山區,醫院
禾芮犬貓專科醫院（專業牙科/麻醉科/心臟科/中獸醫）-中山犬貓洗牙|大直獸醫推薦|松山犬貓根管治療|士林寵物健康檢查|專業動物醫院|動物醫院推薦,104051台灣台北市中山區明水路692號,02 8501 1267,https://hoorayah.com/,4.9,281,星期一: 11:00 – 19:00 | 星期二: 11:00 – 19:00 | 星期三: 休息 | 星期四: 11:00 – 19:00 | 星期五: 11:00 – 19:00 | 星期六: 10:00 – 18:00 | 星期日: 10:00 – 18:00,5,台北市,中山區,醫院
歐歐妮犬貓兔動物醫院|牙專科·麻醉科·心臟科·高壓氧,10464台灣台北市中山區北安路627號,02 8509 1366,https://www.ohohni.com.tw/index.html,5,222,"星期一: 10:00 – 13:00, 14:00 – 17:30, 18:00 – 21:00 | 星期二: 10:00 – 13:00, 14:00 – 17:30, 18:00 – 21:00 | 星期三: 10:00 – 13:00, 14:00 – 17:30, 18:00 – 21:00 | 星期四: 10:00 – 13:00, 14:00 – 17:30, 18:00 – 21:00 | 星期五: 10:00 – 13:00, 14:00 – 17:30, 18:00 – 21:00 | 星期六: 10:00 – 13:00, 14:00 – 17:30, 18:00 – 21:00 | 星期日: 10:00 – 13:00, 14:00 – 17:30, 18:00 – 21:00",5,台北市,中山區,醫院
小王子動物醫院,105台灣台北市松山區八德路四段123號1樓,02 2567 6897,https://www.facebook.com/prince.vet.taipei/,4.4,315,"星期一: 10:00 – 13:00, 14:00 – 20:30 | 星期二: 10:00 – 13:00, 14:00 – 20:30 | 星期三: 10:00 – 13:00, 14:00 – 20:30 | 星期四: 10:00 – 13:00, 14:00 – 20:30 | 星期五: 10:00 – 13:00, 14:00 – 20:30 | 星期六: 10:00 – 13:00, 14:00 – 18:00 | 星期日: 10:00 – 13:00, 14:00 – 18:00",5,台北市,中山區,醫院
台北動物醫院,105台灣台北市松山區光復北路164號,02 2717 6036,,4.5,295,"星期一: 09:30 – 12:00, 13:30 – 21:00 | 星期二: 09:30 – 12:00, 13:30 – 21:00 | 星期三: 09:30 – 12:00, 13:30 – 21:00 | 星期四: 09:30 – 12:00, 13:30 – 21:00 | 星期五: 09:30 – 12:00, 13:30 – 21:00 | 星期六: 09:30 – 12:00, 13:30 – 17:00 | 星期日: 休息",5,台北市,中山區,醫院
興沛動物醫院,114061台灣台北市內湖區內湖路一段91巷32號,02 2797 7553,https://www.facebook.com/happypetsah/,4.6,678,"星期一: 10:00 – 13:00, 14:00 – 17:00, 18:00 – 21:00 | 星期二: 10:00 – 13:00, 14:00 – 17:00, 18:00 – 21:00 | 星期三: 10:00 – 13:00, 14:00 – 17:00, 18:00 – 21:00 | 星期四: 10:00 – 13:00, 14:00 – 17:00, 18:00 – 21:00 | 星期五: 10:00 – 13:00, 14:00 – 17:00, 18:00 – 21:00 | 星期六: 10:00 – 13:00, 14:00 – 17:00, 18:00 – 21:00 | 星期日: 10:00 – 13:00, 14:00 – 17:00",5,台北市,中山區,醫院
泰山動物醫院,105台灣台北市松山區光復南路52號,02 2579 2650,,4.8,138,"星期一: 10:00 – 12:00, 14:00 – 18:00, 19:00 – 21:00 | 星期二: 10:00 – 12:00, 14:00 – 18:00, 19:00 – 21:00 | 星期三: 10:00 – 12:00, 14:00 – 18:00, 19:00 – 21:00 | 星期四: 10:00 – 12:00, 14:00 – 18:00, 19:00 – 21:00 | 星期五: 10:00 – 12:00, 14:00 – 18:00, 19:00 – 21:00 | 星期六: 10:00 – 12:00, 14:00 – 18:00, 19:00 – 21:00 | 星期日: 休息",5,台北市,中山區,醫院
楊動物醫院,111台灣台北市士林區中山北路六段368號,02 2871 7261,https://m.facebook.com/Dr.YangsAH/,4.4,377,星期一: 09:30 – 20:30 | 星期二: 09:30 – 20:30 | 星期三: 09:30 – 20:30 | 星期四: 09:30 – 20:30 | 星期五: 09:30 – 20:30 | 星期六: 09:30 – 20:30 | 星期日: 09:30 – 16:30,5,台北市,中山區,醫院
港墘動物醫院,114007台灣台北市內湖區港墘路109-2號,02 2657 5990,,4.2,101,,5,台北市,中山區,醫院
24h陪同就醫/寵物寄宿/過年有空/到府美容/到府獸醫/到府照護/貓狗保姆/寵物旅館/毛小愛,104台灣台北市中山區新生北路三段26號,0908 708 372,https://lin.ee/XQ3cli4,5,12,星期一: 24 小時營業 | 星期二: 24 小時營業 | 星期三: 24 小時營業 | 星期四: 24 小時營業 | 星期五: 24 小時營業 | 星期六: 24 小時營業 | 星期日: 24 小時營業,5,台北市,中山區,醫院
台欣動物醫院 （初診需預約）,105台灣台北市松山區健康路187號,02 2528 5119,,4.8,290,"星期一: 10:00 – 12:00, 15:00 – 20:00 | 星期二: 10:00 – 12:00, 15:00 – 20:00 | 星期三: 10:00 – 12:00, 15:00 – 20:00 | 星期四: 10:00 – 12:00, 15:00 – 20:00 | 星期五: 10:00 – 12:00, 15:00 – 20:00 | 星期六: 10:00 – 12:00 | 星期日: 休息",5,台北市,中山區,醫院
恩加動物醫院,110台灣台北市信義區松山路315之2號,02 8787 7551,https://www.facebook.com/pages/%E6%81%A9%E5%8A%A0%E5%8B%95%E7%89%A9%E9%86%AB%E9%99%A2/209837479028759,4.8,443,星期一: 10:00 – 21:00 | 星期二: 10:00 – 21:00 | 星期三: 10:00 – 21:00 | 星期四: 10:00 – 21:00 | 星期五: 10:00 – 21:00 | 星期六: 休息 | 星期日: 休息,5,台北市,松山區,醫院
全陽犬貓鳥類專科動物醫院,105台灣台北市松山區八德路四段305號1樓,02 2762 7945,,4.6,436,"星期一: 09:30 – 12:00, 14:00 – 20:00 | 星期二: 09:30 – 12:00, 14:00 – 20:00 | 星期三: 09:30 – 12:00, 14:00 – 20:00 | 星期四: 09:30 – 12:00, 14:00 – 20:00 | 星期五: 09:30 – 12:00, 14:00 – 20:00 | 星期六: 09:30 – 12:00, 14:00 – 17:00 | 星期日: 休息",5,台北市,松山區,醫院
松山動物醫院,110台灣台北市信義區松山路275號,02 2767 3322,https://www.facebook.com/%E6%9D%BE%E5%B1%B1%E5%8B%95%E7%89%A9%E9%86%AB%E9%99%A2-262575643798540/,4.4,285,"星期一: 休息 | 星期二: 11:00 – 13:00, 14:00 – 20:00 | 星期三: 11:00 – 13:00, 14:00 – 20:00 | 星期四: 11:00 – 13:00, 14:00 – 20:00 | 星期五: 11:00 – 13:00, 14:00 – 20:00 | 星期六: 11:00 – 13:00, 14:00 – 20:00 | 星期日: 11:00 – 13:00, 14:00 – 19:00",5,台北市,松山區,醫院
嘉慶動物醫院,105台灣台北市松山區八德路四段214-1號,02 8787 9121,,4.4,187,"星期一: 14:00 – 17:00, 18:00 – 21:15 | 星期二: 14:00 – 17:00, 18:00 – 21:15 | 星期三: 14:00 – 17:00, 18:00 – 21:15 | 星期四: 休息 | 星期五: 14:00 – 17:00, 18:00 – 21:15 | 星期六: 14:00 – 17:00, 18:00 – 21:15 | 星期日: 14:00 – 17:00, 18:00 – 21:15",5,台北市,松山區,醫院
良醫動物醫院,10565台灣台北市松山區八德路四段188號,02 2761 5091,,4.7,203,星期一: 11:30 – 20:30 | 星期二: 11:30 – 20:30 | 星期三: 11:30 – 20:30 | 星期四: 11:30 – 20:30 | 星期五: 11:30 – 20:30 | 星期六: 11:30 – 20:30 | 星期日: 休息,5,台北市,松山區,醫院
寵博健康動物醫院 Very Pet Animal Hospital,105台灣台北市松山區三民路108-30號 1樓,02 8768 3086,https://www.verypet.tw/,5,28,星期一: 10:00 – 19:00 | 星期二: 10:00 – 19:00 | 星期三: 10:00 – 19:00 | 星期四: 10:00 – 19:00 | 星期五: 10:00 – 19:00 | 星期六: 休息 | 星期日: 休息,5,台北市,松山區,醫院
欣欣動物醫院,110台灣台北市信義區松隆路286-1號,02 2768 1119,,4.9,319,"星期一: 10:30 – 00:00 | 星期二: 00:00 – 09:00, 10:30 – 21:00 | 星期三: 10:30 – 21:00 | 星期四: 10:30 – 21:00 | 星期五: 10:30 – 21:00 | 星期六: 10:30 – 21:00 | 星期日: 休息",5,台北市,松山區,醫院
隆記動物醫院-台北動物醫院 台北中獸醫 台北寵物高壓氧治療 台北動物針灸 松山動物醫院安養中心 松山處方飼料,105台灣台北市松山區民生東路五段212巷1號,02 2760 7639,https://www.longgiah.com/,4.2,194,"星期一: 10:00 – 11:50, 14:00 – 21:00 | 星期二: 休息 | 星期三: 10:00 – 11:50, 14:00 – 21:00 | 星期四: 10:00 – 11:50, 14:00 – 21:00 | 星期五: 10:00 – 11:50, 14:00 – 21:00 | 星期六: 10:00 – 11:50, 14:00 – 21:00 | 星期日: 12:00 – 18:00",5,台北市,松山區,醫院
澤禾動物醫院,105台灣台北市松山区健康路288號1樓,02 2761 6267,https://www.facebook.com/harvestanimalhospital/,4.6,167,星期一: 10:00 – 21:00 | 星期二: 10:00 – 21:00 | 星期三: 10:00 – 21:00 | 星期四: 10:00 – 21:00 | 星期五: 10:00 – 21:00 | 星期六: 10:00 – 21:00 | 星期日: 休息,5,台北市,松山區,醫院
澄諾動物醫院,105台灣台北市松山區富錦街461號,02 2765 3160,https://www.facebook.com/PromisingVH/,4.5,143,"星期一: 10:00 – 12:30, 14:00 – 17:00, 18:00 – 21:00 | 星期二: 10:00 – 12:30, 14:00 – 17:00, 18:00 – 21:00 | 星期三: 休息 | 星期四: 10:00 – 12:30, 14:00 – 17:00, 18:00 – 21:00 | 星期五: 10:00 – 12:30, 14:00 – 17:00, 18:00 – 21:00 | 星期六: 10:00 – 12:00, 13:00 – 17:00 | 星期日: 10:00 – 12:00, 13:00 – 17:00",5,台北市,松山區,醫院
曼哈頓動物醫院,10557台灣台北市松山区市民大道四段77號一樓,02 2781 5203,https://www.facebook.com/tpmanhattan,4.4,191,星期一: 10:00 – 21:00 | 星期二: 10:00 – 21:00 | 星期三: 10:00 – 21:00 | 星期四: 10:00 – 21:00 | 星期五: 10:00 – 21:00 | 星期六: 10:00 – 21:00 | 星期日: 10:00 – 21:00,5,台北市,松山區,醫院
星辰動物醫院-信義區動物醫院獸醫推薦|犬貓專科醫院|動物腹部超音波|犬貓腎臟專科|寵物健康檢查|寵物心臟超音波|小動物牙科X光檢查,110台灣台北市信義區松隆路225號,02 2761 1199,https://m.facebook.com/%E6%98%9F%E8%BE%B0%E5%8B%95%E7%89%A9%E9%86%AB%E9%99%A2-114438965277359/,4.8,328,"星期一: 09:30 – 12:00, 14:00 – 21:00 | 星期二: 09:30 – 12:00, 14:00 – 21:00 | 星期三: 09:30 – 12:00, 14:00 – 21:00 | 星期四: 09:30 – 12:00, 14:00 – 21:00 | 星期五: 09:30 – 12:00, 14:00 – 21:00 | 星期六: 09:30 – 12:00, 14:00 – 21:00 | 星期日: 休息",5,台北市,松山區,醫院
日健動物綜合醫院(核磁共振/斷層掃描/針灸雷射),105台灣台北市松山區光復北路6-2號1樓,02 2570 7508,https://www.facebook.com/taipei.animalCT.MRI,4,66,星期一: 10:00 – 17:00 | 星期二: 10:00 – 17:00 | 星期三: 10:00 – 17:00 | 星期四: 10:00 – 17:00 | 星期五: 10:00 – 17:00 | 星期六: 09:00 – 16:00 | 星期日: 休息,5,台北市,松山區,醫院
欣旺動物醫院,110台灣台北市信義區松山路265號,02 2761 7985,,4.7,134,"星期一: 10:00 – 12:00, 15:00 – 17:00, 19:00 – 21:00 | 星期二: 10:00 – 12:00, 15:00 – 17:00, 19:00 – 21:00 | 星期三: 10:00 – 12:00, 15:00 – 17:00, 19:00 – 21:00 | 星期四: 10:00 – 12:00, 15:00 – 17:00, 19:00 – 21:00 | 星期五: 10:00 – 12:00, 15:00 – 17:00, 19:00 – 21:00 | 星期六: 休息 | 星期日: 休息",5,台北市,松山區,醫院
豐盛動物醫院,105台灣台北市松山區光復北路46號,02 2578 5605,,4.2,38,星期一: 10:00 – 18:00 | 星期二: 10:00 – 18:00 | 星期三: 10:00 – 18:00 | 星期四: 10:00 – 18:00 | 星期五: 休息 | 星期六: 10:00 – 18:00 | 星期日: 休息,5,台北市,松山區,醫院
大愛動物醫院,110台灣台北市信義區松德路74號1樓,02 8780 5116,,4.9,230,"星期一: 09:00 – 12:00, 14:00 – 18:00, 18:30 – 21:00 | 星期二: 09:00 – 12:00, 14:00 – 18:00, 18:30 – 21:00 | 星期三: 09:00 – 12:00, 14:00 – 18:00, 18:30 – 21:00 | 星期四: 14:00 – 18:00, 18:30 – 21:00 | 星期五: 09:00 – 12:00, 14:00 – 18:00, 18:30 – 21:00 | 星期六: 09:00 – 12:00, 14:00 – 18:00 | 星期日: 休息",5,台北市,松山區,醫院
新亞寵物醫院,105台灣台北市松山區延壽街330巷3號,02 2745 7119,https://www.facebook.com/pages/category/Hospital/%E6%96%B0%E4%BA%9E%E5%8B%95%E7%89%A9%E9%86%AB%E9%99%A2-125362644153983/,3.6,40,星期一: 11:00 – 21:30 | 星期二: 11:00 – 21:30 | 星期三: 11:00 – 21:30 | 星期四: 11:00 – 21:30 | 星期五: 11:00 – 21:30 | 星期六: 11:00 – 21:30 | 星期日: 11:00 – 21:30,5,台北市,松山區,醫院
恩亞動物醫院,"No. 14, 健康路325巷松山區台北市台灣 105",,,4.5,17,,5,台北市,松山區,醫院
復興動物醫院,105台灣台北市松山區長安東路二段284號,02 2771 1414,,4.7,42,"星期一: 09:00 – 12:00, 13:30 – 21:00 | 星期二: 09:00 – 12:00, 13:30 – 21:00 | 星期三: 09:00 – 12:00, 13:30 – 21:00 | 星期四: 09:00 – 12:00, 13:30 – 21:00 | 星期五: 09:00 – 12:00, 13:30 – 21:00 | 星期六: 09:00 – 12:00, 13:30 – 21:00 | 星期日: 休息",5,台北市,松山區,醫院
白牙動物醫院- 內科.外科.心臟科.牙科.眼科.骨科.麻醉科.腎臟科.內分泌科.腫瘤科-信義狗貓牙科麻醉推薦|狗貓心臟|狗貓洗牙|狗貓眼科推薦|獸醫推薦|動物醫院推薦,110台灣台北市信義區永吉路117號,02 2765 3690,https://www.facebook.com/whitefangvet117/,4.9,39,"星期一: 10:00 – 17:30, 18:30 – 21:00 | 星期二: 休息 | 星期三: 10:00 – 17:30, 18:30 – 21:00 | 星期四: 10:00 – 17:30, 18:30 – 21:00 | 星期五: 10:00 – 17:30, 18:30 – 21:00 | 星期六: 10:00 – 17:30, 18:30 – 21:00 | 星期日: 休息",5,台北市,松山區,醫院
陽光犬貓專科醫院,110台灣台北市信義區林口街222號,02 2727 9922,,4.9,203,"星期一: 10:00 – 12:00, 14:00 – 21:00 | 星期二: 10:00 – 12:00, 14:00 – 21:00 | 星期三: 10:00 – 12:00, 14:00 – 21:00 | 星期四: 10:00 – 12:00, 14:00 – 21:00 | 星期五: 10:00 – 12:00, 14:00 – 21:00 | 星期六: 10:00 – 12:00, 14:00 – 21:00 | 星期日: 休息",5,台北市,松山區,醫院
小王子動物醫院復健分院,105台灣台北市松山區八德路四段123號,02 2522 1097,https://www.facebook.com/princevet.rehab.hospital/,4.9,58,"星期一: 12:00 – 18:00, 18:30 – 20:30 | 星期二: 09:30 – 13:00, 14:00 – 18:30 | 星期三: 12:00 – 18:00, 18:30 – 20:30 | 星期四: 09:30 – 13:00, 14:00 – 18:30 | 星期五: 12:00 – 18:00, 18:30 – 20:30 | 星期六: 09:30 – 13:00, 14:00 – 18:30 | 星期日: 09:30 – 13:00, 14:00 – 18:30",5,台北市,松山區,醫院
沐樂動物醫院,110台灣台北市信義區忠孝東路四段559巷30號,02 2769 9899,https://jsvets.com/mobile.php,4.8,182,"星期一: 10:00 – 12:30, 14:00 – 17:00, 18:00 – 21:00 | 星期二: 10:00 – 12:30, 14:00 – 17:00, 18:00 – 21:00 | 星期三: 10:00 – 12:30, 14:00 – 17:00, 18:00 – 21:00 | 星期四: 10:00 – 12:30, 14:00 – 17:00, 18:00 – 21:00 | 星期五: 10:00 – 12:30, 14:00 – 17:00, 18:00 – 21:00 | 星期六: 10:00 – 12:30, 14:00 – 17:00, 18:00 – 21:00 | 星期日: 休息",5,台北市,松山區,醫院
祐熙動物醫院,11562台灣台北市南港區玉成街66-26號,02 2651 9198,https://goo.gl/VzVYCg,4.8,192,"星期一: 10:00 – 12:00, 14:00 – 17:00, 18:30 – 21:00 | 星期二: 10:00 – 12:00, 14:00 – 17:00, 18:30 – 21:00 | 星期三: 10:00 – 12:00, 14:00 – 17:00, 18:30 – 21:00 | 星期四: 10:00 – 12:00, 14:00 – 17:00, 18:30 – 21:00 | 星期五: 10:00 – 12:00, 14:00 – 17:00, 18:30 – 21:00 | 星期六: 10:00 – 12:00, 14:00 – 17:00, 18:30 – 21:00 | 星期日: 休息",5,台北市,松山區,醫院
愛心動物醫院(台北市),110台灣台北市信義區光復南路563號1樓,02 2345 1633,https://www.facebook.com/share/1C61wyptN7/,4.7,272,"星期一: 12:00 – 16:00, 18:00 – 21:00 | 星期二: 12:00 – 16:00, 18:00 – 21:00 | 星期三: 12:00 – 16:00, 18:00 – 21:00 | 星期四: 休息 | 星期五: 20:00 – 22:00 | 星期六: 12:00 – 18:00 | 星期日: 休息",5,台北市,松山區,醫院
詠欣動物醫院,110台灣台北市信義區莊敬路428號,02 2720 2631,,4.7,547,"星期一: 10:00 – 12:00, 14:00 – 21:00 | 星期二: 10:00 – 12:00, 14:00 – 21:00 | 星期三: 10:00 – 12:00, 14:00 – 21:00 | 星期四: 10:00 – 12:00, 14:00 – 21:00 | 星期五: 10:00 – 12:00, 14:00 – 21:00 | 星期六: 10:00 – 12:00, 14:00 – 19:30 | 星期日: 休息",5,台北市,松山區,醫院
橡果動物醫院,110台灣台北市信義區林口街228號1樓,02 2727 2121,https://www.facebook.com/acornah228,4.4,99,"星期一: 10:00 – 12:30, 13:30 – 17:30, 18:30 – 21:00 | 星期二: 10:00 – 12:30, 13:30 – 17:30, 18:30 – 21:00 | 星期三: 10:00 – 12:30, 13:30 – 17:30, 18:30 – 21:00 | 星期四: 13:30 – 17:30, 18:30 – 21:00 | 星期五: 10:00 – 12:30, 13:30 – 17:30, 18:30 – 21:00 | 星期六: 10:00 – 12:30, 13:30 – 17:30, 18:30 – 21:00 | 星期日: 休息",5,台北市,松山區,醫院
豐德動物醫院,110台灣台北市信義區莊敬路235號,02 2758 8292,,4.7,205,"星期一: 09:30 – 11:45, 14:00 – 17:45, 19:00 – 21:15 | 星期二: 09:30 – 11:45, 14:00 – 17:45, 19:00 – 21:15 | 星期三: 09:30 – 11:45, 14:00 – 17:45, 19:00 – 21:15 | 星期四: 09:30 – 11:45, 14:00 – 17:45, 19:00 – 21:15 | 星期五: 09:30 – 11:45, 14:00 – 17:45, 19:00 – 21:15 | 星期六: 09:30 – 11:45, 14:00 – 17:45 | 星期日: 休息",5,台北市,松山區,醫院
安安動物醫院,11076台灣台北市信義區松德路57號,02 2728 1315,,3.3,52,星期一: 09:00 – 21:00 | 星期二: 09:00 – 21:00 | 星期三: 09:00 – 21:00 | 星期四: 09:00 – 21:00 | 星期五: 09:00 – 21:00 | 星期六: 09:00 – 21:00 | 星期日: 休息,5,台北市,松山區,醫院
小布動物醫院,115台灣台北市南港區永吉路548號,02 2654 7337,https://www.facebook.com/bryantanimalhospital/,4.6,86,"星期一: 10:00 – 12:00, 13:00 – 17:00, 18:00 – 21:30 | 星期二: 休息 | 星期三: 10:00 – 12:00, 13:00 – 17:00, 18:00 – 21:30 | 星期四: 10:00 – 12:00, 13:00 – 17:00, 18:00 – 21:30 | 星期五: 10:00 – 12:00, 13:00 – 17:00, 18:00 – 21:30 | 星期六: 10:00 – 12:00, 13:00 – 17:00, 18:00 – 21:30 | 星期日: 10:00 – 12:00, 13:00 – 17:00, 18:00 – 21:30",5,台北市,松山區,醫院
維恩動物醫院,115台灣台北市南港區東新街132號,02 2651 5527,https://www.facebook.com/WinAnimalHospital/?fref=ts,4.8,262,星期一: 15:30 – 18:00 | 星期二: 休息 | 星期三: 休息 | 星期四: 15:30 – 19:00 | 星期五: 15:30 – 19:00 | 星期六: 15:30 – 19:00 | 星期日: 13:30 – 17:00,5,台北市,松山區,醫院
國寶動物醫院 地址在八德路二段229之2號！,10491台灣台北市中山區八德路二段229之2號,02 2721 1798,https://gobopet.com.tw/medical-center/,,,"星期一: 09:30 – 12:00, 13:30 – 16:30, 18:00 – 20:30 | 星期二: 09:30 – 12:00, 13:30 – 16:30, 18:00 – 20:30 | 星期三: 09:30 – 12:00, 13:30 – 16:30, 18:00 – 20:30 | 星期四: 09:30 – 12:00, 13:30 – 16:30, 18:00 – 20:30 | 星期五: 09:30 – 12:00, 13:30 – 16:30, 18:00 – 20:30 | 星期六: 09:30 – 12:00, 13:30 – 16:30, 18:00 – 20:30 | 星期日: 09:30 – 12:00, 13:30 – 16:30, 18:00 – 20:30",5,台北市,松山區,醫院
戴瑩乾寵物醫院,106台灣大安區延吉街91號,02 2731 0809,,4.8,111,星期一: 09:00 – 21:00 | 星期二: 09:00 – 21:00 | 星期三: 09:00 – 21:00 | 星期四: 09:00 – 21:00 | 星期五: 09:00 – 21:00 | 星期六: 09:00 – 17:00 | 星期日: 09:00 – 12:00,5,台北市,松山區,醫院
嘉寵動物醫院,105台灣台北市松山區八德路四段8號1樓,02 2766 9089,https://www.facebook.com/profile.php?id=61555778744272&locale=zh_TW,4.9,52,,5,台北市,松山區,醫院
安興動物醫院,110台灣台北市信義區吳興街478號,02 8780 3433,,4.4,169,"星期一: 12:00 – 17:30, 19:30 – 21:30 | 星期二: 休息 | 星期三: 12:00 – 17:30, 19:30 – 21:30 | 星期四: 12:00 – 17:30, 19:30 – 21:30 | 星期五: 12:00 – 17:30, 19:30 – 21:30 | 星期六: 12:00 – 17:30 | 星期日: 12:00 – 17:30",5,台北市,松山區,醫院
加州動物醫院,114台灣台北市內湖區文德路9號,02 2798 7942,,4.5,96,"星期一: 10:00 – 13:00, 14:00 – 18:00, 19:00 – 21:30 | 星期二: 10:00 – 13:00, 14:00 – 18:00, 19:00 – 21:30 | 星期三: 10:00 – 13:00, 14:00 – 18:00, 19:00 – 21:30 | 星期四: 10:00 – 13:00, 14:00 – 18:00, 19:00 – 21:30 | 星期五: 10:00 – 13:00, 14:00 – 18:00, 19:00 – 21:30 | 星期六: 10:00 – 13:00, 14:00 – 18:00, 19:00 – 21:30 | 星期日: 休息",5,台北市,松山區,醫院
達仁動物醫院,116台灣台北市文山區木柵路二段133號,02 2937 1558,,4.6,309,"星期一: 10:00 – 13:00, 14:00 – 22:00 | 星期二: 10:00 – 13:00, 14:00 – 22:00 | 星期三: 10:00 – 13:00, 14:00 – 22:00 | 星期四: 10:00 – 13:00, 14:00 – 22:00 | 星期五: 10:00 – 13:00, 14:00 – 22:00 | 星期六: 10:00 – 13:00, 14:00 – 22:00 | 星期日: 休息",5,台北市,松山區,醫院
中研動物醫院,115台灣台北市南港區研究院路一段72號,02 2651 2100,,4.3,606,星期一: 09:30 – 21:00 | 星期二: 09:30 – 21:00 | 星期三: 09:30 – 21:00 | 星期四: 09:30 – 21:00 | 星期五: 09:30 – 21:00 | 星期六: 09:30 – 21:00 | 星期日: 10:00 – 12:00,5,台北市,松山區,醫院
澄毅動物醫院,106台灣台北市大安區安和路二段171巷13號,02 2733 4341,http://www.facebook.com/chengyi171#!/chengyi171?sk=wall,4.7,258,"星期一: 09:30 – 11:30, 13:30 – 17:00, 18:00 – 21:00 | 星期二: 09:30 – 11:30, 13:30 – 17:00, 18:00 – 21:00 | 星期三: 13:30 – 17:00, 18:00 – 21:00 | 星期四: 09:30 – 11:30, 13:30 – 17:00, 18:00 – 21:00 | 星期五: 09:30 – 11:30, 13:30 – 17:00, 18:00 – 21:00 | 星期六: 10:00 – 17:00 | 星期日: 休息",5,台北市,大安區,醫院
麟安動物醫院,106台灣台北市大安區和平東路三段324號,02 2738 3008,,4.5,464,"星期一: 09:30 – 12:30, 14:30 – 19:30 | 星期二: 09:30 – 12:30, 14:30 – 19:00 | 星期三: 09:30 – 12:30, 14:30 – 19:30 | 星期四: 09:30 – 12:30, 14:30 – 19:30 | 星期五: 09:30 – 12:30, 14:30 – 19:30 | 星期六: 09:30 – 12:30, 14:30 – 17:00 | 星期日: 休息",5,台北市,大安區,醫院
左岸動物醫院-大安院｜內視鏡｜異物夾取｜中獸醫｜寵物針灸｜洗牙｜ICU｜動物醫院推薦 ｜重症照護,106021台灣台北市大安區羅斯福路三段331號,02 2365 0580,https://instagram.com/tzadavet?igshid=NTc4MTIwNjQ2YQ==,4.9,108,"星期一: 09:30 – 12:00, 13:00 – 17:00, 18:00 – 21:30 | 星期二: 09:30 – 12:00, 13:00 – 17:00, 18:00 – 21:30 | 星期三: 09:30 – 12:00, 13:00 – 17:00, 18:00 – 21:30 | 星期四: 休息 | 星期五: 09:30 – 12:00, 13:00 – 17:00, 18:00 – 21:30 | 星期六: 09:30 – 12:00, 13:00 – 17:00, 18:00 – 21:30 | 星期日: 09:30 – 12:00, 13:00 – 17:00, 18:00 – 21:30",5,台北市,大安區,醫院
常明動物醫院,106台灣台北市大安區復興南路二段322號1樓,02 2703 0809,https://www.everbrightvet.com/,4.2,295,"星期一: 09:30 – 12:00, 13:30 – 21:00 | 星期二: 09:30 – 12:00, 13:30 – 21:00 | 星期三: 09:30 – 12:00, 13:30 – 21:00 | 星期四: 休息 | 星期五: 09:30 – 12:00, 13:30 – 21:00 | 星期六: 09:30 – 12:00, 13:30 – 18:00 | 星期日: 休息",5,台北市,大安區,醫院
佑仁動物醫院,106台灣大安區和平東路一段200號,02 2363 5377,,4.8,133,星期一: 10:00 – 22:00 | 星期二: 10:00 – 22:00 | 星期三: 10:00 – 22:00 | 星期四: 10:00 – 22:00 | 星期五: 10:00 – 22:00 | 星期六: 10:00 – 22:00 | 星期日: 休息,5,台北市,大安區,醫院
心傳動物醫院,106台灣台北市大安區和平東路二段339號1樓,02 2755 5568,http://chuanvet.com/,4.5,330,星期一: 07:00 – 23:00 | 星期二: 13:00 – 23:00 | 星期三: 07:00 – 23:00 | 星期四: 07:00 – 23:00 | 星期五: 07:00 – 23:00 | 星期六: 07:00 – 23:00 | 星期日: 07:00 – 23:00,5,台北市,大安區,醫院
曾安動物醫院,106台灣台北市大安區通化街148號,02 2738 3248,,4.7,89,星期一: 10:00 – 21:00 | 星期二: 10:00 – 21:00 | 星期三: 10:00 – 21:00 | 星期四: 10:00 – 21:00 | 星期五: 10:00 – 21:00 | 星期六: 10:00 – 16:00 | 星期日: 休息,5,台北市,大安區,醫院
台大動物醫院,106台灣台北市大安區基隆路三段153號,02 2739 6828,http://www.vh.ntu.edu.tw/,3.8,884,星期一: 08:00 – 17:00 | 星期二: 08:00 – 17:00 | 星期三: 08:00 – 17:00 | 星期四: 08:00 – 17:00 | 星期五: 08:00 – 17:00 | 星期六: 休息 | 星期日: 休息,5,台北市,大安區,醫院
愛貓園動物醫院（週三特寵門診、週日針灸門診） 預約制,106台灣台北市大安區基隆路二段124號,02 2739 2966,https://www.lovecat.com.tw/pages/%E5%8B%95%E7%89%A9%E9%86%AB%E9%99%A2-%E6%9C%8D%E5%8B%99%E9%A0%85%E7%9B%AE,4.3,80,星期一: 10:30 – 00:00 | 星期二: 10:30 – 00:00 | 星期三: 10:30 – 00:00 | 星期四: 10:30 – 00:00 | 星期五: 10:30 – 00:00 | 星期六: 10:30 – 00:00 | 星期日: 10:30 – 00:00,5,台北市,大安區,醫院
見安動物醫院,106台灣台北市大安區四維路170巷45號,02 2707 0989,,4.7,33,星期一: 16:00 – 21:00 | 星期二: 16:00 – 21:00 | 星期三: 16:00 – 21:00 | 星期四: 16:00 – 21:00 | 星期五: 16:00 – 21:00 | 星期六: 16:00 – 21:00 | 星期日: 休息,5,台北市,大安區,醫院
敦化動物醫院,106台灣大安區敦化南路1段279號,02 2708 0284,,4.2,37,星期一: 11:00 – 20:00 | 星期二: 11:00 – 20:00 | 星期三: 11:00 – 20:00 | 星期四: 11:00 – 20:00 | 星期五: 11:00 – 20:00 | 星期六: 11:00 – 20:00 | 星期日: 休息,5,台北市,大安區,醫院
明誠動物醫院,106台灣台北市大安區瑞安街45號,02 2708 6310,,3.7,35,星期一: 12:00 – 22:00 | 星期二: 12:00 – 22:00 | 星期三: 12:00 – 22:00 | 星期四: 12:00 – 22:00 | 星期五: 12:00 – 22:00 | 星期六: 12:00 – 22:00 | 星期日: 休息,5,台北市,大安區,醫院
宏成動物醫院,106台灣台北市大安區和平東路三段66-1號,02 2378 0228,,4.4,24,星期一: 13:30 – 21:30 | 星期二: 13:30 – 21:30 | 星期三: 13:30 – 21:30 | 星期四: 13:30 – 21:30 | 星期五: 13:30 – 21:30 | 星期六: 13:30 – 21:30 | 星期日: 休息,5,台北市,大安區,醫院
品安動物醫院,116台灣台北市文山區羅斯福路六段89號,02 2935 9188,https://www.facebook.com/pinan2010/,4.8,317,"星期一: 09:00 – 12:00, 15:00 – 21:00 | 星期二: 09:00 – 12:00, 15:00 – 21:00 | 星期三: 09:00 – 12:00, 15:00 – 21:00 | 星期四: 休息 | 星期五: 09:00 – 12:00, 15:00 – 21:00 | 星期六: 09:00 – 12:00, 15:00 – 17:00 | 星期日: 09:00 – 12:00, 15:00 – 17:00",5,台北市,大安區,醫院
立健動物醫院,110台灣台北市信義區和平東路三段255號,02 2733 9102,,4.8,98,星期一: 09:30 – 21:00 | 星期二: 09:30 – 21:00 | 星期三: 09:30 – 21:00 | 星期四: 09:30 – 21:00 | 星期五: 09:30 – 21:00 | 星期六: 09:30 – 21:00 | 星期日: 休息,5,台北市,大安區,醫院
亞洲獸醫專科醫院,106台灣台北市大安區安和路二段171巷5號,02 2738 3288,https://avh.tw/,4.5,173,星期一: 休息 | 星期二: 10:00 – 18:00 | 星期三: 10:00 – 18:00 | 星期四: 10:00 – 18:00 | 星期五: 10:00 – 18:00 | 星期六: 10:00 – 18:00 | 星期日: 休息,4,台北市,大安區,醫院
龐龐毛小孩醫院 PUMPUM furbaby clinic-脊椎內視鏡,106台灣台北市大安區安和路二段68號,02 2708 0112,https://www.pumpumfurbabyclinic.com/,4.9,120,星期一: 10:30 – 21:00 | 星期二: 10:30 – 21:00 | 星期三: 10:30 – 21:00 | 星期四: 10:30 – 21:00 | 星期五: 10:30 – 21:00 | 星期六: 10:30 – 21:00 | 星期日: 10:30 – 21:00,4,台北市,大安區,醫院
貓醫生的貓診所(純預約制),106台灣台北市大安區忠孝東路三段194號二樓之1,02 2771 5810,http://www.catdocs.tw/,4.6,144,星期一: 09:00 – 18:30 | 星期二: 休息 | 星期三: 09:00 – 18:30 | 星期四: 09:00 – 18:30 | 星期五: 09:00 – 18:30 | 星期六: 休息 | 星期日: 休息,2,台北市,大安區,醫院
雙園動物醫院,108台灣萬華區西園路二段105號,02 2308 4409,,4.6,179,"星期一: 09:00 – 12:00, 14:30 – 19:00 | 星期二: 09:00 – 12:00, 14:30 – 19:00 | 星期三: 09:00 – 12:00, 14:30 – 19:00 | 星期四: 09:00 – 12:00, 14:30 – 19:00 | 星期五: 09:00 – 12:00, 14:30 – 19:00 | 星期六: 09:00 – 12:00, 14:30 – 18:30 | 星期日: 休息",5,台北市,萬華區,醫院
萬華動物醫院,108台灣台北市萬華區昆明街165號,02 2361 4831,,3.5,70,星期一: 09:00 – 21:00 | 星期二: 09:00 – 21:00 | 星期三: 09:00 – 21:00 | 星期四: 09:00 – 21:00 | 星期五: 09:00 – 21:00 | 星期六: 09:00 – 21:00 | 星期日: 休息,5,台北市,萬華區,醫院
寶血動物醫院｜貓狗捐血輸血,108台灣台北市萬華區中華路二段6號1樓,02 2388 0110,https://dogcatbloodbank.com/,4.8,34,"星期一: 12:00 – 17:00, 18:00 – 21:00 | 星期二: 12:00 – 17:00, 18:00 – 21:00 | 星期三: 休息 | 星期四: 12:00 – 17:00, 18:00 – 21:00 | 星期五: 12:00 – 17:00, 18:00 – 21:00 | 星期六: 12:00 – 17:00, 18:00 – 21:00 | 星期日: 休息",5,台北市,萬華區,醫院
環南動物醫院,108台灣萬華區和平西路三段205號,02 2302 0109,,4.4,60,"星期一: 11:30 – 12:00, 14:00 – 20:00 | 星期二: 11:30 – 12:00, 14:00 – 20:00 | 星期三: 11:30 – 12:00, 14:00 – 20:00 | 星期四: 11:30 – 12:00, 14:00 – 20:00 | 星期五: 11:30 – 12:00, 14:00 – 20:00 | 星期六: 休息 | 星期日: 休息",5,台北市,萬華區,醫院
保全獸醫院,108029台灣台北市萬華區西藏路326號,02 2302 4375,,3.8,80,星期一: 11:00 – 19:00 | 星期二: 11:00 – 19:00 | 星期三: 11:00 – 19:00 | 星期四: 11:00 – 19:00 | 星期五: 11:00 – 19:00 | 星期六: 11:00 – 19:00 | 星期日: 休息,4,台北市,萬華區,醫院
犬貓長照中心/寵物長照醫療/犬貓長照復健/高壓氧/水療機,108台灣台北市萬華區中華路二段2號1樓,02 2388 0122,,5,1,星期一: 24 小時營業 | 星期二: 24 小時營業 | 星期三: 24 小時營業 | 星期四: 24 小時營業 | 星期五: 24 小時營業 | 星期六: 24 小時營業 | 星期日: 24 小時營業,3,台北市,萬華區,醫院
外星變形貓動物醫院｜犬貓內科與家醫科,108台灣台北市萬華區南寧路1號,,,5,33,,5,台北市,萬華區,醫院
名冠動物醫院,11078台灣台北市信義區中坡南路207號,02 2759 0447,https://m.facebook.com/Dr.SparrowLiu/,4.7,328,"星期一: 10:00 – 12:00, 14:00 – 20:00 | 星期二: 10:00 – 12:00, 14:00 – 20:00 | 星期三: 10:00 – 12:00, 14:00 – 20:00 | 星期四: 10:00 – 12:00, 14:00 – 20:00 | 星期五: 10:00 – 12:00, 14:00 – 20:00 | 星期六: 10:00 – 12:00, 14:00 – 20:00 | 星期日: 休息",5,台北市,信義區,醫院
玉山動物醫院,110台灣台北市信義區信義路六段37號,02 2346 6659,,4.6,95,"星期一: 15:00 – 21:00 | 星期二: 10:00 – 14:00, 17:00 – 21:00 | 星期三: 休息 | 星期四: 10:00 – 14:00, 17:00 – 21:00 | 星期五: 10:00 – 14:00, 17:00 – 21:00 | 星期六: 10:00 – 21:00 | 星期日: 休息",5,台北市,信義區,醫院
文逸動物醫院,110台灣台北市信義區和平東路三段391巷8弄27號,02 2732 2254,,4.6,80,星期一: 10:00 – 20:30 | 星期二: 10:00 – 20:30 | 星期三: 10:00 – 20:30 | 星期四: 10:00 – 20:30 | 星期五: 10:00 – 20:30 | 星期六: 10:00 – 17:30 | 星期日: 休息,5,台北市,信義區,醫院
光蹄動物醫院│進階牙科│牙科X光│犬貓健檢│一般外科│一般內科│動物醫院推薦│,110台灣台北市信義區光復南路473巷11弄40號,02 8786 5931,https://www.facebook.com/profile.php?id=61573634392992&locale=zh_TW,5,8,"星期一: 10:00 – 13:00, 14:00 – 18:00, 19:00 – 22:00 | 星期二: 10:00 – 13:00, 14:00 – 18:00, 19:00 – 22:00 | 星期三: 10:00 – 13:00, 14:00 – 18:00, 19:00 – 22:00 | 星期四: 10:00 – 13:00, 14:00 – 18:00, 19:00 – 22:00 | 星期五: 10:00 – 13:00, 14:00 – 18:00, 19:00 – 22:00 | 星期六: 10:00 – 13:00, 14:00 – 18:00, 19:00 – 22:00 | 星期日: 休息",5,台北市,信義區,醫院
核心動物醫院,11494台灣台北市內湖區舊宗路一段50號,02 8791 0059,https://ahunicore.wordpress.com/,4.6,196,星期一: 休息 | 星期二: 10:00 – 18:30 | 星期三: 10:00 – 18:30 | 星期四: 10:00 – 18:30 | 星期五: 10:00 – 18:30 | 星期六: 10:00 – 17:30 | 星期日: 休息,5,台北市,信義區,醫院
勾勾動物醫院 (4/12飼主講座 下午休診),115台灣台北市南港區重陽路144號,02 2651 0144,,5,35,"星期一: 10:00 – 12:00, 14:00 – 17:00, 19:00 – 21:30 | 星期二: 10:00 – 12:00, 14:00 – 17:00, 19:00 – 21:30 | 星期三: 10:00 – 12:00, 14:00 – 17:00, 19:00 – 21:30 | 星期四: 休息 | 星期五: 10:00 – 12:00, 14:00 – 17:00, 19:00 – 21:30 | 星期六: 10:00 – 12:00, 14:00 – 17:00, 19:00 – 21:30 | 星期日: 10:00 – 12:00, 14:00 – 17:00, 17:30 – 20:00",5,台北市,信義區,醫院
溫莎動物醫院,111台灣台北市士林區德行東路83號,02 2834 5969,,3.8,68,星期一: 12:00 – 21:00 | 星期二: 12:00 – 21:00 | 星期三: 休息 | 星期四: 12:00 – 21:00 | 星期五: 12:00 – 21:00 | 星期六: 12:00 – 21:00 | 星期日: 休息,5,台北市,士林區,醫院
芝山動物醫院,111台灣台北市士林區文林路762-2號,02 2832 8385,https://www.facebook.com/z3vet,4.3,686,"星期一: 10:00 – 12:00, 14:00 – 17:30, 19:00 – 21:00 | 星期二: 10:00 – 12:00, 14:00 – 17:30, 19:00 – 21:00 | 星期三: 10:00 – 12:00, 14:00 – 17:30, 19:00 – 21:00 | 星期四: 10:00 – 12:00, 14:00 – 17:30, 19:00 – 21:00 | 星期五: 10:00 – 12:00, 14:00 – 17:30, 19:00 – 21:00 | 星期六: 10:00 – 12:00, 14:00 – 17:30, 19:00 – 21:00 | 星期日: 10:00 – 12:00, 14:00 – 17:30, 19:00 – 21:00",5,台北市,士林區,醫院
劉動物醫院,111台灣台北市士林区士东路298號1樓,02 2836 5679,,4.8,214,"星期一: 09:00 – 11:59, 14:00 – 18:00 | 星期二: 09:00 – 11:59, 14:00 – 18:00 | 星期三: 09:00 – 11:59, 14:00 – 18:00 | 星期四: 09:00 – 11:59, 14:00 – 18:00 | 星期五: 09:00 – 11:59, 14:00 – 18:00 | 星期六: 09:00 – 11:59, 14:00 – 18:00 | 星期日: 休息",5,台北市,士林區,醫院
忠誠動物醫院,111台灣台北市士林區文林路734號,02 2835 1390,,4.6,63,星期一: 10:00 – 21:00 | 星期二: 10:00 – 21:00 | 星期三: 10:00 – 21:00 | 星期四: 10:00 – 21:00 | 星期五: 10:00 – 21:00 | 星期六: 10:00 – 21:00 | 星期日: 休息,5,台北市,士林區,醫院
查米動物醫院,111台灣台北市士林區忠誠路二段70巷4號,02 2831 6759,,4.7,78,"星期一: 10:00 – 13:00, 14:30 – 21:00 | 星期二: 10:00 – 13:00, 14:30 – 21:00 | 星期三: 10:00 – 13:00, 14:30 – 21:00 | 星期四: 10:00 – 13:00, 14:30 – 21:00 | 星期五: 10:00 – 13:00, 14:30 – 21:00 | 星期六: 10:00 – 13:00, 14:30 – 19:30 | 星期日: 休息",5,台北市,士林區,醫院
微笑動物醫院,111台灣台北市士林區中山北路七段163號,02 2873 0728,,4.7,105,"星期一: 10:00 – 12:00, 13:30 – 21:00 | 星期二: 10:00 – 12:00, 13:30 – 21:00 | 星期三: 10:00 – 12:00, 13:30 – 21:00 | 星期四: 10:00 – 12:00, 13:30 – 21:00 | 星期五: 10:00 – 12:00, 13:30 – 21:00 | 星期六: 10:00 – 18:00 | 星期日: 休息",5,台北市,士林區,醫院
| 士林天母 | 尼古拉動物醫院,111台灣台北市士林區克強路23號,02 2832 3386,https://nicolasah.blogspot.com/p/blog-page_19.html,4.3,180,"星期一: 09:00 – 12:00, 13:00 – 17:00, 18:00 – 21:00 | 星期二: 09:00 – 12:00, 13:00 – 17:00, 18:00 – 21:00 | 星期三: 13:00 – 17:00, 18:00 – 21:00 | 星期四: 09:00 – 12:00, 13:00 – 17:00, 18:00 – 21:00 | 星期五: 休息 | 星期六: 09:00 – 12:00, 13:00 – 17:00, 18:00 – 21:00 | 星期日: 09:00 – 12:00, 13:00 – 17:00, 18:00 – 21:00",5,台北市,士林區,醫院
世東動物醫院,111028台灣台北市士林區士東路39號,02 2871 2529,http://stone39vet.com/,4.4,104,"星期一: 09:30 – 13:00, 14:00 – 21:00 | 星期二: 09:30 – 13:00, 14:00 – 21:00 | 星期三: 09:30 – 13:00, 14:00 – 21:00 | 星期四: 09:30 – 13:00, 14:00 – 21:00 | 星期五: 09:30 – 13:00, 14:00 – 21:00 | 星期六: 09:30 – 13:00, 14:00 – 21:00 | 星期日: 09:30 – 13:00, 14:00 – 17:00",5,台北市,士林區,醫院
DrQQ 常源動物醫院,11147台灣台北市士林區德行東路189號1樓,02 2837 0616,https://www.drqq.org/,4.2,159,"星期一: 休息 | 星期二: 09:30 – 12:30, 13:30 – 18:30 | 星期三: 09:30 – 12:30, 13:30 – 18:30 | 星期四: 09:30 – 12:30, 13:30 – 18:30 | 星期五: 09:30 – 12:30, 13:30 – 21:30 | 星期六: 09:30 – 12:30, 13:30 – 18:30 | 星期日: 休息",5,台北市,士林區,醫院
福臨動物醫院,111台灣台北市士林區中山北路五段519號1樓,02 2883 6500,,3.8,100,星期一: 10:00 – 21:00 | 星期二: 10:00 – 21:00 | 星期三: 10:00 – 21:00 | 星期四: 10:00 – 21:00 | 星期五: 10:00 – 21:00 | 星期六: 10:00 – 21:00 | 星期日: 10:00 – 21:00,5,台北市,士林區,醫院
信達犬貓專科醫院,111台灣台北市士林區華齡街22巷15弄5號,02 2881 2150,,4.1,15,,5,台北市,士林區,醫院
北投動物醫院（預約優先制）,112061台灣台北市北投區中央北路二段60-1號,02 2892 8665,https://www.facebook.com/%E5%8C%97%E6%8A%95%E5%8B%95%E7%89%A9%E9%86%AB%E9%99%A2-228158957204479/?view_public_for=228158957204479,4.7,250,"星期一: 09:30 – 12:00, 14:00 – 18:00, 19:00 – 20:30 | 星期二: 09:30 – 12:00, 14:00 – 18:00, 19:00 – 20:30 | 星期三: 09:30 – 12:00, 14:00 – 18:00 | 星期四: 09:30 – 12:00, 14:00 – 18:00, 19:00 – 20:30 | 星期五: 09:30 – 12:00, 14:00 – 18:00, 19:00 – 20:30 | 星期六: 09:30 – 12:00, 14:00 – 18:00 | 星期日: 休息",5,台北市,士林區,醫院
劍橋動物醫院,112台灣台北市北投區石牌路二段332-1號,02 2872 1398,https://www.facebook.com/%E5%8A%8D%E6%A9%8B%E5%8B%95%E7%89%A9%E9%86%AB%E9%99%A2-190560750983868/?ref=page_internal,4.4,125,星期一: 10:00 – 21:00 | 星期二: 10:00 – 21:00 | 星期三: 休息 | 星期四: 10:00 – 21:00 | 星期五: 10:00 – 21:00 | 星期六: 10:00 – 21:00 | 星期日: 10:00 – 18:00,5,台北市,士林區,醫院
加生動物醫院MLS雷射針灸治療中心,112台灣台北市北投區石牌路一段95號,02 2820 7218,https://www.youtube.com/watch?v=YKXVlE5ik40,4.8,343,"星期一: 09:00 – 12:00, 15:00 – 21:00 | 星期二: 09:00 – 12:00, 15:00 – 21:00 | 星期三: 09:00 – 12:00, 15:00 – 21:00 | 星期四: 09:00 – 12:00, 15:00 – 21:00 | 星期五: 09:00 – 12:00, 15:00 – 21:00 | 星期六: 09:00 – 12:00 | 星期日: 休息",5,台北市,士林區,醫院
厚德動物醫院,111台灣士林區華齡街54號,02 2883 1716,,3.8,42,星期一: 10:00 – 21:30 | 星期二: 10:00 – 21:30 | 星期三: 10:00 – 21:30 | 星期四: 10:00 – 21:30 | 星期五: 10:00 – 21:30 | 星期六: 10:00 – 21:30 | 星期日: 休息,5,台北市,士林區,醫院
杜瑪動物醫院（全預約制）,112台灣台北市北投區大業路541號,02 2897 7779,https://dumaah.com/,4.6,230,"星期一: 10:00 – 13:00, 14:00 – 17:00, 18:00 – 21:00 | 星期二: 10:00 – 13:00, 14:00 – 17:00, 18:00 – 21:00 | 星期三: 10:00 – 13:00, 14:00 – 17:00, 18:00 – 21:00 | 星期四: 10:00 – 13:00, 14:00 – 17:00, 18:00 – 21:00 | 星期五: 10:00 – 13:00, 14:00 – 17:00, 18:00 – 21:00 | 星期六: 10:00 – 13:00, 14:00 – 17:00, 18:00 – 21:00 | 星期日: 10:00 – 13:00, 14:00 – 17:00",5,台北市,士林區,醫院
萬達動物醫院,"1f, No. 18號義理街北投區台北市台灣 112",02 2821 0585,https://www.facebook.com/%E8%90%AC%E9%81%94%E5%8B%95%E7%89%A9%E9%86%AB%E9%99%A2-161458084582715/,4.9,112,"星期一: 09:00 – 13:00, 15:00 – 21:00 | 星期二: 09:00 – 13:00, 15:00 – 21:00 | 星期三: 休息 | 星期四: 09:00 – 13:00, 15:00 – 21:00 | 星期五: 09:00 – 13:00, 15:00 – 21:00 | 星期六: 09:00 – 13:00, 15:00 – 21:00 | 星期日: 09:00 – 15:00",5,台北市,士林區,醫院
全民動物醫院,112台灣台北市北投區懷德街6-3號,02 2893 9752,,4.3,91,星期一: 09:00 – 21:00 | 星期二: 09:00 – 21:00 | 星期三: 09:00 – 21:00 | 星期四: 09:00 – 21:00 | 星期五: 09:00 – 21:00 | 星期六: 09:00 – 21:00 | 星期日: 09:00 – 12:00,5,台北市,士林區,醫院
中英動物醫院,112台灣台北市北投區中央北路一段149號,02 2893 6119,,4.5,1108,"星期一: 09:30 – 12:30, 15:00 – 20:30 | 星期二: 09:30 – 12:30, 15:00 – 20:30 | 星期三: 09:30 – 12:30, 15:00 – 20:30 | 星期四: 09:30 – 12:30, 15:00 – 20:30 | 星期五: 09:30 – 12:30, 15:00 – 20:30 | 星期六: 09:30 – 12:30, 15:00 – 20:30 | 星期日: 09:30 – 12:30, 15:00 – 16:30",5,台北市,士林區,醫院
明德動物醫院,112台灣台北市北投區明德路115號,02 2823 9018,,3.7,143,星期一: 10:00 – 20:00 | 星期二: 10:00 – 20:00 | 星期三: 10:00 – 20:00 | 星期四: 10:00 – 20:00 | 星期五: 10:00 – 20:00 | 星期六: 10:00 – 20:00 | 星期日: 10:00 – 20:00,5,台北市,士林區,醫院
陽明家畜醫院,111台灣台北市士林區天母東路1之6號,02 2872 6911,https://www.facebook.com/YangMingVH,4.5,264,"星期一: 09:00 – 12:30, 13:30 – 20:30 | 星期二: 09:00 – 12:30, 13:30 – 20:30 | 星期三: 09:00 – 12:30, 13:30 – 20:30 | 星期四: 09:00 – 12:30, 13:30 – 20:30 | 星期五: 09:00 – 12:30, 13:30 – 20:30 | 星期六: 09:00 – 12:30, 13:30 – 20:30 | 星期日: 09:00 – 14:00",4,台北市,士林區,醫院
士林獸醫院 士林區中正路379號ㄧ樓,111台灣台北市士林區中正路381號,02 2882 2193,https://www.facebook.com/shihlinah?mibextid=ZbWKwL,4.8,24,"星期一: 09:00 – 12:00, 15:00 – 21:00 | 星期二: 09:00 – 12:00, 15:00 – 21:00 | 星期三: 09:00 – 12:00, 15:00 – 21:00 | 星期四: 09:00 – 12:00, 15:00 – 21:00 | 星期五: 09:00 – 12:00, 15:00 – 21:00 | 星期六: 09:00 – 12:00, 15:00 – 21:00 | 星期日: 休息",4,台北市,士林區,醫院
天母家畜醫院,111台灣台北市士林區中山北路六段431-3號,02 2874 6381,https://www.facebook.com/%E5%A4%A9%E6%AF%8D%E5%AE%B6%E7%95%9C%E9%86%AB%E9%99%A2%E7%B2%89%E7%B5%B2%E5%9C%98-216665705024811,4.6,127,星期一: 09:00 – 21:00 | 星期二: 09:00 – 21:00 | 星期三: 09:00 – 21:00 | 星期四: 09:00 – 21:00 | 星期五: 09:00 – 21:00 | 星期六: 10:00 – 21:00 | 星期日: 休息,4,台北市,士林區,醫院
和欣動物醫院,112台灣台北市北投區雙全街7號,02 2897 3439,,4.6,220,星期一: 09:30 – 20:00 | 星期二: 09:30 – 20:00 | 星期三: 09:30 – 20:00 | 星期四: 09:30 – 20:00 | 星期五: 09:30 – 20:00 | 星期六: 09:30 – 20:00 | 星期日: 休息,5,台北市,士林區,醫院
湖光動物醫院(週日有營業 提供刷卡服務),112台灣台北市北投區大業路631號,02 2896 6079,https://zh-tw.facebook.com/HuGuang.TP/,4.7,328,"星期一: 10:00 – 11:30, 13:00 – 16:30, 18:00 – 20:00 | 星期二: 10:00 – 11:30, 13:00 – 16:30, 18:00 – 20:00 | 星期三: 10:00 – 11:30, 13:00 – 16:30, 18:00 – 20:00 | 星期四: 10:00 – 11:30, 13:00 – 16:30, 18:00 – 20:00 | 星期五: 10:00 – 11:30, 13:00 – 16:30, 18:00 – 20:00 | 星期六: 10:00 – 11:30, 13:00 – 16:30, 18:00 – 20:00 | 星期日: 10:00 – 11:30, 13:00 – 16:30, 18:00 – 20:00",5,台北市,士林區,醫院
艾美動物醫院,114台灣台北市內湖區港墘路107號,02 2658 0768,https://fb.me/AiMeiDVM,4.9,186,"星期一: 10:00 – 13:00, 15:00 – 20:30 | 星期二: 10:00 – 13:00, 15:00 – 20:30 | 星期三: 10:00 – 13:00, 15:00 – 20:30 | 星期四: 休息 | 星期五: 10:00 – 13:00, 15:00 – 20:30 | 星期六: 10:00 – 17:30 | 星期日: 10:00 – 17:30",5,台北市,士林區,醫院
百威動物醫院,112台灣北投區中和街288號,02 2891 0951,,4.6,152,星期一: 09:30 – 21:00 | 星期二: 09:30 – 21:00 | 星期三: 09:30 – 21:00 | 星期四: 09:30 – 21:00 | 星期五: 09:30 – 21:00 | 星期六: 09:30 – 21:00 | 星期日: 休息,5,台北市,士林區,醫院
利昂動物醫院,114台灣台北市內湖區文德路217號,02 2797 5507,https://instagram.com/leonvet1211?igshid=YmMyMTA2M2Y=,4.9,87,星期一: 10:00 – 20:30 | 星期二: 10:00 – 19:30 | 星期三: 10:00 – 20:30 | 星期四: 10:00 – 20:30 | 星期五: 10:00 – 20:30 | 星期六: 10:00 – 20:00 | 星期日: 休息,5,台北市,士林區,醫院
禾亞動物醫院,112台灣台北市北投區北投路二段19號,02 2898 6072,https://www.facebook.com/HoYaVH/?ref=bookmarks,4.8,107,"星期一: 10:00 – 12:00, 15:00 – 21:00 | 星期二: 10:00 – 12:00, 15:00 – 21:00 | 星期三: 休息 | 星期四: 10:00 – 12:00, 15:00 – 21:00 | 星期五: 10:00 – 12:00, 15:00 – 21:00 | 星期六: 10:00 – 12:00, 15:00 – 21:00 | 星期日: 15:00 – 21:00",5,台北市,北投區,醫院
丹堤動物醫院,112台灣台北市北投區知行路208-2號,02 2858 5848,https://www.dant.live/,4.3,105,星期一: 09:30 – 21:00 | 星期二: 休息 | 星期三: 09:30 – 21:00 | 星期四: 09:30 – 21:00 | 星期五: 09:30 – 21:00 | 星期六: 09:30 – 21:00 | 星期日: 09:30 – 21:00,5,台北市,北投區,醫院
大同動物醫院,112台灣台北市北投區中央北路二段112號,02 2895 9607,,4.3,57,星期一: 10:00 – 21:00 | 星期二: 10:00 – 21:00 | 星期三: 10:00 – 21:00 | 星期四: 10:00 – 21:00 | 星期五: 10:00 – 21:00 | 星期六: 10:00 – 21:00 | 星期日: 休息,5,台北市,北投區,醫院
旺旺動物醫院,112台灣北投區東華街二段2號,02 2820 3693,,4,53,"星期一: 09:30 – 12:00, 14:00 – 21:30 | 星期二: 09:30 – 12:00, 14:00 – 21:30 | 星期三: 09:30 – 12:00, 14:00 – 21:30 | 星期四: 09:30 – 12:00, 14:00 – 21:30 | 星期五: 09:30 – 12:00, 14:00 – 21:30 | 星期六: 09:30 – 12:00, 14:00 – 21:30 | 星期日: 09:30 – 21:30",5,台北市,北投區,醫院
聯合動物醫院,112台灣台北市北投區裕民一路40巷29號,02 2828 2117,,3.9,9,,5,台北市,北投區,醫院
芯安動物醫院,"1樓, No. 33之7號民族路淡水區新北市台灣 251",02 2808 6596,,4.8,195,"星期一: 10:00 – 12:00, 14:00 – 17:00, 18:00 – 20:00 | 星期二: 10:00 – 12:00, 14:00 – 17:00, 18:00 – 20:00 | 星期三: 10:00 – 12:00, 14:00 – 17:00, 18:00 – 20:00 | 星期四: 10:00 – 12:00, 14:00 – 17:00 | 星期五: 10:00 – 12:00, 14:00 – 17:00, 18:00 – 20:00 | 星期六: 10:00 – 12:00, 14:00 – 17:00 | 星期日: 休息",5,台北市,北投區,醫院
角落動物醫院-內湖犬貓心臟科/內外科/牙科｜寵物健康檢查｜貓狗皮膚病 心臟病治療,11457台灣台北市內湖區金湖路22號1樓,02 2792 6858,https://www.cornerah.com.tw/index.html,4.6,350,"星期一: 09:30 – 12:30, 14:00 – 17:30, 18:30 – 20:30 | 星期二: 09:30 – 12:30, 14:00 – 17:30, 18:30 – 20:30 | 星期三: 休息 | 星期四: 09:30 – 12:30, 14:00 – 17:30, 18:30 – 20:30 | 星期五: 09:30 – 12:30, 14:00 – 17:30, 18:30 – 20:30 | 星期六: 09:30 – 12:30, 14:00 – 17:30, 18:30 – 20:30 | 星期日: 09:30 – 12:30, 14:00 – 17:30, 18:30 – 20:30",5,台北市,內湖區,醫院
德安動物醫院,114台灣台北市內湖區內湖路一段611號,02 2658 2478,,4.5,148,"星期一: 10:00 – 12:00, 15:00 – 21:00 | 星期二: 10:00 – 12:00, 15:00 – 21:00 | 星期三: 10:00 – 12:00, 15:00 – 21:00 | 星期四: 10:00 – 12:00, 15:00 – 21:00 | 星期五: 10:00 – 12:00, 15:00 – 21:00 | 星期六: 10:00 – 12:00, 15:00 – 18:00 | 星期日: 休息",5,台北市,內湖區,醫院
🏥 內湖佳恩動物醫院｜台北動物醫院推薦・中獸醫・寵物針灸・復健專科,114台灣台北市內湖區成功路四段311號,02 2794 1290,https://www.facebook.com/vetinlife/?ref=aymt_homepage_panel&eid=ARDdcspWOHZi5UXfPuv4X5mJucoTDYdcBbyn81gAze35ggE86zWJubCKN58qV1sd5rchwbQrGLmIVaND,4.6,180,"星期一: 10:30 – 12:30, 13:30 – 20:00 | 星期二: 10:30 – 12:30, 13:30 – 20:00 | 星期三: 10:30 – 12:30, 13:30 – 19:00 | 星期四: 10:30 – 12:30, 13:30 – 20:00 | 星期五: 10:30 – 12:30, 13:30 – 20:00 | 星期六: 10:30 – 12:30, 13:30 – 19:00 | 星期日: 休息",5,台北市,內湖區,醫院
維康動物醫院,114台灣台北市內湖區成功路三段150號,02 2793 7293,http://www.wellcarevet.com/index.php,4.3,464,"星期一: 10:00 – 12:00, 13:00 – 17:00, 18:00 – 21:00 | 星期二: 10:00 – 12:00, 13:00 – 17:00, 18:00 – 21:00 | 星期三: 10:00 – 12:00, 13:00 – 17:00, 18:00 – 21:00 | 星期四: 10:00 – 12:00, 13:00 – 17:00, 18:00 – 21:00 | 星期五: 10:00 – 12:00, 13:00 – 17:00, 18:00 – 21:00 | 星期六: 10:00 – 12:00, 13:00 – 17:00, 18:00 – 21:00 | 星期日: 10:00 – 12:00, 13:00 – 17:00, 18:00 – 21:00",5,台北市,內湖區,醫院
佳康動物醫院,114台灣台北市內湖區康寧路三段169-1號號 1 號,02 2631 8345,https://www.facebook.com/jiakang26318345,4.8,157,星期一: 14:00 – 22:00 | 星期二: 14:00 – 22:00 | 星期三: 14:00 – 22:00 | 星期四: 14:00 – 22:00 | 星期五: 14:00 – 22:00 | 星期六: 14:00 – 22:00 | 星期日: 休息,5,台北市,內湖區,醫院
大湖動物醫院,114台灣台北市內湖區成功路五段10號,02 2796 8241,,4.7,123,星期一: 休息 | 星期二: 10:30 – 20:30 | 星期三: 10:30 – 20:30 | 星期四: 10:30 – 20:30 | 星期五: 10:30 – 20:30 | 星期六: 10:30 – 17:00 | 星期日: 休息,5,台北市,內湖區,醫院
康泰動物醫院,114台灣台北市內湖區康樂街164-1號,02 2631 3068,,4.7,86,星期一: 10:00 – 20:30 | 星期二: 10:00 – 20:30 | 星期三: 10:00 – 20:30 | 星期四: 10:00 – 20:30 | 星期五: 10:00 – 20:30 | 星期六: 10:00 – 18:00 | 星期日: 休息,5,台北市,內湖區,醫院
勝利動物醫院,114台灣台北市內湖區康樂街116之2號,02 2632 7815,,4.4,283,"星期一: 09:30 – 12:30, 14:00 – 20:00 | 星期二: 09:30 – 12:30, 14:00 – 20:00 | 星期三: 09:30 – 12:30, 14:00 – 20:00 | 星期四: 09:30 – 12:30, 14:00 – 20:00 | 星期五: 09:30 – 12:30, 14:00 – 20:00 | 星期六: 09:30 – 12:30, 14:00 – 19:00 | 星期日: 休息",5,台北市,內湖區,醫院
西湖動物醫院,114台灣內湖區內湖路一段341號,02 2799 0700,,4.6,179,星期一: 休息 | 星期二: 15:00 – 21:00 | 星期三: 15:00 – 21:00 | 星期四: 15:00 – 21:00 | 星期五: 15:00 – 21:00 | 星期六: 15:00 – 21:00 | 星期日: 休息,5,台北市,內湖區,醫院
宇恆動物醫院,114台灣台北市內湖區民權東路六段57號,02 2795 1676,,4.3,248,"星期一: 10:30 – 12:30, 14:00 – 18:00, 19:00 – 21:00 | 星期二: 10:30 – 12:30, 14:00 – 18:00, 19:00 – 21:00 | 星期三: 10:30 – 12:30, 14:00 – 18:00, 19:00 – 21:00 | 星期四: 10:30 – 12:30, 14:00 – 18:00, 19:00 – 21:00 | 星期五: 10:30 – 12:30, 14:00 – 18:00, 19:00 – 21:00 | 星期六: 10:30 – 14:30 | 星期日: 休息",5,台北市,內湖區,醫院
長慶動物醫院,114060台灣台北市內湖區東湖路7巷7號,02 2633 1257,,4.7,120,"星期一: 09:30 – 12:00, 14:00 – 18:00, 18:30 – 21:30 | 星期二: 09:30 – 12:00, 14:00 – 18:00, 18:30 – 21:30 | 星期三: 09:30 – 12:00, 14:00 – 18:00, 18:30 – 21:30 | 星期四: 09:30 – 12:00, 14:00 – 18:00, 18:30 – 21:30 | 星期五: 09:30 – 12:00, 14:00 – 18:00, 18:30 – 21:30 | 星期六: 09:30 – 12:00, 14:00 – 18:00, 18:30 – 21:30 | 星期日: 休息",5,台北市,內湖區,醫院
光點犬貓專科醫院 Spot Animal Hospital,114台灣台北市內湖區內湖路二段468及470號,02 2790 0180,https://spot-animal.com/,4.6,160,"星期一: 10:00 – 13:00, 14:00 – 20:00 | 星期二: 10:00 – 13:00, 14:00 – 20:00 | 星期三: 10:00 – 13:00, 14:00 – 20:00 | 星期四: 10:00 – 13:00, 14:00 – 20:00 | 星期五: 10:00 – 13:00, 14:00 – 20:00 | 星期六: 10:00 – 18:00 | 星期日: 10:00 – 18:00",5,台北市,內湖區,醫院
全安動物醫院,114台灣內湖區東湖路113巷54號,02 2633 6495,,4.9,148,"星期一: 09:00 – 12:00, 14:00 – 19:00, 19:30 – 21:30 | 星期二: 09:00 – 12:00, 14:00 – 19:00, 19:30 – 21:30 | 星期三: 09:00 – 12:00, 14:00 – 19:00, 19:30 – 21:30 | 星期四: 09:00 – 12:00, 14:00 – 19:00, 19:30 – 21:30 | 星期五: 09:00 – 12:00, 14:00 – 19:00, 19:30 – 21:30 | 星期六: 09:00 – 12:00, 14:00 – 19:00, 19:30 – 21:30 | 星期日: 休息",5,台北市,內湖區,醫院
樂沛動物醫院,114台灣台北市內湖區成功路四段368號,02 2790 9218,https://www.facebook.com/%E6%A8%82%E6%B2%9B%E5%8B%95%E7%89%A9%E9%86%AB%E9%99%A2Love-Pet-Animal-Hospital-449039425260835/,4.1,110,"星期一: 10:30 – 12:30, 13:30 – 17:30, 18:30 – 20:30 | 星期二: 10:30 – 12:30, 13:30 – 17:30, 18:30 – 20:30 | 星期三: 10:30 – 12:30, 13:30 – 17:30, 18:30 – 20:30 | 星期四: 10:30 – 12:30, 13:30 – 17:30, 18:30 – 20:30 | 星期五: 10:30 – 12:30, 13:30 – 17:30, 18:30 – 20:30 | 星期六: 10:30 – 12:30, 13:30 – 17:30, 18:30 – 20:30 | 星期日: 休息",5,台北市,內湖區,醫院
東湖動物醫院,114台灣台北市內湖區東湖路43巷15號,02 2634 6622,https://m.facebook.com/ccy8991l/,4.4,73,"星期一: 休息 | 星期二: 10:00 – 12:00, 14:00 – 21:00 | 星期三: 10:00 – 12:00, 14:00 – 21:00 | 星期四: 10:00 – 12:00, 14:00 – 21:00 | 星期五: 10:00 – 12:00, 14:00 – 21:00 | 星期六: 10:00 – 12:00, 14:00 – 21:00 | 星期日: 10:00 – 12:00, 14:00 – 21:00",5,台北市,內湖區,醫院
納嘉動物醫院,114台灣內湖區成功路五段55號,02 2633 0555,https://m.facebook.com/%E7%B4%8D%E5%98%89%E5%8B%95%E7%89%A9%E9%86%AB%E9%99%A2-Hlane-Animal-Hospital-115909665088433/,4.2,132,星期一: 10:00 – 21:30 | 星期二: 休息 | 星期三: 10:00 – 21:30 | 星期四: 10:00 – 21:30 | 星期五: 10:00 – 21:30 | 星期六: 10:00 – 18:00 | 星期日: 10:00 – 18:00,5,台北市,內湖區,醫院
健生動物醫院,114台灣台北市內湖區成功路四段182巷8弄4號,02 2791 0198,,4,78,"星期一: 09:30 – 12:00, 14:00 – 18:00, 19:00 – 21:00 | 星期二: 09:30 – 12:00, 14:00 – 18:00, 19:00 – 21:00 | 星期三: 09:30 – 12:00, 14:00 – 18:00, 19:00 – 21:00 | 星期四: 09:30 – 12:00, 14:00 – 18:00, 19:00 – 21:00 | 星期五: 09:30 – 12:00, 14:00 – 18:00, 19:00 – 21:00 | 星期六: 09:30 – 12:00, 14:00 – 18:00, 19:00 – 21:00 | 星期日: 休息",5,台北市,內湖區,醫院
亞馬森特寵專科醫院,114台灣台北市內湖區內湖路二段39-2號,02 8792 3248,https://www.facebook.com/share/19UJZmxKeQ/?mibextid=LQQJ4d,4.6,608,"星期一: 11:00 – 13:00, 14:00 – 20:30 | 星期二: 11:00 – 13:00, 14:00 – 20:30 | 星期三: 11:00 – 13:00, 14:00 – 20:30 | 星期四: 11:00 – 13:00, 14:00 – 20:30 | 星期五: 11:00 – 13:00, 14:00 – 20:30 | 星期六: 11:00 – 13:00, 14:00 – 20:30 | 星期日: 11:00 – 13:00, 14:00 – 20:30",4,台北市,內湖區,醫院
內湖家畜醫院,114台灣台北市內湖區內湖路一段45號,02 2799 2011,,4.5,64,星期一: 14:00 – 20:00 | 星期二: 14:00 – 20:00 | 星期三: 14:00 – 20:00 | 星期四: 14:00 – 20:00 | 星期五: 14:00 – 20:00 | 星期六: 休息 | 星期日: 休息,4,台北市,內湖區,醫院
純粹動物醫院(預約制，4/6已約滿),115台灣台北市南港區興中路80巷24號,02 2783 0673,https://www.facebook.com/pureah2020,4.9,182,"星期一: 休息 | 星期二: 休息 | 星期三: 休息 | 星期四: 09:30 – 12:00, 15:00 – 21:30 | 星期五: 09:30 – 12:00, 15:00 – 21:30 | 星期六: 09:30 – 12:00, 15:00 – 21:30 | 星期日: 09:30 – 12:00, 15:00 – 21:30",5,台北市,南港區,醫院
啟正動物醫院,115台灣台北市南港區南港路一段289之1號,02 2651 7616,,4.4,134,"星期一: 10:00 – 18:00, 19:00 – 21:00 | 星期二: 10:00 – 18:00, 19:00 – 21:00 | 星期三: 10:00 – 18:00, 19:00 – 21:00 | 星期四: 10:00 – 18:00, 19:00 – 21:00 | 星期五: 10:00 – 18:00, 19:00 – 21:00 | 星期六: 10:00 – 18:00, 19:00 – 21:00 | 星期日: 休息",5,台北市,南港區,醫院
洪生動物醫院,115台灣台北市南港區忠孝東路七段571號,02 2783 3715,https://www.facebook.com/%E6%B4%AA%E7%94%9F%E4%B8%AD%E8%A5%BF%E9%86%AB%E5%8B%95%E7%89%A9%E9%86%AB%E9%99%A2-%E6%B4%AA%E7%94%9F%E5%8B%95%E7%89%A9%E9%86%AB%E9%99%A2-since1993-1100806283313830/,4.3,92,"星期一: 09:30 – 12:00, 13:30 – 17:30, 19:00 – 21:00 | 星期二: 09:30 – 12:00, 13:30 – 17:30, 19:00 – 21:00 | 星期三: 09:30 – 12:00, 13:30 – 17:30, 19:00 – 21:00 | 星期四: 09:30 – 12:00, 13:30 – 17:30, 19:00 – 21:00 | 星期五: 09:30 – 12:00, 13:30 – 17:30, 19:00 – 21:00 | 星期六: 09:30 – 12:00, 13:30 – 17:30, 19:00 – 21:00 | 星期日: 休息",5,台北市,南港區,醫院
黃動物醫院,115台灣台北市南港區富康街47巷12號,0932 311 948,,4,2,,5,台北市,南港區,醫院
自強動物醫院,116台灣台北市文山區興隆路四段108號,02 2937 2852,,4.7,487,星期一: 09:30 – 21:00 | 星期二: 09:30 – 21:00 | 星期三: 09:30 – 21:00 | 星期四: 09:30 – 21:00 | 星期五: 09:30 – 21:00 | 星期六: 09:30 – 21:00 | 星期日: 09:30 – 17:00,5,台北市,文山區,醫院
朱動物醫院,11688台灣台北市文山區仙岩路62號,02 2933 2880,https://www.facebook.com/chuvetclinic/,4.8,209,"星期一: 09:00 – 13:00, 14:30 – 21:00 | 星期二: 09:00 – 13:00, 14:30 – 21:00 | 星期三: 09:00 – 13:00, 14:30 – 21:00 | 星期四: 09:00 – 13:00, 14:30 – 21:00 | 星期五: 休息 | 星期六: 09:00 – 13:00, 14:30 – 21:00 | 星期日: 09:00 – 13:00, 14:30 – 21:00",5,台北市,文山區,醫院
路加動物醫院,116台灣台北市文山區興隆路二段187號,02 5585 2108,https://www.facebook.com/Lukevet/,4.6,326,"星期一: 10:00 – 12:00, 14:00 – 21:00 | 星期二: 10:00 – 12:00, 14:00 – 21:00 | 星期三: 14:00 – 21:00 | 星期四: 10:00 – 12:00, 14:00 – 21:00 | 星期五: 10:00 – 12:00, 14:00 – 21:00 | 星期六: 10:00 – 12:00, 14:00 – 18:00 | 星期日: 休息",5,台北市,文山區,醫院
景文動物醫院(預約制度)-台北文山區動物醫療服務 中獸醫針灸 雷射治療中心 內科疾病 外科手術 中獸醫針灸推薦,116台灣台北市文山區景文街29號,02 8931 9955,https://www.facebook.com/Jingwenah,4.5,240,"星期一: 10:30 – 12:00, 14:00 – 20:30 | 星期二: 休息 | 星期三: 10:30 – 12:00, 14:00 – 20:30 | 星期四: 10:30 – 12:00, 14:00 – 20:30 | 星期五: 10:30 – 12:00, 14:00 – 20:30 | 星期六: 10:30 – 12:00, 14:00 – 19:00 | 星期日: 18:00 – 21:00",5,台北市,文山區,醫院
景興動物醫院,116台灣台北市文山區景華街92號,02 2933 0600,,4.6,205,"星期一: 09:30 – 12:30, 14:00 – 21:00 | 星期二: 休息 | 星期三: 09:30 – 12:30, 14:00 – 21:00 | 星期四: 09:30 – 12:30, 14:00 – 21:00 | 星期五: 09:30 – 12:30, 14:00 – 21:00 | 星期六: 09:30 – 12:30, 14:00 – 21:00 | 星期日: 09:30 – 12:30, 14:00 – 21:00",5,台北市,文山區,醫院
加恩動物醫院,116003台灣台北市文山區木柵路一段102號,02 2236 0117,,4.4,225,星期一: 09:30 – 20:30 | 星期二: 09:30 – 20:30 | 星期三: 09:30 – 20:30 | 星期四: 09:30 – 20:30 | 星期五: 09:30 – 20:30 | 星期六: 09:30 – 20:30 | 星期日: 休息,5,台北市,文山區,醫院
維拉動物醫院,116台灣台北市文山區興隆路一段94號,02 2933 3872,https://zh-tw.facebook.com/vila.hospital,4.8,112,星期一: 11:00 – 18:00 | 星期二: 休息 | 星期三: 11:00 – 18:00 | 星期四: 11:00 – 18:00 | 星期五: 11:00 – 18:00 | 星期六: 11:00 – 18:00 | 星期日: 11:00 – 18:00,5,台北市,文山區,醫院
再興動物醫院,116台灣台北市文山區興隆路一段1號,02 2934 2899,https://www.facebook.com/TCVM.DOG.CAT/,4.7,111,"星期一: 休息 | 星期二: 10:00 – 12:00, 15:00 – 20:00 | 星期三: 10:00 – 12:00, 15:00 – 20:00 | 星期四: 休息 | 星期五: 10:00 – 12:00, 15:00 – 20:00 | 星期六: 10:00 – 12:00, 15:00 – 18:00 | 星期日: 休息",5,台北市,文山區,醫院
締爾動物醫院,116台灣台北市文山區樟新街11-1號,02 2938 8211,,4.3,200,"星期一: 09:00 – 12:00, 14:00 – 18:00, 19:00 – 21:00 | 星期二: 休息 | 星期三: 09:00 – 12:00, 14:00 – 18:00, 19:00 – 21:00 | 星期四: 09:00 – 12:00, 14:00 – 18:00, 19:00 – 21:00 | 星期五: 09:00 – 12:00, 14:00 – 18:00, 19:00 – 21:00 | 星期六: 09:00 – 12:00, 14:00 – 18:00, 19:00 – 21:00 | 星期日: 09:00 – 18:00",5,台北市,文山區,醫院
景美動物醫院,116台灣台北市文山區羅斯福路六段6號,02 2931 0850,,4.4,146,星期一: 10:00 – 21:00 | 星期二: 10:00 – 21:00 | 星期三: 10:00 – 21:00 | 星期四: 10:00 – 21:00 | 星期五: 10:00 – 21:00 | 星期六: 10:00 – 21:00 | 星期日: 休息,5,台北市,文山區,醫院
康禾動物醫院,116台灣文山區興隆路四段159號,02 2937 4998,,4.4,150,星期一: 10:00 – 21:00 | 星期二: 10:00 – 21:00 | 星期三: 10:00 – 21:00 | 星期四: 10:00 – 21:00 | 星期五: 10:00 – 21:00 | 星期六: 10:00 – 18:00 | 星期日: 休息,5,台北市,文山區,醫院
世安動物醫院,116台灣文山區興隆路三段298號,02 2230 6841,,4.6,70,星期一: 09:30 – 22:00 | 星期二: 09:30 – 22:00 | 星期三: 09:30 – 22:00 | 星期四: 09:30 – 22:00 | 星期五: 09:30 – 22:00 | 星期六: 09:30 – 22:00 | 星期日: 休息,5,台北市,文山區,醫院
木新動物醫院,11658台灣台北市文山區木新路三段133-2號1樓,02 2936 2748,https://sites.google.com/site/mushinhivet/,4.3,42,"星期一: 休息 | 星期二: 10:00 – 12:00, 14:00 – 17:00, 19:00 – 21:00 | 星期三: 10:00 – 12:00, 14:00 – 17:00, 19:00 – 21:00 | 星期四: 10:00 – 12:00, 14:00 – 17:00, 19:00 – 21:00 | 星期五: 10:00 – 12:00, 14:00 – 17:00, 19:00 – 21:00 | 星期六: 10:00 – 12:00, 14:00 – 17:00 | 星期日: 休息",5,台北市,文山區,醫院
靜心獸醫院,116台灣台北市文山區興隆路二段13號,02 2933 0562,,4.6,204,星期一: 10:00 – 21:00 | 星期二: 10:00 – 21:00 | 星期三: 10:00 – 21:00 | 星期四: 10:00 – 21:00 | 星期五: 10:00 – 21:00 | 星期六: 10:00 – 21:00 | 星期日: 休息,4,台北市,文山區,醫院
台北市立動物園獸醫室,116台灣台北市文山區新光路二段30號,02 2938 2300#701,https://www.zoo.gov.taipei/News_Content.aspx?n=677A17260B1C5975&s=24048444769ADA64,4.3,7,星期一: 08:30 – 17:30 | 星期二: 08:30 – 17:30 | 星期三: 08:30 – 17:30 | 星期四: 08:30 – 17:30 | 星期五: 08:30 – 17:30 | 星期六: 08:30 – 17:30 | 星期日: 08:30 – 17:30,2,台北市,文山區,醫院
躍犬綜合動物醫院,116台灣台北市文山區景文街88號,02 2933 0963,,,,,5,台北市,文山區,醫院
