店名,地址,電話,網站,評分,評分數量,營業時間,寄宿可能性,城市,區域,分類
佑康動物醫院,811台灣高雄市楠梓區楠梓路71號,07 354 0645,https://www.facebook.com/pages/%E4%BD%91%E5%BA%B7%E5%8B%95%E7%89%A9%E9%86%AB%E9%99%A2/216811425012676,4.7,485,"星期一: 09:30 – 12:00, 13:30 – 21:30 | 星期二: 09:30 – 12:00, 13:30 – 21:30 | 星期三: 09:30 – 12:00, 13:30 – 21:30 | 星期四: 09:30 – 12:00, 13:30 – 21:30 | 星期五: 09:30 – 12:00, 13:30 – 21:30 | 星期六: 09:30 – 12:00, 13:30 – 21:30 | 星期日: 休息",5,高雄市,楠梓區,醫院
清豐動物醫院,811台灣高雄市楠梓區鳳楠路259號,07 353 5711,,4.6,282,星期一: 09:00 – 21:00 | 星期二: 09:00 – 21:00 | 星期三: 09:00 – 21:00 | 星期四: 09:00 – 21:00 | 星期五: 09:00 – 21:00 | 星期六: 09:00 – 21:00 | 星期日: 09:00 – 18:00,5,高雄市,楠梓區,醫院
底佳動物醫院,811台灣高雄市楠梓區德賢路220巷31號,07 365 8891,,4.6,246,星期一: 09:30 – 21:00 | 星期二: 09:30 – 21:00 | 星期三: 休息 | 星期四: 09:30 – 21:00 | 星期五: 09:30 – 21:00 | 星期六: 09:30 – 21:00 | 星期日: 09:30 – 17:00,5,高雄市,楠梓區,醫院
聯盟動物醫院(旗楠院),811台灣高雄市楠梓區旗楠路106號,07 353 5918,https://www.pet100pa.com/hospital_detail/85,4.7,271,"星期一: 10:00 – 12:30, 14:30 – 17:00, 17:30 – 21:00 | 星期二: 10:00 – 12:30, 14:30 – 17:00, 17:30 – 21:00 | 星期三: 10:00 – 12:30, 17:30 – 21:00 | 星期四: 10:00 – 12:30, 14:30 – 17:00, 17:30 – 21:00 | 星期五: 10:00 – 12:30, 14:30 – 17:00, 17:30 – 21:00 | 星期六: 10:00 – 12:30, 14:30 – 17:00, 17:30 – 21:00 | 星期日: 10:00 – 12:30, 14:30 – 17:00, 17:30 – 21:00",5,高雄市,楠梓區,醫院
莒光動物醫院 - 高雄 楠梓 動物醫院推薦 犬貓門診內科首選 囓齒類 鼠 兔小動物門診好評 專業外科 皮膚科 骨科 牙科 婦科 寵物泌尿科 預防針注射 晶片登記 血液檢查 病毒快篩 全身健檢 結紥 洗 拔 補牙 腫瘤切除 高壓氧 超音波 皮膚治療,811台灣高雄市楠梓區隆昌里加昌路849號,07 364 0207,https://zh-tw.facebook.com/juguang.ah/,3.9,295,"星期一: 08:30 – 11:30, 13:30 – 20:30 | 星期二: 08:30 – 11:30, 13:30 – 20:30 | 星期三: 08:30 – 11:30, 13:30 – 20:30 | 星期四: 08:30 – 11:30, 13:30 – 20:30 | 星期五: 08:30 – 11:30, 13:30 – 20:30 | 星期六: 08:30 – 11:30, 13:30 – 20:30 | 星期日: 08:30 – 11:30, 13:30 – 20:30",5,高雄市,楠梓區,醫院
十銓動物醫院,811009台灣高雄市楠梓區右昌街787號,07 311 3797,https://zh-tw.facebook.com/pages/%E5%8D%81%E9%8A%93%E5%8B%95%E7%89%A9%E9%86%AB%E9%99%A2/359041214178252,4.8,67,"星期一: 09:00 – 12:00, 14:30 – 20:30 | 星期二: 09:00 – 12:00, 14:30 – 20:30 | 星期三: 09:00 – 12:00, 14:30 – 20:30 | 星期四: 09:00 – 12:00, 14:30 – 20:30 | 星期五: 09:00 – 12:00, 14:30 – 20:30 | 星期六: 09:00 – 12:00, 14:30 – 20:00 | 星期日: 休息",5,高雄市,楠梓區,醫院
寵愛動物醫院,811台灣高雄市楠梓區後勁西路236號,07 366 1333,https://www.facebook.com/petloves911/?ref=bookmarks,4.6,138,"星期一: 09:00 – 12:00, 14:00 – 21:00 | 星期二: 09:00 – 12:00, 14:00 – 21:00 | 星期三: 09:00 – 12:00, 14:00 – 21:00 | 星期四: 09:00 – 12:00, 14:00 – 21:00 | 星期五: 09:00 – 12:00, 14:00 – 21:00 | 星期六: 09:00 – 12:00, 14:00 – 21:00 | 星期日: 休息",5,高雄市,楠梓區,醫院
永欣動物醫院,811台灣高雄市楠梓區軍校路724號,07 360 8778,https://lin.ee/NDwUe1j,4.6,132,"星期一: 09:30 – 12:00, 14:00 – 20:00 | 星期二: 09:30 – 12:00, 14:00 – 20:00 | 星期三: 09:30 – 12:00, 14:00 – 17:00 | 星期四: 09:30 – 12:00, 14:00 – 20:00 | 星期五: 09:30 – 12:00, 14:00 – 20:00 | 星期六: 09:30 – 12:00, 14:00 – 17:00 | 星期日: 休息",5,高雄市,楠梓區,醫院
楠梓德民動物醫院-犬貓獸醫 心臟科/神經內科/腫瘤科/腎臟科 寵物洗腎透析 寵物中獸醫針灸 專業評價好評推薦 PTT Dcard,811台灣高雄市楠梓區軍校路710-1號,07 364 2642,https://page.line.me/oae0435l,4.2,160,"星期一: 09:00 – 12:30, 14:00 – 17:00, 18:00 – 21:00 | 星期二: 09:00 – 12:30, 14:00 – 17:00, 18:00 – 21:00 | 星期三: 09:00 – 12:30, 14:00 – 17:00, 18:00 – 21:00 | 星期四: 09:00 – 12:30, 14:00 – 17:00, 18:00 – 21:00 | 星期五: 09:00 – 12:30, 14:00 – 17:00, 18:00 – 21:00 | 星期六: 09:00 – 12:30, 14:00 – 17:00, 18:00 – 21:00 | 星期日: 09:00 – 12:30, 14:00 – 17:00, 18:00 – 21:00",5,高雄市,楠梓區,醫院
文心動物醫院,811台灣高雄市楠梓區惠民路153號,07 361 1990,http://www.facebook.com/vetwensin,4.4,198,"星期一: 09:00 – 12:00, 14:30 – 21:00 | 星期二: 09:00 – 12:00, 14:30 – 21:00 | 星期三: 09:00 – 12:00, 14:30 – 21:00 | 星期四: 09:00 – 12:00, 14:30 – 21:00 | 星期五: 09:00 – 12:00, 14:30 – 21:00 | 星期六: 09:00 – 12:00 | 星期日: 休息",5,高雄市,楠梓區,醫院
勇翔動物醫院,811台灣高雄市楠梓區常德路308號,07 351 4242,,4.6,72,星期一: 09:00 – 19:00 | 星期二: 09:00 – 19:00 | 星期三: 09:00 – 19:00 | 星期四: 09:00 – 19:00 | 星期五: 09:00 – 19:00 | 星期六: 09:00 – 19:00 | 星期日: 休息,5,高雄市,楠梓區,醫院
佳醫動物醫院,811台灣高雄市楠梓區德民路970號,07 363 0080,,3.7,114,"星期一: 09:00 – 12:00, 15:00 – 21:00 | 星期二: 09:00 – 12:00, 15:00 – 21:00 | 星期三: 09:00 – 12:00, 15:00 – 21:00 | 星期四: 09:00 – 12:00, 15:00 – 21:00 | 星期五: 09:00 – 12:00, 15:00 – 21:00 | 星期六: 09:00 – 18:00 | 星期日: 休息",5,高雄市,楠梓區,醫院
偉源動物醫院,811台灣高雄市楠梓區後昌路1048號,07 364 9336,,4.5,67,"星期一: 09:00 – 11:30, 14:00 – 19:00 | 星期二: 09:00 – 11:30, 14:00 – 19:00 | 星期三: 09:00 – 11:30, 14:00 – 19:00 | 星期四: 09:00 – 11:30, 14:00 – 19:00 | 星期五: 09:00 – 11:30, 14:00 – 19:00 | 星期六: 09:00 – 11:30, 14:00 – 19:00 | 星期日: 休息",5,高雄市,楠梓區,醫院
信鴿南聯動物醫院,811台灣楠梓區興楠路355巷82弄,07 354 2797,,5,41,,5,高雄市,楠梓區,醫院
梅西動物醫療中心,813台灣高雄市左營區文府路498號,07 345 2541,http://www.jsah.com.tw/,4.5,1695,"星期一: 09:30 – 12:30, 14:00 – 17:30, 18:30 – 21:30, 21:31 – 02:00 | 星期二: 09:30 – 12:30, 14:00 – 17:30, 18:30 – 21:30, 21:31 – 02:00 | 星期三: 09:30 – 12:30, 14:00 – 17:30, 18:30 – 21:30, 21:31 – 02:00 | 星期四: 09:30 – 12:30, 14:00 – 17:30, 18:30 – 21:30, 21:31 – 02:00 | 星期五: 09:30 – 12:30, 14:00 – 17:30, 18:30 – 21:30, 21:31 – 02:00 | 星期六: 09:30 – 12:30, 14:00 – 17:30, 18:30 – 21:30, 21:31 – 02:00 | 星期日: 09:30 – 12:30, 14:00 – 17:30, 18:30 – 21:30, 21:31 – 02:00",2,高雄市,楠梓區,醫院
祈癒動物醫院,814台灣高雄市仁武區京吉六路90號,07 375 2082,https://4c70b895cbb8.godaddysites.com/,5,37,"星期一: 09:30 – 13:00, 14:00 – 17:00, 18:00 – 22:00 | 星期二: 09:30 – 13:00, 14:00 – 17:00, 18:00 – 22:00 | 星期三: 09:30 – 13:00, 14:00 – 17:00, 18:00 – 22:00 | 星期四: 休息 | 星期五: 09:30 – 13:00, 14:00 – 17:00, 18:00 – 22:00 | 星期六: 09:30 – 13:00, 14:00 – 17:00, 18:00 – 22:00 | 星期日: 09:30 – 13:00, 14:00 – 17:00, 18:00 – 22:00",5,高雄市,楠梓區,醫院
愛思動物醫院-高雄動物眼科|動物心臟病|結紮洗牙|左營動物內科|動物醫院推薦|獸醫推薦|專業動物醫院,81368台灣高雄市左營區民族一路965號1樓,07 310 8803,https://www.acevh.com/,5,91,"星期一: 09:00 – 12:30, 14:00 – 17:30, 18:30 – 21:00 | 星期二: 09:00 – 12:30, 14:00 – 17:30, 18:30 – 21:00 | 星期三: 休息 | 星期四: 09:00 – 12:30, 14:00 – 17:30, 18:30 – 21:00 | 星期五: 09:00 – 12:30, 14:00 – 17:30, 18:30 – 21:00 | 星期六: 09:00 – 12:30, 14:00 – 17:30 | 星期日: 休息",5,高雄市,楠梓區,醫院
波可動物醫院,813台灣高雄市左營區自由四路367號,07 349 5560,https://pokeah.com/,4.7,175,"星期一: 休息 | 星期二: 09:30 – 12:30, 14:00 – 18:00, 19:00 – 21:00 | 星期三: 09:30 – 12:30, 14:00 – 18:00, 19:00 – 21:00 | 星期四: 09:30 – 12:30, 14:00 – 18:00, 19:00 – 21:00 | 星期五: 09:30 – 12:30, 14:00 – 18:00, 19:00 – 21:00 | 星期六: 09:30 – 12:30, 14:00 – 18:00, 19:00 – 21:00 | 星期日: 09:30 – 12:30, 14:00 – 18:00, 19:00 – 21:00",5,高雄市,楠梓區,醫院
臻愛一生寵物綜合醫療動物醫院,813台灣高雄市左營區華夏路1062號,07 343 0017,https://zhenloveanimalhospital.com/,4.6,106,"星期一: 10:00 – 21:00 | 星期二: 10:00 – 21:00 | 星期三: 10:00 – 21:00 | 星期四: 10:00 – 21:00 | 星期五: 10:00 – 12:00, 14:00 – 17:00, 18:00 – 21:00 | 星期六: 10:00 – 12:00, 14:00 – 17:00, 18:00 – 21:00 | 星期日: 10:00 – 00:00",5,高雄市,楠梓區,醫院
博安動物醫院,813台灣高雄市左營區左營大路732號,07 583 0479,,4.7,113,星期一: 14:00 – 17:00 | 星期二: 14:00 – 17:00 | 星期三: 14:00 – 17:00 | 星期四: 14:00 – 17:00 | 星期五: 14:00 – 17:00 | 星期六: 休息 | 星期日: 休息,5,高雄市,楠梓區,醫院
卡布動物醫院｜24小時犬貓/特寵急診,813台灣高雄市左營區至真路8號,07 350 9921,http://footstep-care.com/,3.3,232,星期一: 24 小時營業 | 星期二: 24 小時營業 | 星期三: 24 小時營業 | 星期四: 24 小時營業 | 星期五: 24 小時營業 | 星期六: 24 小時營業 | 星期日: 24 小時營業,5,高雄市,楠梓區,醫院+24h急診
宏力動物醫院,807台灣高雄市三民區明誠一路326號,07 310 2819,https://hunglivet.com/,3.8,1476,星期一: 08:00 – 02:00 | 星期二: 08:00 – 02:00 | 星期三: 08:00 – 02:00 | 星期四: 08:00 – 02:00 | 星期五: 08:00 – 02:00 | 星期六: 08:00 – 02:00 | 星期日: 08:00 – 02:00,5,高雄市,楠梓區,醫院
聯盟動物醫院(仁武總院),814台灣高雄市仁武區鳳仁路231號,07 374 0964,https://www.pet100pa.com/vet,4.7,684,"星期一: 09:00 – 02:00 | 星期二: 09:00 – 02:00 | 星期三: 09:00 – 13:00, 16:00 – 02:00 | 星期四: 09:00 – 02:00 | 星期五: 09:00 – 02:00 | 星期六: 09:00 – 02:00 | 星期日: 09:00 – 02:00",5,高雄市,楠梓區,醫院
冠安動物醫院,802台灣高雄市苓雅區中正二路131-1號,07 223 6451,,2.4,63,,5,高雄市,楠梓區,醫院
順心動物醫院,"No. 233號, Dashun 2nd Rd, 三民區高雄市台灣 807",07 380 9382,https://yatongvet.com/,3.6,128,星期一: 24 小時營業 | 星期二: 24 小時營業 | 星期三: 24 小時營業 | 星期四: 24 小時營業 | 星期五: 24 小時營業 | 星期六: 24 小時營業 | 星期日: 24 小時營業,5,高雄市,楠梓區,醫院
現代犬病醫院,801台灣前金區自強二路41號,07 281 7015,,4.7,38,,4,高雄市,楠梓區,醫院
泰安動物醫院,806台灣高雄市鳳山區瑞隆東路266號,07 752 9529,,4.6,1399,"星期一: 09:00 – 13:00, 15:00 – 21:00 | 星期二: 09:00 – 13:00, 15:00 – 21:00 | 星期三: 09:00 – 13:00, 15:00 – 21:00 | 星期四: 09:00 – 13:00 | 星期五: 09:00 – 13:00, 15:00 – 21:00 | 星期六: 09:00 – 13:00, 15:00 – 21:00 | 星期日: 09:00 – 12:00",5,高雄市,楠梓區,醫院
小樹動物醫院-左營動物醫院推薦|心臟專業動物醫院|動物醫院|獸醫推薦|寵物醫院|眼科專業動物醫院,81365台灣高雄市左營區孟子路583號,07 341 2291,https://www.facebook.com/treelingvet/,4.8,412,"星期一: 09:30 – 14:00, 15:00 – 21:00 | 星期二: 休息 | 星期三: 09:30 – 14:00, 15:00 – 21:00 | 星期四: 09:30 – 14:00, 15:00 – 21:00 | 星期五: 09:30 – 14:00, 15:00 – 21:00 | 星期六: 09:30 – 14:00, 15:00 – 18:00 | 星期日: 09:30 – 14:00, 15:00 – 18:00",5,高雄市,左營區,醫院
米恩動物醫院,813台灣高雄市左營區新庄仔路556號,07 556 5491,https://zh-tw.facebook.com/%E9%AB%98%E9%9B%84%E7%B1%B3%E6%81%A9%E5%8B%95%E7%89%A9%E9%86%AB%E9%99%A2-256446064390241/,4.4,622,"星期一: 14:00 – 18:00, 19:00 – 21:00 | 星期二: 14:00 – 18:00, 19:00 – 21:00 | 星期三: 14:00 – 18:00, 19:00 – 21:00 | 星期四: 14:00 – 18:00, 19:00 – 21:00 | 星期五: 14:00 – 18:00, 19:00 – 21:00 | 星期六: 休息 | 星期日: 休息",5,高雄市,左營區,醫院
維康動物醫院,813台灣高雄市左營區新庄仔路233-4號,07 348 0208,https://www.facebook.com/pages/%E7%B6%AD%E5%BA%B7%E5%8B%95%E7%89%A9%E9%86%AB%E9%99%A2/118201004924797,4.6,165,"星期一: 09:30 – 13:30, 15:00 – 18:00, 19:00 – 21:30 | 星期二: 09:30 – 13:30, 15:00 – 18:00, 19:00 – 21:30 | 星期三: 09:30 – 13:30, 15:00 – 18:00, 19:00 – 21:30 | 星期四: 09:30 – 13:30, 15:00 – 18:00, 19:00 – 21:30 | 星期五: 09:30 – 13:30, 15:00 – 18:00, 19:00 – 21:30 | 星期六: 09:30 – 13:30, 15:00 – 18:00, 19:00 – 21:30 | 星期日: 休息",5,高雄市,左營區,醫院
窩心動物醫院,813台灣高雄市左營區忠言路117號,07 550 8408,https://www.facebook.com/woxinAH/,4.9,226,"星期一: 10:30 – 13:00, 15:00 – 21:10 | 星期二: 休息 | 星期三: 10:30 – 13:00, 15:00 – 21:10 | 星期四: 10:30 – 13:00, 15:00 – 21:10 | 星期五: 10:30 – 13:00, 15:00 – 21:10 | 星期六: 10:30 – 13:00, 15:00 – 21:10 | 星期日: 10:30 – 13:00, 15:00 – 21:10",5,高雄市,左營區,醫院
台大仁集動物醫院,813台灣高雄市左營區民族一路1028-13號,07 350 9821,,4.7,209,"星期一: 09:00 – 12:00, 15:00 – 21:00 | 星期二: 09:00 – 12:00, 15:00 – 21:00 | 星期三: 09:00 – 12:00, 15:00 – 21:00 | 星期四: 09:00 – 12:00, 15:00 – 21:00 | 星期五: 09:00 – 12:00, 15:00 – 21:00 | 星期六: 09:00 – 12:00, 15:00 – 21:00 | 星期日: 休息",5,高雄市,左營區,醫院
慈愛動物醫院-高雄分院,81367台灣高雄市左營區文自路500號,07 349 5566,https://www.facebook.com/Lkah015,4.4,192,星期一: 10:00 – 21:00 | 星期二: 10:00 – 21:00 | 星期三: 10:00 – 21:00 | 星期四: 10:00 – 21:00 | 星期五: 10:00 – 21:00 | 星期六: 10:00 – 21:00 | 星期日: 10:00 – 21:00,5,高雄市,左營區,醫院
柏正動物醫院,813台灣高雄市左營區自由二路17號,07 558 1411,https://zh-tw.facebook.com/pages/%E6%9F%8F%E6%AD%A3%E5%8B%95%E7%89%A9%E9%86%AB%E9%99%A2/125478320853216?fref=nf,4.5,231,"星期一: 09:00 – 12:00, 14:00 – 21:30 | 星期二: 09:00 – 12:00, 14:00 – 21:30 | 星期三: 09:00 – 12:00, 14:00 – 21:30 | 星期四: 09:00 – 12:00, 14:00 – 21:30 | 星期五: 09:00 – 12:00, 14:00 – 21:30 | 星期六: 09:00 – 12:00, 14:00 – 21:30 | 星期日: 09:00 – 12:00",5,高雄市,左營區,醫院
謝妮妮寵物醫院,813台灣高雄市左營區至真路191號,07 552 2986,https://www.ninihsieh.com.tw/contact.html,4.7,147,"星期一: 09:30 – 12:00, 14:00 – 17:00, 18:00 – 20:00 | 星期二: 09:30 – 12:00, 14:00 – 17:00, 18:00 – 20:00 | 星期三: 09:30 – 12:00, 14:00 – 17:00 | 星期四: 09:30 – 12:00, 14:00 – 17:00, 18:00 – 20:00 | 星期五: 09:30 – 12:00, 14:00 – 17:00, 18:00 – 20:00 | 星期六: 休息 | 星期日: 休息",5,高雄市,左營區,醫院
馬汀動物醫院,813台灣高雄市左營區至聖路235號,07 550 7327,,4.6,245,"星期一: 09:00 – 13:00, 15:00 – 20:00 | 星期二: 09:00 – 13:00, 15:00 – 20:00 | 星期三: 09:00 – 13:00, 15:00 – 20:00 | 星期四: 09:00 – 13:00, 15:00 – 20:00 | 星期五: 09:00 – 13:00, 15:00 – 20:00 | 星期六: 09:00 – 13:00, 15:00 – 20:00 | 星期日: 休息",5,高雄市,左營區,醫院
毛星球犬貓專科醫院,813台灣高雄市左營區自由二路415號,07 556 5166,https://www.facebook.com/MoPlanetAnimalHospital/,4.6,360,"星期一: 09:15 – 12:00, 14:30 – 20:00 | 星期二: 09:15 – 12:00, 14:30 – 20:00 | 星期三: 09:15 – 12:00 | 星期四: 09:15 – 12:00, 14:30 – 20:00 | 星期五: 09:15 – 12:00, 14:30 – 20:00 | 星期六: 09:15 – 12:00 | 星期日: 休息",5,高雄市,左營區,醫院
富穎動物醫院（原富恩）,813台灣高雄市左營區政德路126號,07 350 3267,https://www.facebook.com/%E5%AF%8C%E6%81%A9%E5%8B%95%E7%89%A9%E9%86%AB%E9%99%A2-196323490408704/,4.6,265,"星期一: 09:30 – 12:00, 14:30 – 18:00, 19:00 – 21:30 | 星期二: 09:30 – 12:00, 14:30 – 18:00, 19:00 – 21:30 | 星期三: 09:30 – 12:00, 14:30 – 18:00 | 星期四: 09:30 – 12:00, 14:30 – 18:00, 19:00 – 21:30 | 星期五: 09:30 – 12:00, 14:30 – 18:00, 19:00 – 21:30 | 星期六: 09:30 – 12:00, 14:30 – 18:00, 19:00 – 21:30 | 星期日: 休息",5,高雄市,左營區,醫院
小新動物醫院,804台灣高雄市鼓山區華榮路621號,07 553 9525,https://www.facebook.com/xiaosinah/info?tab=overview,4.6,368,"星期一: 09:30 – 12:00, 15:00 – 21:00 | 星期二: 09:30 – 12:00, 15:00 – 21:00 | 星期三: 09:30 – 12:00, 15:00 – 21:00 | 星期四: 09:30 – 12:00, 15:00 – 21:00 | 星期五: 09:30 – 12:00, 15:00 – 21:00 | 星期六: 09:30 – 12:00, 15:00 – 21:00 | 星期日: 休息",5,高雄市,左營區,醫院
正耘動物醫院,807台灣高雄市左營區自由三路390號,07 341 6166,https://www.facebook.com/pages/%E6%AD%A3%E8%80%98%E5%8B%95%E7%89%A9%E9%86%AB%E9%99%A2/184662424889861,4.3,140,"星期一: 09:30 – 12:00, 13:30 – 18:00, 19:00 – 21:30 | 星期二: 09:30 – 12:00, 13:30 – 18:00, 19:00 – 21:30 | 星期三: 09:30 – 12:00, 13:30 – 18:00, 19:00 – 21:30 | 星期四: 休息 | 星期五: 09:30 – 12:00, 13:30 – 18:00, 19:00 – 21:30 | 星期六: 09:30 – 12:00, 13:30 – 18:00, 19:00 – 21:30 | 星期日: 09:30 – 12:00, 13:30 – 18:00, 19:00 – 21:30",5,高雄市,左營區,醫院
勝泰動物醫院,81358台灣高雄市左營區自由二路182號,07 558 5889,,4.3,50,"星期一: 09:00 – 12:00, 15:00 – 21:00 | 星期二: 09:00 – 12:00, 15:00 – 21:00 | 星期三: 09:00 – 12:00, 15:00 – 21:00 | 星期四: 09:00 – 12:00, 15:00 – 21:00 | 星期五: 09:00 – 12:00, 15:00 – 21:00 | 星期六: 09:00 – 12:00, 15:00 – 21:00 | 星期日: 休息",5,高雄市,左營區,醫院
中興農十六動物醫院,804台灣高雄市鼓山區大順一路935號,07 550 3532,http://www.jsah.com.tw/service/index/85,4.4,838,"星期一: 09:00 – 12:30, 14:00 – 17:30, 18:30 – 21:00 | 星期二: 09:00 – 12:30, 14:00 – 17:30, 18:30 – 21:00 | 星期三: 09:00 – 12:30, 14:00 – 17:30, 18:30 – 21:00 | 星期四: 09:00 – 12:30, 14:00 – 17:30, 18:30 – 21:00 | 星期五: 14:00 – 17:30, 18:30 – 21:00 | 星期六: 09:00 – 12:30, 14:00 – 17:30, 18:30 – 21:00 | 星期日: 休息",5,高雄市,左營區,醫院
鼎山動物醫院,807台灣高雄市三民區鼎山街466號,07 383 1359,https://www.facebook.com/%E9%BC%8E%E5%B1%B1%E5%8B%95%E7%89%A9%E9%86%AB%E9%99%A2-100669550061652/,4.4,367,"星期一: 09:00 – 12:00, 15:00 – 18:00, 19:00 – 20:30 | 星期二: 09:00 – 12:00, 15:00 – 18:00, 19:00 – 20:30 | 星期三: 09:00 – 12:00, 15:00 – 18:00, 19:00 – 20:30 | 星期四: 09:00 – 12:00, 15:00 – 18:00, 19:00 – 20:30 | 星期五: 09:00 – 12:00, 15:00 – 18:00, 19:00 – 20:30 | 星期六: 09:00 – 12:00, 15:00 – 18:00, 19:00 – 20:30 | 星期日: 休息",5,高雄市,左營區,醫院
捷飛達動物醫院,813台灣高雄市左營區榮總路396號,07 346 3666,https://www.facebook.com/%E6%8D%B7%E9%A3%9B%E9%81%94%E5%8B%95%E7%89%A9%E9%86%AB%E9%99%A2-Jeivita-Animal-Hospital-107523286023087/,4.1,165,"星期一: 09:00 – 12:00, 15:00 – 20:00 | 星期二: 09:00 – 12:00, 15:00 – 20:00 | 星期三: 09:00 – 12:00, 15:00 – 20:00 | 星期四: 09:00 – 12:00, 15:00 – 20:00 | 星期五: 09:00 – 12:00, 15:00 – 20:00 | 星期六: 09:00 – 12:00, 13:00 – 17:00 | 星期日: 休息",5,高雄市,左營區,醫院
宏仁動物醫院,804台灣高雄市鼓山區中華一路2號,07 587 7588,https://hunglivet.com/,4.7,187,"星期一: 09:00 – 12:00, 13:00 – 17:00, 18:00 – 21:00 | 星期二: 09:00 – 12:00, 13:00 – 17:00, 18:00 – 21:00 | 星期三: 09:00 – 12:00, 13:00 – 17:00 | 星期四: 09:00 – 12:00, 13:00 – 17:00 | 星期五: 09:00 – 12:00, 13:00 – 17:00, 18:00 – 21:00 | 星期六: 09:00 – 12:00, 13:00 – 17:00, 18:00 – 21:00 | 星期日: 09:00 – 12:00, 13:00 – 17:00",5,高雄市,左營區,醫院
嘉翔動物醫院,813台灣高雄市左營區自由四路35號,07 348 5620,,4.9,8,星期一: 14:00 – 21:00 | 星期二: 14:00 – 21:00 | 星期三: 14:00 – 21:00 | 星期四: 14:00 – 21:00 | 星期五: 14:00 – 21:00 | 星期六: 14:00 – 21:00 | 星期日: 休息,5,高雄市,左營區,醫院
琍生動物醫院,807台灣高雄市三民區博愛一路273號,07 323 6626,,5,50,"星期一: 09:00 – 12:00, 15:00 – 18:00, 19:00 – 21:00 | 星期二: 09:00 – 12:00, 15:00 – 18:00, 19:00 – 21:00 | 星期三: 09:00 – 12:00, 15:00 – 18:00, 19:00 – 21:00 | 星期四: 09:00 – 12:00, 15:00 – 18:00, 19:00 – 21:00 | 星期五: 09:00 – 12:00, 15:00 – 18:00, 19:00 – 21:00 | 星期六: 09:00 – 12:00, 15:00 – 18:00, 19:00 – 21:00 | 星期日: 休息",5,高雄市,左營區,醫院
百祥動物醫院,813台灣高雄市左營區明誠二路204號,07 558 5391,,4.3,20,,5,高雄市,左營區,醫院
永馨動物醫院,804台灣高雄市鼓山區瑞豐街137號,07 555 5909,https://zh-tw.facebook.com/%E6%B0%B8%E9%A6%A8%E5%8B%95%E7%89%A9%E9%86%AB%E9%99%A2-280954122055832/,4.8,118,"星期一: 09:00 – 12:00, 14:00 – 18:00 | 星期二: 09:00 – 12:00, 14:00 – 18:00 | 星期三: 休息 | 星期四: 休息 | 星期五: 09:00 – 12:00, 14:00 – 18:00 | 星期六: 09:00 – 12:00, 14:00 – 18:00 | 星期日: 休息",5,高雄市,左營區,醫院
宅宅犬貓行動獸醫院,813台灣高雄市左營區民族一路1188號,0910 178 556,https://www.mobilevet.info/,5,17,星期一: 18:30 – 21:30 | 星期二: 休息 | 星期三: 09:00 – 21:00 | 星期四: 09:00 – 21:00 | 星期五: 18:30 – 21:30 | 星期六: 09:00 – 21:00 | 星期日: 09:00 – 21:00,5,高雄市,左營區,醫院
寶貝動物醫院,804台灣高雄市鼓山區九如四路1175號,07 588 8268,https://zh-tw.facebook.com/%E5%AF%B6%E8%B2%9D%E5%8B%95%E7%89%A9%E9%86%AB%E9%99%A2-1927240773958013/,4.5,205,星期一: 09:00 – 21:00 | 星期二: 09:00 – 21:00 | 星期三: 09:00 – 21:00 | 星期四: 09:00 – 21:00 | 星期五: 09:00 – 21:00 | 星期六: 09:00 – 21:00 | 星期日: 09:00 – 19:00,5,高雄市,左營區,醫院
博聯動物醫院,804台灣高雄市鼓山區中華一路350號,07 522 9169,http://www.usah.com.tw/,4,377,"星期一: 09:00 – 12:00, 15:00 – 20:30 | 星期二: 09:00 – 12:00, 15:00 – 20:30 | 星期三: 09:00 – 12:00, 15:00 – 20:30 | 星期四: 09:00 – 12:00, 15:00 – 20:30 | 星期五: 09:00 – 12:00, 15:00 – 20:30 | 星期六: 09:00 – 12:00, 14:00 – 17:30 | 星期日: 休息",5,高雄市,左營區,醫院
高雄動物醫院,804台灣高雄市鼓山區,,,5,1,,5,高雄市,左營區,醫院
健中動物醫院,807台灣高雄市三民區鼎中路230號,07 347 4315,https://www.facebook.com/profile.php?id=61566839337703,4.2,302,"星期一: 09:00 – 12:00, 13:30 – 17:30, 18:30 – 21:30 | 星期二: 09:00 – 12:00, 13:30 – 17:30, 18:30 – 21:30 | 星期三: 09:00 – 12:00, 15:00 – 17:30, 18:30 – 21:30 | 星期四: 09:00 – 12:00, 13:30 – 17:30, 18:30 – 21:30 | 星期五: 09:00 – 12:00, 13:30 – 17:30, 18:30 – 21:30 | 星期六: 09:00 – 12:00, 13:30 – 17:30, 18:30 – 21:30 | 星期日: 09:00 – 12:00, 16:00 – 18:00",5,高雄市,左營區,醫院
宇恩動物醫院,804台灣高雄市鼓山區華泰路220號,07 588 0252,https://m.facebook.com/%E5%AE%87%E6%81%A9%E5%8B%95%E7%89%A9%E9%86%AB%E9%99%A2-500233466671185/,3.8,32,星期一: 09:00 – 20:30 | 星期二: 09:00 – 20:30 | 星期三: 09:00 – 20:30 | 星期四: 09:00 – 20:30 | 星期五: 09:00 – 20:30 | 星期六: 09:00 – 20:30 | 星期日: 休息,5,高雄市,左營區,醫院
大揚動物醫院,804台灣高雄市鼓山區華榮路240-6號,07 552 1133,,4.3,35,星期一: 09:00 – 21:00 | 星期二: 09:00 – 21:00 | 星期三: 09:00 – 21:00 | 星期四: 09:00 – 21:00 | 星期五: 09:00 – 21:00 | 星期六: 09:00 – 21:00 | 星期日: 休息,5,高雄市,左營區,醫院
左營動物醫院,813台灣高雄市左營區左營大路437號,07 583 2343,,2.2,6,,5,高雄市,左營區,醫院
聖愛動物醫院,"813台灣 Kaohsiung City, Zuoying District, No. 3-1, Zhonghua 1st Road",07 587 4211,,4.6,20,星期一: 09:00 – 20:30 | 星期二: 09:00 – 20:30 | 星期三: 09:00 – 20:30 | 星期四: 09:00 – 20:30 | 星期五: 09:00 – 20:30 | 星期六: 09:00 – 18:00 | 星期日: 休息,5,高雄市,左營區,醫院
宏力建工動物醫院,807台灣高雄市三民區建工路695號,07 380 5518,https://www.facebook.com/profile.php?id=61555931379492&locale=zh_TW,4.7,59,"星期一: 09:00 – 12:00, 13:00 – 18:00, 19:00 – 21:00 | 星期二: 09:00 – 12:00, 13:00 – 18:00, 19:00 – 21:00 | 星期三: 09:00 – 12:00, 13:00 – 18:00, 19:00 – 21:00 | 星期四: 休息 | 星期五: 09:00 – 12:00, 13:00 – 18:00, 19:00 – 21:00 | 星期六: 09:00 – 12:00, 13:00 – 18:00, 19:00 – 21:00 | 星期日: 09:00 – 12:00, 13:00 – 18:00, 19:00 – 21:00",5,高雄市,左營區,醫院
晨心動物醫院(犬貓內外科、心臟超音波、高壓氧、浪貓TNR),807台灣高雄市三民區建元路26號,07 392 5857,http://www.facebook.com/chenxiAH/,4.7,312,"星期一: 09:00 – 12:00, 14:00 – 18:00, 18:30 – 21:00 | 星期二: 09:00 – 12:00, 14:00 – 18:00, 18:30 – 21:00 | 星期三: 09:00 – 12:00, 14:00 – 18:00, 18:30 – 21:00 | 星期四: 09:00 – 12:00, 14:00 – 18:00, 18:30 – 21:00 | 星期五: 09:00 – 12:00, 14:00 – 18:00, 18:30 – 21:00 | 星期六: 09:00 – 12:00, 14:00 – 18:00, 18:30 – 21:00 | 星期日: 休息",5,高雄市,左營區,醫院
河堤動物醫院,807台灣高雄市三民區民族一路529之6號,07 310 2803,,4,49,"星期一: 14:00 – 20:00 | 星期二: 14:00 – 20:00 | 星期三: 11:00 – 14:00, 16:00 – 20:00 | 星期四: 休息 | 星期五: 11:00 – 14:00, 16:00 – 20:00 | 星期六: 11:00 – 14:00, 16:00 – 20:00 | 星期日: 14:00 – 20:00",5,高雄市,左營區,醫院
聯盟建國動物醫院,802台灣高雄市苓雅區建國一路195號,07 225 2557#0720,https://www.pet100pa.com/vet,4.7,291,"星期一: 10:00 – 12:30, 14:30 – 17:00, 17:30 – 21:00 | 星期二: 10:00 – 12:30, 14:30 – 17:00, 17:30 – 21:00 | 星期三: 10:00 – 12:30, 14:30 – 17:00, 17:30 – 21:00 | 星期四: 10:00 – 12:30, 14:30 – 17:00, 17:30 – 21:00 | 星期五: 10:00 – 12:30, 14:30 – 17:00, 17:30 – 21:00 | 星期六: 10:00 – 12:30, 14:30 – 17:00, 17:30 – 21:00 | 星期日: 10:00 – 12:30, 14:30 – 17:00, 17:30 – 21:00",5,高雄市,左營區,醫院
高雄榮民總醫院實驗動物中心,813台灣高雄市左營區大中一路386號,07 342 2121#71521,https://org.vghks.gov.tw/erli/cp.aspx?n=361C98E96D9486FC,5,1,星期一: 08:00 – 17:00 | 星期二: 08:00 – 17:00 | 星期三: 08:00 – 17:00 | 星期四: 08:00 – 17:00 | 星期五: 08:00 – 17:00 | 星期六: 休息 | 星期日: 休息,5,高雄市,左營區,醫院
聖佳動物醫院,804台灣高雄市鼓山區九如四路1119號,07 587 5727,,4.8,152,星期一: 10:00 – 21:00 | 星期二: 10:00 – 21:00 | 星期三: 10:00 – 21:00 | 星期四: 10:00 – 21:00 | 星期五: 10:00 – 21:00 | 星期六: 10:00 – 18:00 | 星期日: 休息,5,高雄市,左營區,醫院
百佑動物醫院,81359台灣高雄市左營區辛亥路203巷3號,07 550 9785,,3.4,5,,5,高雄市,左營區,醫院
蓋亞野生動物醫院,807台灣高雄市三民區建工路611號,07 392 9353,https://www.facebook.com/gaiavet,4.2,570,"星期一: 10:00 – 14:00, 16:00 – 20:00 | 星期二: 10:00 – 14:00, 16:00 – 20:00 | 星期三: 10:00 – 14:00, 16:00 – 20:00 | 星期四: 10:00 – 14:00, 16:00 – 20:00 | 星期五: 10:00 – 14:00, 16:00 – 20:00 | 星期六: 10:00 – 17:00 | 星期日: 休息",5,高雄市,左營區,醫院
中興動物醫院-河堤分院,807台灣高雄市三民區明吉路32號,07 359 2702,http://www.jsah.com.tw/,4.5,189,"星期一: 09:00 – 12:30, 14:00 – 17:30, 18:30 – 21:00 | 星期二: 09:00 – 12:30, 14:00 – 17:30, 18:30 – 21:00 | 星期三: 14:00 – 17:30, 18:30 – 21:00 | 星期四: 09:00 – 12:30, 14:00 – 17:30, 18:30 – 21:00 | 星期五: 14:00 – 17:30, 18:30 – 21:00 | 星期六: 09:00 – 12:30, 14:00 – 17:30 | 星期日: 休息",5,高雄市,左營區,醫院
明誠動物醫院,814台灣高雄市仁武區八德一路277號,07 310 7276,https://www.facebook.com/pages/%E6%98%8E%E8%AA%A0%E5%8B%95%E7%89%A9%E9%86%AB%E9%99%A2/169450043108265,4.8,245,"星期一: 09:30 – 12:30, 14:30 – 21:00 | 星期二: 09:30 – 12:30, 14:30 – 21:00 | 星期三: 09:30 – 12:30, 14:30 – 21:00 | 星期四: 09:30 – 12:30, 14:30 – 21:00 | 星期五: 09:30 – 12:30, 14:30 – 21:00 | 星期六: 09:30 – 12:30, 14:30 – 16:00 | 星期日: 休息",5,高雄市,左營區,醫院
銀星動物醫院,801台灣高雄市前金區成功一路319號,07 291 4478,https://www.facebook.com/%E9%8A%80%E6%98%9F%E5%8B%95%E7%89%A9%E9%86%AB%E9%99%A2-131971436872077,4.1,209,"星期一: 09:00 – 12:00, 17:00 – 20:30 | 星期二: 09:00 – 12:00, 17:00 – 20:30 | 星期三: 09:00 – 12:00, 17:00 – 20:30 | 星期四: 09:00 – 12:00, 14:00 – 20:30 | 星期五: 09:00 – 12:00, 17:00 – 20:30 | 星期六: 09:00 – 12:00, 14:00 – 18:00 | 星期日: 休息",5,高雄市,左營區,醫院
中興動物醫院大豐總院,807台灣高雄市三民區大豐二路118之1號,07 384 4631,http://www.jsah.com.tw/,4.1,1614,"星期一: 09:30 – 12:30, 14:00 – 17:30, 18:30 – 02:00 | 星期二: 09:30 – 12:30, 14:00 – 17:30, 18:30 – 02:00 | 星期三: 09:30 – 12:30, 14:00 – 17:30, 18:30 – 02:00 | 星期四: 09:30 – 12:30, 14:00 – 17:30, 18:30 – 02:00 | 星期五: 09:30 – 12:30, 14:00 – 17:30, 18:30 – 02:00 | 星期六: 09:30 – 12:30, 14:00 – 17:30, 18:30 – 21:30 | 星期日: 休息",5,高雄市,左營區,醫院
文心貓專科醫院,804台灣高雄市鼓山區中華一路289號,07 552 7408,,,,星期一: 09:00 – 21:00 | 星期二: 09:00 – 21:00 | 星期三: 09:00 – 21:00 | 星期四: 09:00 – 21:00 | 星期五: 09:00 – 21:00 | 星期六: 09:00 – 17:00 | 星期日: 09:00 – 17:00,5,高雄市,左營區,醫院
人愛動物醫院附設寵物美容工作室,800台灣高雄市新興區六合一路30號,07 236 3676,,4.3,241,"星期一: 10:00 – 13:00, 15:00 – 18:00, 19:00 – 20:30 | 星期二: 10:00 – 13:00, 15:00 – 18:00, 19:00 – 20:30 | 星期三: 10:00 – 13:00, 15:00 – 18:00, 19:00 – 20:30 | 星期四: 10:00 – 13:00, 15:00 – 18:00, 19:00 – 20:30 | 星期五: 10:00 – 13:00, 15:00 – 18:00, 19:00 – 20:30 | 星期六: 09:00 – 12:00 | 星期日: 休息",5,高雄市,左營區,醫院
遇見貓醫院 Meet Cat Specialists(預約制）,804台灣高雄市鼓山區中華一路317巷15號,07 522 2800,http://meetcat.strikingly.com/,4.8,201,"星期一: 10:30 – 12:00, 15:00 – 17:00, 18:00 – 19:30 | 星期二: 10:30 – 12:00, 15:00 – 17:00, 18:00 – 19:30 | 星期三: 10:30 – 12:00, 15:00 – 17:00, 18:00 – 19:30 | 星期四: 10:30 – 12:00, 15:00 – 17:00, 18:00 – 19:30 | 星期五: 10:30 – 12:00, 15:00 – 17:00, 18:00 – 19:30 | 星期六: 10:30 – 12:00, 15:00 – 17:00, 18:00 – 19:30 | 星期日: 10:30 – 12:00, 14:30 – 17:00, 17:30 – 19:00",5,高雄市,左營區,醫院
恩澤動物醫院,802台灣高雄市苓雅區武廟路160-2號,07 723 9587,https://dolittlevet.com.tw/,4.5,148,"星期一: 10:00 – 12:00, 14:00 – 20:00 | 星期二: 10:00 – 12:00, 14:00 – 20:00 | 星期三: 10:00 – 12:00, 14:00 – 20:00 | 星期四: 10:00 – 12:00, 14:00 – 20:00 | 星期五: 10:00 – 12:00, 14:00 – 20:00 | 星期六: 10:00 – 17:00 | 星期日: 10:00 – 17:00",5,高雄市,左營區,醫院
慈愛寵物－高雄店,81367台灣高雄市左營區文自路500號,07 349 8234,,4.4,177,星期一: 10:00 – 22:00 | 星期二: 10:00 – 22:00 | 星期三: 10:00 – 22:00 | 星期四: 10:00 – 22:00 | 星期五: 10:00 – 22:00 | 星期六: 10:00 – 22:00 | 星期日: 10:00 – 22:00,2,高雄市,左營區,醫院
湖光動物醫院仁武分院 (醫師班表及不定期休診請看臉書粉專公告),814台灣高雄市仁武區京富路255號,07 374 0919,https://www.facebook.com/%E6%B9%96%E5%85%89%E5%8B%95%E7%89%A9%E9%86%AB%E9%99%A2%E9%AB%98%E9%9B%84%E5%88%86%E9%99%A2-1204882862993523/,4.7,259,"星期一: 09:30 – 12:30, 14:00 – 16:30, 18:00 – 20:30 | 星期二: 09:30 – 12:30, 14:00 – 16:30, 18:00 – 20:30 | 星期三: 09:30 – 12:30, 14:00 – 16:30, 18:00 – 20:30 | 星期四: 09:30 – 12:30, 14:00 – 16:30, 18:00 – 20:30 | 星期五: 09:30 – 12:30, 14:00 – 16:30, 18:00 – 20:30 | 星期六: 09:30 – 12:30, 14:00 – 16:30 | 星期日: 休息",5,高雄市,左營區,醫院
藍天動物醫院,807台灣高雄市三民區博愛一路139號,07 322 9200,,4.3,110,"星期一: 09:30 – 12:30, 14:30 – 21:00 | 星期二: 09:30 – 12:30, 14:30 – 21:00 | 星期三: 09:30 – 12:30, 14:30 – 21:00 | 星期四: 09:30 – 12:30, 14:30 – 21:00 | 星期五: 09:30 – 12:30, 14:30 – 21:00 | 星期六: 09:30 – 12:30, 14:30 – 21:00 | 星期日: 休息",5,高雄市,左營區,醫院
北平動物醫院,807025台灣高雄市三民區北平二街111號,07 323 7226,,4.5,262,"星期一: 09:00 – 12:00, 14:00 – 20:30 | 星期二: 09:00 – 12:00, 14:00 – 20:30 | 星期三: 09:00 – 12:00, 14:00 – 20:30 | 星期四: 09:00 – 12:00, 14:00 – 20:30 | 星期五: 09:00 – 12:00, 14:00 – 20:30 | 星期六: 09:00 – 12:00, 14:00 – 20:30 | 星期日: 09:00 – 11:30",5,高雄市,左營區,醫院
美術德民動物醫院,804台灣高雄市鼓山區美術東四路32號,07 552 8487,https://msdeminah.com/,4.7,157,"星期一: 10:00 – 12:00, 15:00 – 20:00 | 星期二: 10:00 – 12:00, 15:00 – 20:00 | 星期三: 10:00 – 12:00, 15:00 – 20:00 | 星期四: 10:00 – 12:00, 15:00 – 20:00 | 星期五: 10:00 – 12:00, 15:00 – 20:00 | 星期六: 10:00 – 12:00, 15:00 – 20:00 | 星期日: 10:00 – 12:00, 15:00 – 20:00",5,高雄市,左營區,醫院
聖弘綜合動物醫院,80791台灣高雄市三民區鼎中路753之37號,07 310 3002,,4.5,70,"星期一: 10:00 – 12:00, 15:00 – 17:30, 19:00 – 20:00 | 星期二: 10:00 – 12:00, 15:00 – 17:30, 19:00 – 20:00 | 星期三: 10:00 – 12:00, 15:00 – 17:30, 19:00 – 20:00 | 星期四: 10:00 – 12:00, 15:00 – 17:30, 19:00 – 20:00 | 星期五: 10:00 – 12:00, 15:00 – 17:30, 19:00 – 20:00 | 星期六: 10:00 – 12:00 | 星期日: 休息",5,高雄市,左營區,醫院
嘉仁動物醫院,804台灣高雄市鼓山區九如四路1658號,07 587 6094,,4.3,154,"星期一: 09:00 – 12:00, 14:00 – 20:00 | 星期二: 09:00 – 12:00, 14:00 – 20:00 | 星期三: 09:00 – 12:00, 14:00 – 20:00 | 星期四: 09:00 – 12:00, 14:00 – 20:00 | 星期五: 09:00 – 12:00, 14:00 – 20:00 | 星期六: 休息 | 星期日: 休息",5,高雄市,左營區,醫院
盈煇動物醫院,807台灣高雄市三民區建興路287號,07 384 7710,,3.8,23,,5,高雄市,左營區,醫院
仁愛動物醫院,830台灣高雄市鳳山區保泰路258號,07 771 5240,,4.2,79,,5,高雄市,左營區,醫院
仁安動物醫院,814台灣高雄市仁武區中華路205號,07 374 4362,,4.6,8,,5,高雄市,左營區,醫院
大興動物醫院,830台灣高雄市鳳山區經武路135號,07 746 4183,,4.2,10,,5,高雄市,左營區,醫院
世和動物醫院,806台灣高雄市前鎮區廣西路421號,07 333 9009,https://www.facebook.com/pages/%E4%B8%96%E5%92%8C%E5%8B%95%E7%89%A9%E9%86%AB%E9%99%A2/1483944718538784,4.9,181,"星期一: 15:00 – 18:30, 22:30 – 23:30 | 星期二: 15:00 – 18:30, 22:30 – 23:30 | 星期三: 15:00 – 18:30, 22:30 – 23:30 | 星期四: 15:00 – 18:30, 22:30 – 23:30 | 星期五: 15:00 – 18:30, 22:30 – 23:30 | 星期六: 15:00 – 18:30, 22:00 – 01:00 | 星期日: 15:00 – 17:00",5,高雄市,左營區,醫院
愛心動物醫院,802台灣高雄市苓雅區建國一路74-3號,07 715 6399,https://www.facebook.com/%E6%84%9B%E5%BF%83%E5%8B%95%E7%89%A9%E9%86%AB%E9%99%A2-116928698387170/,4.7,416,星期一: 10:30 – 21:00 | 星期二: 10:30 – 21:00 | 星期三: 休息 | 星期四: 10:30 – 21:00 | 星期五: 10:30 – 21:00 | 星期六: 10:30 – 17:00 | 星期日: 休息,5,高雄市,左營區,醫院
躍犬獸醫院,802台灣苓雅區中華四路210號,07 331 7313,,4,26,,4,高雄市,左營區,醫院
中心動物醫院,830台灣高雄市鳳山區光遠路262號,07 745 2889,,3.2,31,,5,高雄市,左營區,醫院
安心動物醫院,83080台灣高雄市鳳山區武慶二路74號,07 727 5266,,4.5,363,"星期一: 08:30 – 12:00, 15:00 – 18:30, 19:30 – 21:00 | 星期二: 休息 | 星期三: 08:30 – 12:00, 15:00 – 18:30, 19:30 – 21:00 | 星期四: 08:30 – 12:00, 15:00 – 18:30, 19:30 – 21:00 | 星期五: 08:30 – 12:00, 15:00 – 18:30, 19:30 – 21:00 | 星期六: 08:30 – 12:00, 15:00 – 18:30, 19:30 – 21:00 | 星期日: 08:30 – 12:00, 15:00 – 17:00",5,高雄市,左營區,醫院
宏泰動物醫院,800台灣高雄市新興區開封路301巷2號,07 236 7706,,4.9,11,"星期一: 09:00 – 12:00, 14:00 – 20:00 | 星期二: 09:00 – 12:00, 14:00 – 20:00 | 星期三: 09:00 – 12:00, 14:00 – 20:00 | 星期四: 09:00 – 12:00, 14:00 – 20:00 | 星期五: 09:00 – 12:00, 14:00 – 20:00 | 星期六: 09:00 – 12:00, 14:00 – 17:00 | 星期日: 休息",5,高雄市,左營區,醫院
烏鐸動物醫院 Udoch Animal Hospital,80283台灣高雄市苓雅區中正一路139號,07 722 0804,,3.3,97,"星期一: 10:00 – 21:30 | 星期二: 10:00 – 00:00 | 星期三: 00:00 – 09:30, 10:00 – 21:30 | 星期四: 10:00 – 21:30 | 星期五: 10:00 – 21:30 | 星期六: 10:30 – 00:00 | 星期日: 00:00 – 09:30, 10:00 – 16:00",5,高雄市,左營區,醫院
喬治亞動物醫院（週三固定公休。特休請關注粉絲團喔）,802台灣高雄市苓雅區四維二路96-3號,07 771 5270,http://www.gerogiavet.com/,4.6,102,"星期一: 10:00 – 12:00, 14:00 – 17:00, 18:00 – 21:30 | 星期二: 10:00 – 12:00, 14:00 – 17:00, 18:00 – 21:30 | 星期三: 休息 | 星期四: 10:00 – 12:00, 14:00 – 17:00, 18:00 – 21:30 | 星期五: 10:00 – 12:00, 14:00 – 17:00, 18:00 – 21:30 | 星期六: 10:00 – 12:00, 14:00 – 17:00, 18:00 – 21:30 | 星期日: 10:00 – 12:00, 14:00 – 17:00, 18:00 – 21:30",5,高雄市,左營區,醫院
聯盟動物醫院(鳳屏院)(預約制) 鳳山大寮指定動物醫院 心臟內科 健檢 預防針 一般犬貓內外科,831台灣高雄市大寮區鳳屏一路35號,07 702 1192,https://www.pet100pa.com/vet,4.4,192,"星期一: 10:00 – 12:30, 14:30 – 17:00, 17:30 – 21:00 | 星期二: 10:00 – 12:30, 14:30 – 17:00, 17:30 – 21:00 | 星期三: 10:00 – 12:30, 17:30 – 21:00 | 星期四: 10:00 – 12:30, 14:30 – 17:00, 17:30 – 21:00 | 星期五: 10:00 – 21:00 | 星期六: 10:00 – 12:30, 14:30 – 17:00, 17:30 – 21:00 | 星期日: 10:00 – 12:30, 14:30 – 17:00, 17:30 – 21:00",5,高雄市,左營區,醫院
吉米家動物醫院,81458台灣高雄市仁武區仁勇路56-7號,07 374 9925,https://www.facebook.com/Jill.mi.vet/,4.9,186,"星期一: 09:30 – 13:00, 14:30 – 18:00, 19:00 – 21:00 | 星期二: 09:30 – 13:00, 14:30 – 18:00 | 星期三: 09:30 – 13:00, 14:30 – 18:00, 19:00 – 21:00 | 星期四: 09:30 – 13:00, 14:30 – 18:00, 19:00 – 21:00 | 星期五: 09:30 – 13:00, 14:30 – 18:00, 19:00 – 21:00 | 星期六: 09:30 – 13:00, 14:30 – 17:00 | 星期日: 09:30 – 13:00, 14:30 – 17:00",5,高雄市,左營區,醫院
本丸特殊寵物與貓專科醫院,806台灣高雄市前鎮區永豐路105號1樓,07 721 1089,,4.6,232,"星期一: 休息 | 星期二: 09:30 – 12:00, 14:30 – 21:00 | 星期三: 09:30 – 12:00, 14:30 – 21:00 | 星期四: 09:30 – 12:00, 14:30 – 21:00 | 星期五: 09:30 – 12:00, 14:30 – 21:00 | 星期六: 09:30 – 12:00, 14:30 – 21:00 | 星期日: 14:00 – 21:00",5,高雄市,左營區,醫院
吉盈動物醫院（採預約制）（公休詳見FB官網）,800台灣高雄市新興區民生一路34號,07 226 7559,https://www.facebook.com/genevet1980/,4.6,171,"星期一: 09:30 – 12:00, 14:00 – 21:00 | 星期二: 09:30 – 12:00, 14:00 – 21:00 | 星期三: 09:30 – 12:00, 14:00 – 21:00 | 星期四: 09:30 – 12:00, 14:00 – 21:00 | 星期五: 09:30 – 12:00, 14:00 – 21:00 | 星期六: 09:30 – 12:00, 14:00 – 18:00 | 星期日: 休息",5,高雄市,左營區,醫院
健生動物醫院,806台灣高雄市前鎮區一心一路275號,07 335 1487,https://www.facebook.com/jensenvet/,4.9,263,"星期一: 09:00 – 11:30, 15:30 – 19:00 | 星期二: 09:00 – 11:30, 15:30 – 19:00 | 星期三: 09:00 – 11:30, 15:30 – 19:00 | 星期四: 09:00 – 11:30, 15:30 – 19:00 | 星期五: 09:00 – 11:30, 15:30 – 19:00 | 星期六: 09:00 – 11:30 | 星期日: 休息",5,高雄市,左營區,醫院
加康動物醫院,833172台灣高雄市鳥松區大昌路563號,07 386 0506,,4.8,80,星期一: 14:30 – 21:00 | 星期二: 14:30 – 21:00 | 星期三: 14:30 – 19:00 | 星期四: 14:30 – 21:00 | 星期五: 14:30 – 21:00 | 星期六: 14:30 – 21:00 | 星期日: 休息,5,高雄市,左營區,醫院
成功動物醫院,802台灣高雄市苓雅區武廟路155號,07 715 2225,https://www.facebook.com/%E9%AB%98%E9%9B%84-%E6%88%90%E5%8A%9F%E5%8B%95%E7%89%A9%E9%86%AB%E9%99%A2-589220664874070/,4.9,53,"星期一: 09:30 – 12:00, 19:00 – 21:30 | 星期二: 09:30 – 12:00, 19:00 – 21:30 | 星期三: 09:30 – 12:00, 19:00 – 21:30 | 星期四: 09:30 – 12:00, 19:00 – 21:30 | 星期五: 09:30 – 12:00, 19:00 – 21:30 | 星期六: 09:30 – 12:00 | 星期日: 休息",5,高雄市,左營區,醫院
聯強動物醫院,830台灣高雄市鳳山區南福街200號,07 765 0698,https://zh-tw.facebook.com/%E8%81%AF%E5%BC%B7%E5%8B%95%E7%89%A9%E9%86%AB%E9%99%A2-222140067801857/,4.8,800,"星期一: 09:00 – 12:00, 14:00 – 17:30, 18:30 – 21:00 | 星期二: 09:00 – 12:00, 14:00 – 17:30, 18:30 – 21:00 | 星期三: 09:00 – 12:00, 14:00 – 17:30, 18:30 – 21:00 | 星期四: 09:00 – 12:00, 14:00 – 17:30, 18:30 – 21:00 | 星期五: 09:00 – 12:00, 14:00 – 17:30, 18:30 – 21:00 | 星期六: 09:00 – 12:00 | 星期日: 休息",5,高雄市,左營區,醫院
立康動物醫院,800台灣高雄市新興區七賢一路262號,07 235 3057,http://likanghospital.blogspot.com/,4.5,453,"星期一: 10:00 – 13:00, 15:00 – 18:00, 19:00 – 21:00 | 星期二: 10:00 – 13:00, 15:00 – 18:00, 19:00 – 21:00 | 星期三: 10:00 – 13:00, 15:00 – 18:00, 19:00 – 21:00 | 星期四: 10:00 – 13:00, 15:00 – 18:00, 19:00 – 21:00 | 星期五: 10:00 – 13:00, 15:00 – 18:00, 19:00 – 21:00 | 星期六: 10:00 – 13:00, 15:00 – 18:00, 19:00 – 21:00 | 星期日: 休息",5,高雄市,左營區,醫院
微笑高壓氧動物醫院,801台灣高雄市前金區七賢二路214號,07 285 7677,https://www.facebook.com/%E5%BE%AE%E7%AC%91%E5%8B%95%E7%89%A9%E9%86%AB%E9%99%A2-149847668358795/,4.6,268,"星期一: 09:30 – 12:00, 14:00 – 18:00, 19:00 – 22:00 | 星期二: 09:30 – 12:00, 14:00 – 18:00, 19:00 – 22:00 | 星期三: 09:30 – 12:00, 14:00 – 18:00, 19:00 – 22:00 | 星期四: 09:30 – 12:00, 14:00 – 18:00, 19:00 – 22:00 | 星期五: 09:30 – 12:00, 14:00 – 18:00, 19:00 – 22:00 | 星期六: 09:30 – 12:00, 14:00 – 18:00, 19:00 – 22:00 | 星期日: 09:30 – 12:00, 14:00 – 17:30",5,高雄市,左營區,醫院
大毛小毛動物醫院,807台灣高雄市三民區文濱路62號,07 780 9102,https://www.facebook.com/monsterah62/,4.3,756,"星期一: 09:00 – 11:30, 13:00 – 17:00, 18:30 – 20:30 | 星期二: 09:00 – 11:30, 13:00 – 17:00, 18:30 – 20:30 | 星期三: 09:00 – 11:30, 13:00 – 17:00, 18:30 – 20:30 | 星期四: 09:00 – 11:30, 13:00 – 17:00, 18:30 – 20:30 | 星期五: 09:00 – 11:30, 13:00 – 17:00, 18:30 – 20:30 | 星期六: 09:00 – 11:30, 13:00 – 17:00, 18:30 – 20:30 | 星期日: 09:00 – 11:30, 13:00 – 17:00, 18:30 – 20:30",5,高雄市,左營區,醫院
文山動物醫院,807台灣高雄市三民區澄清路529號,07 398 5789,,4.9,81,"星期一: 09:00 – 12:00, 14:00 – 21:00 | 星期二: 09:00 – 12:00, 14:00 – 21:00 | 星期三: 09:00 – 12:00, 14:00 – 21:00 | 星期四: 09:00 – 12:00, 14:00 – 21:00 | 星期五: 09:00 – 12:00, 14:00 – 21:00 | 星期六: 09:00 – 12:00, 14:00 – 21:00 | 星期日: 休息",5,高雄市,左營區,醫院
遇見貓醫院,804台灣高雄市鼓山區中華一路317巷15號,07 522 2800,,4.5,10,"星期一: 10:30 – 12:00, 13:30 – 17:00, 17:30 – 20:00 | 星期二: 10:30 – 12:00, 13:30 – 17:00, 17:30 – 20:00 | 星期三: 10:30 – 12:00, 13:30 – 17:00, 17:30 – 20:00 | 星期四: 10:30 – 12:00, 13:30 – 17:00, 17:30 – 20:00 | 星期五: 10:30 – 12:00, 13:30 – 17:00, 17:30 – 20:00 | 星期六: 10:30 – 12:00, 13:30 – 17:00, 17:30 – 20:00 | 星期日: 10:30 – 12:00, 13:30 – 17:00, 17:30 – 20:00",5,高雄市,鼓山區,醫院
拾貳寵動物醫院 Zodiac Pet Clinic｜犬貓特寵家醫｜貓友善醫療｜健檢專科｜FearFree認證,804台灣高雄市鼓山區青海路396號,07 552 8158#1,https://www.zodiac-pet.com/,5,19,"星期一: 10:30 – 12:00, 14:00 – 17:30, 18:00 – 20:30 | 星期二: 10:30 – 12:00, 14:00 – 17:30, 18:00 – 20:30 | 星期三: 休息 | 星期四: 休息 | 星期五: 休息 | 星期六: 休息 | 星期日: 10:30 – 12:00, 14:00 – 17:30, 18:00 – 20:30",5,高雄市,鼓山區,醫院
謝老闆動物醫院,807台灣高雄市三民區哈爾濱街29號,07 322 2819,https://www.facebook.com/boss1hsieh/,4.5,69,"星期一: 09:00 – 12:00, 15:00 – 18:00 | 星期二: 休息 | 星期三: 09:00 – 12:00, 15:30 – 18:00 | 星期四: 09:00 – 12:00, 15:00 – 18:00 | 星期五: 09:00 – 12:00, 15:30 – 18:00 | 星期六: 09:00 – 12:00, 15:30 – 18:00 | 星期日: 休息",5,高雄市,鼓山區,醫院
安生動物醫院,807台灣高雄市三民區建國三路278號,07 216 6677,,4.4,119,"星期一: 09:00 – 12:00, 14:30 – 18:00, 19:00 – 20:00 | 星期二: 09:00 – 12:00, 14:30 – 18:00, 19:00 – 20:00 | 星期三: 09:00 – 12:00, 14:30 – 18:00, 19:00 – 20:00 | 星期四: 09:00 – 12:00, 14:30 – 18:00, 19:00 – 20:00 | 星期五: 09:00 – 12:00, 14:30 – 18:00, 19:00 – 20:00 | 星期六: 09:00 – 12:00 | 星期日: 09:00 – 12:00",5,高雄市,鼓山區,醫院
台大動物綜合醫院,807台灣高雄市三民區博愛一路115號,07 311 1576,,4.6,27,"星期一: 09:00 – 12:00, 15:00 – 21:00 | 星期二: 09:00 – 12:00, 15:00 – 21:00 | 星期三: 09:00 – 12:00, 15:00 – 21:00 | 星期四: 09:00 – 12:00, 15:00 – 21:00 | 星期五: 09:00 – 12:00, 15:00 – 21:00 | 星期六: 09:00 – 12:00, 15:00 – 21:00 | 星期日: 休息",5,高雄市,鼓山區,醫院
惠明動物醫院,807台灣高雄市三民區嫩江街58號,07 316 1300,,4.3,15,星期一: 09:00 – 21:00 | 星期二: 09:00 – 21:00 | 星期三: 09:00 – 21:00 | 星期四: 09:00 – 21:00 | 星期五: 09:00 – 21:00 | 星期六: 09:00 – 21:00 | 星期日: 09:00 – 12:00,5,高雄市,鼓山區,醫院
弘恩動物醫院 犬貓專科-高雄新興獸醫 急診/重症加護/住院/ICU氧氣病房/輸血/內科/外科/出國代辦 腎衰竭/洗腎/心臟衰竭/胰臟炎/泌尿道/結石/肛門腺/洗牙拔牙/腫瘤/口炎/心絲蟲 老貓/老狗照護 無佐劑預防針 專業評價推薦 PTT Dacrd,800台灣高雄市新興區五福二路152號,07 215 1123,https://hornvet.wixsite.com/mypet,4.1,157,星期一: 10:00 – 20:30 | 星期二: 10:00 – 20:30 | 星期三: 10:00 – 20:30 | 星期四: 10:00 – 20:30 | 星期五: 10:00 – 20:30 | 星期六: 10:00 – 20:00 | 星期日: 10:30 – 19:30,5,高雄市,鼓山區,醫院
品安動物醫院,807台灣高雄市三民區同盟一路73號,07 385 1313,https://www.facebook.com/%E9%AB%98%E9%9B%84%E5%93%81%E5%AE%89%E5%8B%95%E7%89%A9%E9%86%AB%E9%99%A2-836429009752426/,4.8,68,星期一: 09:00 – 20:00 | 星期二: 09:00 – 00:00 | 星期三: 00:00 – 08:00 | 星期四: 休息 | 星期五: 09:00 – 20:00 | 星期六: 09:00 – 20:00 | 星期日: 休息,5,高雄市,鼓山區,醫院
慈愛動物醫院-九如院,80765台灣高雄市三民區九如一路458號,07 387 1966,https://m.facebook.com/Lkah008/,4.5,585,星期一: 10:00 – 21:00 | 星期二: 10:00 – 21:00 | 星期三: 10:00 – 21:00 | 星期四: 10:00 – 21:00 | 星期五: 10:00 – 21:00 | 星期六: 10:00 – 21:00 | 星期日: 10:00 – 21:00,5,高雄市,鼓山區,醫院
勝杰動物醫院,"號 No. 163, 成功一路苓雅區高雄市台灣 802",07 269 6635,https://www.facebook.com/%E5%8B%9D%E6%9D%B0%E5%8B%95%E7%89%A9%E9%86%AB%E9%99%A2-253522794763508/,4.3,214,"星期一: 10:00 – 12:00, 14:00 – 17:00 | 星期二: 10:00 – 12:00, 14:00 – 17:00 | 星期三: 10:00 – 12:00, 14:00 – 17:00 | 星期四: 10:00 – 12:00, 14:00 – 17:00 | 星期五: 10:00 – 12:00, 14:00 – 17:00 | 星期六: 休息 | 星期日: 休息",5,高雄市,鼓山區,醫院
亞幸動物醫院,802台灣高雄市苓雅區光華一路12-1號,07 726 5577,https://actionah2020.com/,4.5,684,"星期一: 10:00 – 12:00, 13:00 – 21:00 | 星期二: 10:00 – 12:00, 13:00 – 21:00 | 星期三: 10:00 – 13:00, 14:00 – 19:00 | 星期四: 10:00 – 12:00, 13:00 – 21:00 | 星期五: 10:00 – 12:00, 13:00 – 21:00 | 星期六: 10:00 – 12:00, 14:00 – 19:00 | 星期日: 10:00 – 13:00, 14:00 – 19:00",5,高雄市,鼓山區,醫院
長庚家畜醫院,804台灣高雄市鼓山區鼓山一路33號,0919 619 983,https://zh-tw.facebook.com/%E9%95%B7%E5%BA%9A%E5%AE%B6%E7%95%9C%E9%86%AB%E9%99%A2-242773446188435/,4.6,32,星期一: 09:00 – 22:00 | 星期二: 09:00 – 22:00 | 星期三: 09:00 – 22:00 | 星期四: 09:00 – 22:00 | 星期五: 09:00 – 22:00 | 星期六: 09:00 – 22:00 | 星期日: 09:00 – 22:00,4,高雄市,鼓山區,醫院
聖馨動物醫院(犬貓內外科、犬貓針灸、犬貓美容) 週三週日公休,802台灣高雄市苓雅區苓雅一路28號,07 536 6010,https://m.facebook.com/BAH.Kaohsiung/,5,26,"星期一: 09:00 – 11:30, 15:00 – 17:30, 18:30 – 20:00 | 星期二: 09:00 – 11:30, 15:00 – 17:30, 18:30 – 20:00 | 星期三: 休息 | 星期四: 09:00 – 11:30, 15:00 – 17:30, 18:30 – 20:00 | 星期五: 09:00 – 11:30, 15:00 – 17:30, 18:30 – 20:00 | 星期六: 09:00 – 11:30, 15:00 – 17:30 | 星期日: 休息",5,高雄市,鼓山區,醫院
愛沛動物醫院,802台灣高雄市苓雅區復興二路17-2號,07 333 3819,https://www.facebook.com/ipetanimalhospital/,4.9,138,"星期一: 09:00 – 12:00, 15:00 – 18:00, 19:00 – 21:00 | 星期二: 09:00 – 12:00, 15:00 – 18:00, 19:00 – 21:00 | 星期三: 09:00 – 12:00, 15:00 – 18:00, 19:00 – 21:00 | 星期四: 09:00 – 12:00, 15:00 – 18:00, 19:00 – 21:00 | 星期五: 09:00 – 12:00, 15:00 – 18:00, 19:00 – 21:00 | 星期六: 09:00 – 12:00, 15:00 – 18:00 | 星期日: 休息",5,高雄市,鼓山區,醫院
長和犬醫院,800台灣高雄市新興區忠孝一路245號,07 261 3930,,4.8,66,"星期一: 09:00 – 12:00, 14:30 – 18:00, 19:30 – 21:30 | 星期二: 09:00 – 12:00, 14:30 – 18:00, 19:30 – 21:30 | 星期三: 09:00 – 12:00, 14:30 – 18:00, 19:30 – 21:30 | 星期四: 09:00 – 12:00, 14:30 – 18:00, 19:30 – 21:30 | 星期五: 09:00 – 12:00, 14:30 – 18:00, 19:30 – 21:30 | 星期六: 09:00 – 12:00, 14:30 – 18:00, 19:30 – 21:30 | 星期日: 休息",4,高雄市,鼓山區,醫院
東海犬病醫院,801台灣前金區成功一路367號,07 216 5869,,5,4,星期一: 17:00 – 19:00 | 星期二: 17:00 – 19:00 | 星期三: 17:00 – 19:00 | 星期四: 17:00 – 19:00 | 星期五: 17:00 – 19:00 | 星期六: 休息 | 星期日: 休息,4,高雄市,鼓山區,醫院
大順動物醫院,"No. 230號, Dashun 3rd Rd, 苓雅區高雄市台灣 802",07 752 9642,,4.5,235,星期一: 10:30 – 20:00 | 星期二: 10:30 – 20:00 | 星期三: 10:30 – 20:00 | 星期四: 10:30 – 20:00 | 星期五: 10:30 – 20:00 | 星期六: 10:30 – 17:00 | 星期日: 休息,5,高雄市,鼓山區,醫院
安生動物醫院,820台灣高雄市岡山區公園西路二段140號,07 626 6543,,4.7,109,星期一: 09:00 – 20:00 | 星期二: 09:00 – 20:00 | 星期三: 09:00 – 20:00 | 星期四: 09:00 – 20:00 | 星期五: 09:00 – 20:00 | 星期六: 09:00 – 18:00 | 星期日: 休息,5,高雄市,鼓山區,醫院
依沐動物醫院（原慈濟動物醫院）,806台灣高雄市前鎮區瑞日街2號,07 811 4023,,4.5,195,星期一: 09:30 – 21:00 | 星期二: 09:30 – 21:00 | 星期三: 09:30 – 21:00 | 星期四: 09:30 – 21:00 | 星期五: 09:30 – 21:00 | 星期六: 09:30 – 18:00 | 星期日: 休息,5,高雄市,鼓山區,醫院
聯合動物醫院,807台灣高雄市三民區覺民路74號,07 396 3977,,4.4,195,"星期一: 休息 | 星期二: 09:30 – 11:30, 14:30 – 17:30 | 星期三: 14:30 – 17:30, 19:00 – 21:00 | 星期四: 休息 | 星期五: 14:30 – 17:30 | 星期六: 09:30 – 11:30, 14:30 – 17:00 | 星期日: 休息",5,高雄市,鼓山區,醫院
星羽動物醫院三民院-三民動物醫院推薦|犬貓暨特殊寵物動物醫院|特寵醫院|鳥類、兔科、鼠科、蜜袋鼯、刺蝟、爬蟲類|寵物牙科|寵物洗牙|寵物結紮|獸醫推薦|寵物外科,807台灣高雄市三民區信國路20號,07 395 5131,https://starfeather.com.tw/,4.7,162,"星期一: 10:00 – 13:00, 14:00 – 17:00, 18:00 – 21:00 | 星期二: 10:00 – 13:00, 14:00 – 17:00, 18:00 – 21:00 | 星期三: 10:00 – 13:00, 14:00 – 17:00, 18:00 – 21:00 | 星期四: 休息 | 星期五: 10:00 – 13:00, 14:00 – 17:00, 18:00 – 21:00 | 星期六: 10:00 – 13:00, 14:00 – 17:00, 18:00 – 21:00 | 星期日: 10:00 – 13:00, 14:00 – 17:00",5,高雄市,三民區,醫院
荷蘭醫生動物醫院 Dr. Holland Animal Hospital（預約制，請來電預約時段）,807台灣高雄市三民區澄清路401號,07 398 6818,https://www.facebook.com/profile.php?id=61557538422615&mibextid=LQQJ4d,4.9,84,"星期一: 09:00 – 12:00, 14:00 – 21:00 | 星期二: 09:00 – 12:00, 14:00 – 21:00 | 星期三: 09:00 – 12:00, 14:00 – 21:00 | 星期四: 09:00 – 12:00, 14:00 – 21:00 | 星期五: 09:00 – 12:00, 14:00 – 21:00 | 星期六: 09:00 – 12:00, 14:00 – 21:00 | 星期日: 休息",5,高雄市,三民區,醫院
順仁動物醫院,807台灣高雄市三民區正忠路101號,07 384 4808,https://www.facebook.com/%E9%A0%86%E4%BB%81%E5%8B%95%E7%89%A9%E9%86%AB%E9%99%A2-207790422593518/,4.6,93,"星期一: 09:30 – 12:00, 14:00 – 17:30, 18:30 – 21:00 | 星期二: 09:30 – 12:00, 14:00 – 17:30, 18:30 – 21:00 | 星期三: 09:30 – 12:00, 14:00 – 17:30, 18:30 – 21:00 | 星期四: 09:30 – 12:00, 14:00 – 17:30, 18:30 – 21:00 | 星期五: 09:30 – 12:00, 14:00 – 17:30, 18:30 – 21:00 | 星期六: 09:30 – 12:00, 14:00 – 18:00 | 星期日: 休息",5,高雄市,三民區,醫院
立宏動物醫院,807台灣高雄市三民區陽明路310號,07 390 5656,https://www.facebook.com/LiHongVeterinaryHospital,4.1,65,"星期一: 09:00 – 12:00, 14:00 – 21:00 | 星期二: 09:00 – 12:00, 14:00 – 21:00 | 星期三: 09:00 – 12:00, 14:00 – 21:00 | 星期四: 09:00 – 12:00, 14:00 – 21:00 | 星期五: 09:00 – 12:00, 14:00 – 21:00 | 星期六: 09:00 – 12:00, 14:00 – 21:00 | 星期日: 休息",5,高雄市,三民區,醫院
牽牽手動物醫院 ( 3/11-13休診 / 預約制 請先連絡安排時間 ),80762台灣高雄市三民區永年街38號,07 380 5191,https://www.facebook.com/%E7%89%BD%E7%89%BD%E6%89%8B%E5%8B%95%E7%89%A9%E9%86%AB%E9%99%A2-603180546872707/?modal=admin_todo_tour,4.8,236,"星期一: 10:00 – 13:30, 16:30 – 21:00 | 星期二: 10:00 – 13:30 | 星期三: 休息 | 星期四: 10:00 – 13:30, 16:30 – 21:00 | 星期五: 10:00 – 13:30, 16:30 – 21:00 | 星期六: 10:00 – 13:30, 16:30 – 21:00 | 星期日: 10:00 – 13:30, 16:30 – 21:00",5,高雄市,三民區,醫院
義華動物醫院,807台灣高雄市三民區義華路342號,07 383 9683,,4.4,290,"星期一: 09:00 – 12:15, 15:00 – 21:00 | 星期二: 09:00 – 12:15, 15:00 – 21:00 | 星期三: 09:00 – 12:15, 15:00 – 21:00 | 星期四: 09:00 – 12:15, 15:00 – 21:00 | 星期五: 09:00 – 12:15, 15:00 – 21:00 | 星期六: 09:00 – 12:15, 15:00 – 18:00 | 星期日: 休息",5,高雄市,三民區,醫院
檀儒動物醫院,807台灣高雄市三民區九如一路385號,07 380 6983,https://www.facebook.com/%E6%AA%80%E5%84%92%E5%8B%95%E7%89%A9%E9%86%AB%E9%99%A2-300713993595550/,4.7,53,"星期一: 09:30 – 12:00, 15:30 – 20:30 | 星期二: 09:30 – 12:00, 15:30 – 20:30 | 星期三: 15:30 – 20:30 | 星期四: 09:30 – 12:00, 15:30 – 20:30 | 星期五: 09:30 – 12:00, 15:30 – 20:30 | 星期六: 09:30 – 12:00, 15:30 – 20:30 | 星期日: 休息",5,高雄市,三民區,醫院
張動物醫院,807台灣高雄市三民區澄清路535號,07 381 5680,,4.2,127,"星期一: 09:00 – 12:00, 14:00 – 21:00 | 星期二: 09:00 – 12:00, 14:00 – 21:00 | 星期三: 09:00 – 12:00, 14:00 – 21:00 | 星期四: 09:00 – 12:00, 14:00 – 21:00 | 星期五: 09:00 – 12:00, 14:00 – 21:00 | 星期六: 09:00 – 12:00, 14:00 – 21:00 | 星期日: 休息",5,高雄市,三民區,醫院
陽明小怪獸動物醫院,807台灣高雄市三民區陽明路27號,07 390 9898,https://www.facebook.com/share/18NQcF3wSz/?mibextid=LQQJ4d,5,30,"星期一: 09:00 – 12:00, 14:00 – 17:00, 18:00 – 20:00 | 星期二: 09:00 – 12:00, 14:00 – 17:00, 18:00 – 20:00 | 星期三: 14:00 – 17:00, 18:00 – 20:00 | 星期四: 09:00 – 12:00, 14:00 – 17:00, 18:00 – 20:00 | 星期五: 09:00 – 12:00, 14:00 – 17:00, 18:00 – 20:00 | 星期六: 休息 | 星期日: 休息",5,高雄市,三民區,醫院
永安動物醫院,830台灣高雄市鳳山區建國路三段90號,07 776 6337,https://www.facebook.com/%E6%B0%B8%E5%AE%89%E5%8B%95%E7%89%A9%E9%86%AB%E9%99%A2-1557367350976266/,4.5,422,"星期一: 09:00 – 12:00, 13:00 – 17:00, 18:00 – 21:00 | 星期二: 09:00 – 12:00, 13:00 – 17:00, 18:00 – 21:00 | 星期三: 09:00 – 12:00, 13:00 – 17:00, 18:00 – 21:00 | 星期四: 09:00 – 12:00, 13:00 – 17:00, 18:00 – 21:00 | 星期五: 09:00 – 12:00, 13:00 – 17:00, 18:00 – 21:00 | 星期六: 09:00 – 12:00, 13:00 – 17:00, 18:00 – 21:00 | 星期日: 09:00 – 12:00, 13:00 – 17:00, 18:00 – 21:00",5,高雄市,三民區,醫院
健安動物醫院,802台灣高雄市苓雅區建國一路270號,07 723 8269,https://www.facebook.com/LeLiChongWu,4.7,135,"星期一: 10:00 – 12:00, 14:30 – 20:00 | 星期二: 10:00 – 12:00, 14:30 – 20:00 | 星期三: 10:00 – 12:00, 14:30 – 20:00 | 星期四: 10:00 – 12:00, 14:30 – 20:00 | 星期五: 10:00 – 12:00, 14:30 – 20:00 | 星期六: 10:00 – 12:00, 14:30 – 18:00 | 星期日: 休息",5,高雄市,三民區,醫院
喵樂TNR動物醫院(預約制，Line:@happymeowtnr),802台灣高雄市苓雅區建國一路72巷41號,07 722 1090,,5,13,"星期一: 09:00 – 12:00, 15:00 – 21:00 | 星期二: 09:00 – 12:00, 15:00 – 21:00 | 星期三: 休息 | 星期四: 09:00 – 12:00, 15:00 – 21:00 | 星期五: 09:00 – 12:00, 15:00 – 21:30 | 星期六: 休息 | 星期日: 休息",5,高雄市,三民區,醫院
喜來樂動物醫院,800台灣高雄市新興區民族二路67號,07 236 0012,https://www.facebook.com/profile.php?id=61564423527575,5,91,"星期一: 10:30 – 13:00, 15:00 – 18:00, 18:30 – 22:00 | 星期二: 10:30 – 13:00, 15:00 – 18:00, 18:30 – 22:00 | 星期三: 10:30 – 13:00, 15:00 – 18:00, 18:30 – 22:00 | 星期四: 休息 | 星期五: 10:30 – 13:00, 15:00 – 18:00, 18:30 – 22:00 | 星期六: 09:00 – 13:00, 14:30 – 17:30, 18:00 – 20:00 | 星期日: 09:00 – 13:00, 14:30 – 17:30, 18:00 – 20:00",5,高雄市,三民區,醫院
德克動物醫院,800台灣高雄市新興區復興一路107-6號,07 235 0520,https://www.facebook.com/dirkclinic/,4.7,78,"星期一: 10:00 – 12:00, 14:00 – 21:00 | 星期二: 10:00 – 12:00, 14:00 – 21:00 | 星期三: 10:00 – 12:00, 14:00 – 21:00 | 星期四: 10:00 – 12:00, 14:00 – 21:00 | 星期五: 10:00 – 12:00, 14:00 – 21:00 | 星期六: 10:00 – 12:00, 14:00 – 21:00 | 星期日: 休息",5,高雄市,三民區,醫院
育澤獸醫醫院,80741台灣高雄市三民區綏遠二街244巷26號,0921 267 226,,4.4,7,星期一: 08:00 – 17:00 | 星期二: 08:30 – 17:00 | 星期三: 08:30 – 17:00 | 星期四: 08:30 – 17:00 | 星期五: 08:00 – 17:00 | 星期六: 08:30 – 17:00 | 星期日: 08:00 – 17:00,4,高雄市,三民區,醫院
安華動物醫院,830台灣高雄市鳳山區青年路二段580號,07 767 0330,,4,86,,5,高雄市,三民區,醫院
杜莉德動物醫院,800台灣高雄市新興區和平一路295號,07 223 1295,https://reurl.cc/yyxz8E,4.9,101,,5,高雄市,三民區,醫院
維妮寵物美學沙龍,807台灣高雄市三民區大昌一路60巷14號,,,5,1,,5,高雄市,三民區,醫院
旺太郎寵物沙龍,802台灣高雄市苓雅區正義路237號,07 745 9453,http://wangtoropet-tw.weebly.com/,4.8,171,星期一: 09:30 – 19:00 | 星期二: 09:30 – 19:00 | 星期三: 09:30 – 19:00 | 星期四: 休息 | 星期五: 09:30 – 19:00 | 星期六: 09:30 – 19:00 | 星期日: 09:30 – 19:00,5,高雄市,三民區,醫院
上揚動物醫院,802台灣高雄市苓雅區林森二路7-2號,07 339 1010,,4.6,172,"星期一: 09:00 – 12:00, 15:00 – 18:00, 19:00 – 21:00 | 星期二: 09:00 – 12:00, 15:00 – 18:00, 19:00 – 21:00 | 星期三: 09:00 – 12:00, 15:00 – 18:00, 19:00 – 21:00 | 星期四: 09:00 – 12:00, 15:00 – 18:00, 19:00 – 21:00 | 星期五: 09:00 – 12:00, 15:00 – 18:00, 19:00 – 21:00 | 星期六: 09:00 – 12:00, 15:00 – 18:00, 19:00 – 21:00 | 星期日: 休息",5,高雄市,鹽埕區,醫院
史密斯寵物醫院,800台灣高雄市新興區民生一路199號,07 222 6565,https://www.facebook.com/profile.php?id=100064132297742,4.3,95,"星期一: 14:00 – 18:00, 19:00 – 22:00 | 星期二: 14:00 – 18:00, 19:00 – 22:00 | 星期三: 14:00 – 18:00, 19:00 – 22:00 | 星期四: 14:00 – 18:00, 19:00 – 22:00 | 星期五: 14:00 – 18:00, 19:00 – 22:00 | 星期六: 14:00 – 18:00, 19:00 – 22:00 | 星期日: 14:00 – 18:00, 19:00 – 22:00",5,高雄市,鹽埕區,醫院
登羣動物醫院,806台灣高雄市前鎮區瑞隆路228號,07 727 6739,,4.3,87,"星期一: 09:00 – 13:00, 15:00 – 21:00 | 星期二: 09:00 – 13:00, 15:00 – 21:00 | 星期三: 09:00 – 13:00, 15:00 – 21:00 | 星期四: 09:00 – 13:00, 15:00 – 21:00 | 星期五: 09:00 – 13:00, 15:00 – 21:00 | 星期六: 09:00 – 13:00, 15:00 – 21:00 | 星期日: 09:00 – 13:00, 15:00 – 18:00",5,高雄市,鹽埕區,醫院
朵恩動物醫院 Dawn Animal Hospital｜完全預約制｜腫瘤科｜心臟科｜內外科｜神經科,830台灣高雄市鳳山區和成路432號,07 791 1517,https://dawnvet.com/,4.8,67,"星期一: 09:30 – 11:30, 13:00 – 17:30 | 星期二: 09:30 – 11:30, 13:00 – 17:30, 19:00 – 20:00 | 星期三: 12:00 – 17:30, 19:00 – 20:00 | 星期四: 09:30 – 11:30, 13:00 – 17:30 | 星期五: 休息 | 星期六: 09:30 – 11:30, 13:00 – 17:30 | 星期日: 09:30 – 11:30, 13:00 – 17:30",5,高雄市,鹽埕區,醫院
鳳山博新動物醫院,830台灣高雄市鳳山區瑞順街147號,07 740 9909,,4.7,348,星期一: 10:00 – 20:00 | 星期二: 10:00 – 20:00 | 星期三: 10:00 – 20:00 | 星期四: 10:00 – 20:00 | 星期五: 10:00 – 20:00 | 星期六: 10:00 – 19:00 | 星期日: 休息,5,高雄市,鹽埕區,醫院
宏一動物醫院,"No. 443號, Dashun 2nd Rd, 三民區高雄市台灣 807",07 384 8563,,1,1,星期一: 09:00 – 21:00 | 星期二: 09:00 – 21:00 | 星期三: 09:00 – 21:00 | 星期四: 09:00 – 21:00 | 星期五: 09:00 – 21:00 | 星期六: 09:00 – 21:00 | 星期日: 休息,5,高雄市,鹽埕區,醫院
東海獸醫院,801台灣高雄市前金區成功一路367號,07 251 0993,,4.3,93,星期一: 17:00 – 19:00 | 星期二: 17:00 – 21:00 | 星期三: 17:00 – 19:00 | 星期四: 17:00 – 19:00 | 星期五: 17:00 – 19:00 | 星期六: 休息 | 星期日: 休息,4,高雄市,鹽埕區,醫院
星羽動物醫院-犬貓特寵鳥綜合醫院 鳥醫院 特寵醫院 鼠兔醫院 爬蟲醫院 高壓氧 GE麻醉工作站 氣體麻醉 X光DR顯影,832台灣高雄市林園區東林西路487號,07 641 3808,https://www.facebook.com/%E6%98%9F%E7%BE%BD%E5%8B%95%E7%89%A9%E9%86%AB%E9%99%A2-109550794140693/,4.7,459,"星期一: 10:00 – 14:00, 17:00 – 21:00 | 星期二: 10:00 – 14:00, 17:00 – 21:00 | 星期三: 休息 | 星期四: 10:00 – 14:00, 17:00 – 21:00 | 星期五: 10:00 – 14:00, 17:00 – 21:00 | 星期六: 10:00 – 14:00, 17:00 – 21:00 | 星期日: 10:00 – 13:00, 14:00 – 17:00",5,高雄市,鹽埕區,醫院
忠信動物醫院(寵物移民狗貓出國代辦，動物血液輸出國外實驗室代辦),802台灣高雄市苓雅區和平一路149-13號,07 722 5766,https://www.facebook.com/wg141319,4.4,76,星期一: 09:00 – 21:00 | 星期二: 09:00 – 21:00 | 星期三: 09:00 – 21:00 | 星期四: 09:00 – 21:00 | 星期五: 09:00 – 21:00 | 星期六: 09:00 – 17:00 | 星期日: 11:00 – 16:00,5,高雄市,鹽埕區,醫院
樂樂動物醫院,830台灣高雄市鳳山區過勇路198號,07 792 7771,https://www.facebook.com/%E6%A8%82%E6%A8%82%E5%8B%95%E7%89%A9%E9%86%AB%E9%99%A2-1389656311359194/,4.2,234,,5,高雄市,鹽埕區,醫院
毛毛動物醫院,815009台灣高雄市大社區三民路270號,07 353 5316,https://www.facebook.com/%E6%AF%9B%E6%AF%9B%E5%8B%95%E7%89%A9%E9%86%AB%E9%99%A2-100318621761511/,4.6,313,"星期一: 09:00 – 12:30, 14:00 – 18:00, 18:30 – 21:00 | 星期二: 09:00 – 12:30, 14:00 – 18:00, 18:30 – 21:00 | 星期三: 09:00 – 12:30, 14:00 – 18:00, 18:30 – 21:00 | 星期四: 09:00 – 12:30, 14:00 – 18:00, 18:30 – 21:00 | 星期五: 09:00 – 12:30, 14:00 – 18:00, 18:30 – 21:00 | 星期六: 09:00 – 12:30, 14:00 – 18:00, 18:30 – 21:00 | 星期日: 09:00 – 12:30, 14:00 – 18:00",5,高雄市,鹽埕區,醫院
回生動物醫院,800台灣高雄市新興區新田路39號,07 272 0688,https://www.facebook.com/pages/%E5%9B%9E%E7%94%9F%E5%8B%95%E7%89%A9%E9%86%AB%E9%99%A2/146829975384180,4,364,"星期一: 09:00 – 12:00, 14:00 – 21:30 | 星期二: 09:00 – 12:00, 14:00 – 21:30 | 星期三: 09:00 – 12:00, 14:00 – 21:30 | 星期四: 09:00 – 12:00, 14:00 – 21:30 | 星期五: 09:00 – 12:00, 14:00 – 21:30 | 星期六: 09:00 – 12:00, 14:00 – 21:30 | 星期日: 09:00 – 12:00, 14:00 – 17:30",5,高雄市,鹽埕區,醫院
名人動物醫院,812台灣高雄市小港區沿海一路202號,07 801 7602,,4.5,27,星期一: 09:00 – 19:40 | 星期二: 09:00 – 19:40 | 星期三: 09:00 – 21:00 | 星期四: 09:00 – 19:40 | 星期五: 09:00 – 21:00 | 星期六: 09:00 – 17:00 | 星期日: 休息,5,高雄市,鹽埕區,醫院
德洲動物醫院,80251台灣高雄市苓雅區金門街84號,07 223 1466,,4.7,80,"星期一: 09:30 – 11:30, 15:00 – 20:30 | 星期二: 09:30 – 11:30, 15:00 – 20:30 | 星期三: 09:30 – 11:30, 15:00 – 20:30 | 星期四: 09:30 – 11:30, 15:00 – 20:30 | 星期五: 09:00 – 11:30, 15:00 – 20:30 | 星期六: 09:30 – 11:30, 15:00 – 18:00 | 星期日: 休息",5,高雄市,鹽埕區,醫院
高雄樂活動物醫院,802台灣高雄市苓雅區福德三路157號,07 721 3377,https://www.facebook.com/profile.php?id=100063713873676&mibextid=ZbWKwL,4.3,151,"星期一: 09:30 – 11:30, 14:00 – 17:30, 18:00 – 20:30 | 星期二: 09:30 – 11:30, 14:00 – 17:30 | 星期三: 09:30 – 11:30, 14:00 – 17:30, 18:00 – 20:30 | 星期四: 09:30 – 11:30, 14:00 – 17:30, 18:00 – 20:30 | 星期五: 09:30 – 11:30, 14:00 – 17:30, 18:00 – 20:30 | 星期六: 09:30 – 11:30, 14:00 – 17:30 | 星期日: 休息",5,高雄市,鹽埕區,醫院
弘祥動物醫院,800台灣高雄市新興區復橫一路229號,07 215 1416,,4.4,17,"星期一: 09:00 – 12:00, 14:00 – 18:00, 19:00 – 21:00 | 星期二: 09:00 – 12:00, 14:00 – 18:00, 19:00 – 21:00 | 星期三: 09:00 – 12:00, 14:00 – 18:00, 19:00 – 21:00 | 星期四: 09:00 – 12:00, 14:00 – 18:00, 19:00 – 21:00 | 星期五: 09:00 – 12:00, 14:00 – 18:00, 19:00 – 21:00 | 星期六: 09:00 – 12:00, 14:00 – 18:00, 19:00 – 21:00 | 星期日: 休息",5,高雄市,前金區,醫院
一嘉動物醫院,802台灣高雄市苓雅區興中一路383號,07 331 8123,https://www.facebook.com/YiJiaAnimal/,4.4,132,"星期一: 09:00 – 12:00, 14:00 – 21:00 | 星期二: 09:00 – 12:00, 14:00 – 21:00 | 星期三: 09:00 – 12:00, 14:00 – 21:00 | 星期四: 09:00 – 12:00, 14:00 – 21:00 | 星期五: 09:00 – 12:00, 14:00 – 21:00 | 星期六: 09:00 – 12:00, 14:00 – 20:00 | 星期日: 休息",5,高雄市,前金區,醫院
高雄東林動物醫院-急診動物醫院 24H透析照護中心,806台灣高雄市前鎮區二聖二路64號,07 336 9696,https://www.facebook.com/donglin.ah/,5,1,"星期一: 09:00 – 14:00, 16:00 – 00:00 | 星期二: 09:00 – 14:00, 16:00 – 00:00 | 星期三: 09:00 – 14:00, 16:00 – 00:00 | 星期四: 09:00 – 14:00, 16:00 – 00:00 | 星期五: 09:00 – 14:00, 16:00 – 00:00 | 星期六: 09:00 – 14:00, 16:00 – 00:00 | 星期日: 09:00 – 14:00, 16:00 – 00:00",5,高雄市,前金區,醫院
小鳴動物醫院,806台灣高雄市前鎮區廣西路288號一樓,07 962 3055,https://www.tomeetyouah.com/,5,51,"星期一: 休息 | 星期二: 休息 | 星期三: 13:30 – 17:30, 18:00 – 20:00 | 星期四: 08:30 – 12:00, 13:30 – 17:30 | 星期五: 08:30 – 12:00, 13:30 – 17:30 | 星期六: 08:30 – 12:00, 13:30 – 17:30 | 星期日: 休息",5,高雄市,前金區,醫院
加州動物醫院(高雄),802台灣高雄市苓雅區光華一路134號,07 716 3027,,4.6,197,"星期一: 09:30 – 11:50, 15:00 – 16:50, 19:00 – 20:50 | 星期二: 09:30 – 11:50, 15:00 – 16:50, 19:00 – 20:50 | 星期三: 09:30 – 11:50, 15:00 – 16:50, 19:00 – 20:50 | 星期四: 休息 | 星期五: 09:30 – 11:50, 15:00 – 16:50, 19:00 – 20:50 | 星期六: 09:30 – 11:50, 15:00 – 16:50, 19:00 – 20:50 | 星期日: 09:30 – 11:50, 19:00 – 21:00",5,高雄市,前金區,醫院
康禾動物醫院,"號 No. 313, No. 313復興三路前鎮區高雄市台灣 806",07 334 8808,,4.2,51,"星期一: 09:00 – 12:00, 14:00 – 21:00 | 星期二: 09:00 – 12:00, 14:00 – 21:00 | 星期三: 09:00 – 12:00, 14:00 – 21:00 | 星期四: 09:00 – 12:00, 14:00 – 21:00 | 星期五: 09:00 – 12:00, 14:00 – 21:00 | 星期六: 09:00 – 12:00, 14:00 – 21:00 | 星期日: 休息",5,高雄市,前金區,醫院
強森動物醫院,806台灣高雄市前鎮區鄭和南路412號,07 536 5679,http://www.facebook.com/josonah,4.6,93,星期一: 09:00 – 20:30 | 星期二: 09:00 – 20:30 | 星期三: 09:00 – 20:30 | 星期四: 09:00 – 20:30 | 星期五: 09:00 – 20:30 | 星期六: 09:00 – 18:00 | 星期日: 休息,5,高雄市,前金區,醫院
復興動物醫院,802台灣高雄市苓雅區復興二路148號,07 338 4507,https://www.facebook.com/pages/%E5%BE%A9%E8%88%88%E5%8B%95%E7%89%A9%E9%86%AB%E9%99%A2/169813369787013,4.5,49,星期一: 09:00 – 21:30 | 星期二: 09:00 – 21:30 | 星期三: 09:00 – 21:30 | 星期四: 09:00 – 21:30 | 星期五: 09:00 – 21:30 | 星期六: 09:00 – 21:30 | 星期日: 休息,5,高雄市,前金區,醫院
三多花花動物醫院,806台灣高雄市前鎮區三多二路477號,,,5,3,,5,高雄市,前金區,醫院
方濟動物醫院,802台灣高雄市苓雅區復興二路No. 13-3號,07 334 0721,,4.9,65,"星期一: 15:00 – 18:00, 19:00 – 21:00 | 星期二: 15:00 – 18:00, 19:00 – 21:00 | 星期三: 休息 | 星期四: 15:00 – 18:00, 19:00 – 21:00 | 星期五: 15:00 – 18:00, 19:00 – 21:00 | 星期六: 休息 | 星期日: 休息",5,高雄市,前金區,醫院
三和台大動物醫院,80253台灣高雄市苓雅區光華一路23號,07 338 3828,https://www.facebook.com/%E4%B8%89%E5%92%8C%E5%8B%95%E7%89%A9%E9%86%AB%E9%99%A2-207517025936323/,4.6,55,"星期一: 09:30 – 12:00, 15:00 – 18:00, 19:00 – 21:00 | 星期二: 09:30 – 12:00, 15:00 – 18:00, 19:00 – 21:00 | 星期三: 09:30 – 12:00, 15:00 – 18:00, 19:00 – 21:00 | 星期四: 09:30 – 12:00, 15:00 – 18:00, 19:00 – 21:00 | 星期五: 09:30 – 12:00, 15:00 – 18:00, 19:00 – 21:00 | 星期六: 09:30 – 12:00, 15:00 – 18:00, 19:00 – 21:00 | 星期日: 休息",5,高雄市,前金區,醫院
萬祥犬醫院,800台灣高雄市新興區民生一路196號,07 227 4387,,4.4,21,"星期一: 09:00 – 12:00, 14:00 – 18:30, 19:30 – 21:30 | 星期二: 09:00 – 12:00, 14:00 – 18:30, 19:30 – 21:30 | 星期三: 09:00 – 12:00, 14:00 – 18:30, 19:30 – 21:30 | 星期四: 09:00 – 12:00, 14:00 – 18:30, 19:30 – 21:30 | 星期五: 09:00 – 12:00, 14:00 – 18:30, 19:30 – 21:30 | 星期六: 09:00 – 12:00, 14:00 – 18:30, 19:30 – 21:30 | 星期日: 休息",4,高雄市,前金區,醫院
長門動物醫院,802台灣高雄市苓雅區福德二路73號,07 722 2447,https://www.facebook.com/%E9%95%B7%E9%96%80%E5%8B%95%E7%89%A9%E9%86%AB%E9%99%A2-101678375907119,4.9,23,"星期一: 09:30 – 12:30, 15:00 – 18:00 | 星期二: 09:30 – 12:30, 15:00 – 18:00 | 星期三: 09:30 – 12:30, 15:00 – 18:00 | 星期四: 09:30 – 12:30, 15:00 – 18:00 | 星期五: 09:30 – 12:30, 15:00 – 18:00 | 星期六: 09:30 – 12:30, 15:00 – 18:00 | 星期日: 休息",5,高雄市,前金區,醫院
三多花花動物醫院X伊荳寵物美容,806台灣高雄市前鎮區三多二路477號,07 535 2998,https://www.facebook.com/%E4%BC%8A%E8%8D%B3%E5%AF%B5%E7%89%A9-317997534909103/,4.3,37,星期一: 休息 | 星期二: 10:00 – 18:00 | 星期三: 10:00 – 18:00 | 星期四: 10:00 – 18:00 | 星期五: 10:00 – 18:00 | 星期六: 10:00 – 18:00 | 星期日: 10:00 – 18:00,5,高雄市,前金區,醫院
希望動物醫院,830台灣高雄市鳳山區凱旋路100號,07 753 7300,https://zh-tw.facebook.com/HopeVMHospital/,3.9,93,"星期一: 09:00 – 12:00, 14:00 – 21:00 | 星期二: 09:00 – 12:00, 14:00 – 21:00 | 星期三: 09:00 – 12:00, 14:00 – 21:00 | 星期四: 09:00 – 12:00, 14:00 – 21:00 | 星期五: 09:00 – 12:00, 14:00 – 21:00 | 星期六: 09:00 – 12:00, 14:00 – 21:00 | 星期日: 休息",5,高雄市,前金區,醫院
興昌動物醫院,802台灣高雄市苓雅區四維二路46-1號,07 711 7113,https://www.facebook.com/singchang7117113.com.tw/,4.8,70,"星期一: 09:00 – 12:00, 14:00 – 20:00 | 星期二: 09:00 – 12:00, 14:00 – 20:00 | 星期三: 09:00 – 12:00, 14:00 – 20:00 | 星期四: 09:00 – 12:00, 14:00 – 20:00 | 星期五: 09:00 – 12:00, 14:00 – 20:00 | 星期六: 09:00 – 12:00, 14:00 – 20:00 | 星期日: 休息",5,高雄市,新興區,醫院
和平動物醫院,802台灣高雄市苓雅區和平一路60號,07 725 3347,https://www.facebook.com/KaohsiungPeaceAnimalHospital/,3.7,264,星期一: 08:30 – 20:00 | 星期二: 08:30 – 20:00 | 星期三: 08:30 – 20:00 | 星期四: 08:30 – 20:00 | 星期五: 08:30 – 20:00 | 星期六: 08:30 – 20:00 | 星期日: 休息,5,高雄市,新興區,醫院
高生動物醫院,802台灣高雄市苓雅區三多一路287號,07 711 6899,https://www.facebook.com/%E9%AB%98%E7%94%9F%E5%8B%95%E7%89%A9%E9%86%AB%E9%99%A2-1797168463928436/,4.7,165,"星期一: 09:30 – 12:00, 15:00 – 18:00, 18:30 – 20:30 | 星期二: 09:30 – 12:00, 15:00 – 18:00, 18:30 – 20:30 | 星期三: 09:30 – 12:00, 15:00 – 18:00, 18:30 – 20:30 | 星期四: 09:30 – 12:00, 15:00 – 18:00, 18:30 – 20:30 | 星期五: 09:30 – 12:00, 15:00 – 18:00, 18:30 – 20:30 | 星期六: 09:30 – 12:00, 15:00 – 18:00 | 星期日: 休息",5,高雄市,新興區,醫院
仁仁動物醫院,802台灣高雄市苓雅區和平二路367號,07 721 5778,https://www.facebook.com/ZengZengYu/,4,81,"星期一: 09:00 – 12:00, 14:00 – 18:00, 19:00 – 21:00 | 星期二: 09:00 – 12:00, 14:00 – 18:00, 19:00 – 21:00 | 星期三: 09:00 – 12:00, 14:00 – 18:00, 19:00 – 21:00 | 星期四: 09:00 – 12:00, 14:00 – 18:00, 19:00 – 21:00 | 星期五: 09:00 – 12:00, 14:00 – 18:00, 19:00 – 21:00 | 星期六: 09:00 – 12:00, 14:00 – 18:00, 19:00 – 21:00 | 星期日: 休息",5,高雄市,新興區,醫院
吉安動物醫院,830台灣高雄市鳳山區經武路346號,07 742 4809,https://zh-tw.facebook.com/geans346,4.3,230,"星期一: 09:00 – 12:00, 13:00 – 21:00 | 星期二: 09:00 – 12:00, 13:00 – 21:00 | 星期三: 09:00 – 12:00, 13:00 – 21:00 | 星期四: 09:00 – 12:00, 13:00 – 21:00 | 星期五: 09:00 – 12:00, 13:00 – 21:00 | 星期六: 09:00 – 12:00, 13:00 – 21:00 | 星期日: 休息",5,高雄市,新興區,醫院
天仁動物醫院,806台灣高雄市前鎮區草衙一路17號,07 841 0318,,4.7,205,"星期一: 09:00 – 12:00, 14:30 – 18:00, 18:30 – 21:00 | 星期二: 09:00 – 12:00, 14:30 – 18:00, 18:30 – 21:00 | 星期三: 09:00 – 12:00, 14:30 – 18:00, 18:30 – 21:00 | 星期四: 09:00 – 12:00, 14:30 – 18:00, 18:30 – 21:00 | 星期五: 09:00 – 12:00, 14:30 – 18:00, 18:30 – 21:00 | 星期六: 09:00 – 12:00, 14:30 – 18:00 | 星期日: 休息",5,高雄市,新興區,醫院
惠光動物醫院,802台灣高雄市苓雅區建國一路15-7號,07 749 2401,https://www.facebook.com/people/%E6%83%A0%E5%85%89%E5%8B%95%E7%89%A9%E9%86%AB%E9%99%A2/61553323083447/,4.1,14,星期一: 11:00 – 20:00 | 星期二: 11:00 – 20:00 | 星期三: 11:00 – 20:00 | 星期四: 11:00 – 20:00 | 星期五: 11:00 – 20:00 | 星期六: 11:00 – 20:00 | 星期日: 休息,5,高雄市,苓雅區,醫院
莫莉動物醫院(犬貓微創刀法絕育手術、超音波無痛洗牙、公貓導尿手術、體表腫瘤切除、誤食解毒催吐、犬貓健康檢查、犬貓出口抽血文件辦理),806台灣高雄市前鎮區瑞興街80號,07 716 1065,https://www.facebook.com/Vetcare.Molly/,4.7,260,"星期一: 09:00 – 13:00, 15:00 – 20:30 | 星期二: 09:00 – 13:00, 15:00 – 20:30 | 星期三: 09:00 – 13:00, 15:00 – 20:30 | 星期四: 休息 | 星期五: 09:00 – 13:00, 15:00 – 20:30 | 星期六: 09:00 – 13:00, 15:00 – 20:30 | 星期日: 09:00 – 13:00, 15:00 – 18:00",5,高雄市,苓雅區,醫院
國華愛犬動物醫院,806台灣高雄市前鎮區和平二路32號,07 722 5799,,4.5,27,"星期一: 09:00 – 12:00, 14:00 – 21:00 | 星期二: 09:00 – 12:00, 14:00 – 21:00 | 星期三: 09:00 – 12:00, 14:00 – 21:00 | 星期四: 09:00 – 12:00, 14:00 – 21:00 | 星期五: 09:00 – 12:00, 14:00 – 21:00 | 星期六: 09:00 – 12:00, 14:00 – 21:00 | 星期日: 休息",5,高雄市,苓雅區,醫院
耀宏家畜醫院,802台灣高雄市苓雅區建國一路139號,07 727 7999,,4.6,22,"星期一: 10:00 – 12:00, 14:30 – 18:30, 19:30 – 21:00 | 星期二: 10:00 – 12:00, 14:30 – 18:30, 19:30 – 21:00 | 星期三: 10:00 – 12:00, 14:30 – 18:30, 19:30 – 21:00 | 星期四: 10:00 – 12:00, 14:30 – 18:30, 19:30 – 21:00 | 星期五: 10:00 – 12:00, 14:30 – 18:30, 19:30 – 21:00 | 星期六: 10:00 – 12:00, 14:30 – 18:30, 19:30 – 21:00 | 星期日: 休息",4,高雄市,苓雅區,醫院
啟生犬病醫院,802台灣高雄市苓雅區光華一路119號,07 334 3668,,4,4,,4,高雄市,苓雅區,醫院
華興動物醫院,830台灣高雄市鳳山區五甲二路606號,07 831 6400,,4.7,118,"星期一: 10:00 – 12:00, 15:00 – 21:00 | 星期二: 10:00 – 12:00, 15:00 – 21:00 | 星期三: 15:00 – 21:00 | 星期四: 10:00 – 12:00, 15:00 – 21:00 | 星期五: 10:00 – 12:00, 15:00 – 21:00 | 星期六: 10:00 – 12:00, 15:00 – 21:00 | 星期日: 休息",5,高雄市,苓雅區,醫院
草衙動物醫院,806台灣高雄市前鎮區草衙二路497號,07 815 2753,,3.6,122,"星期一: 09:00 – 12:00, 13:00 – 20:00 | 星期二: 09:00 – 12:00, 13:00 – 20:00 | 星期三: 09:00 – 12:00, 13:00 – 20:00 | 星期四: 09:00 – 12:00, 13:00 – 20:00 | 星期五: 09:00 – 12:00, 13:00 – 20:00 | 星期六: 09:00 – 12:00, 13:00 – 20:00 | 星期日: 休息",5,高雄市,前鎮區,醫院
吉生動物醫院,806台灣高雄市前鎮區永豐路92號,07 725 3546,,4.2,38,"星期一: 09:00 – 12:00, 14:00 – 18:00, 19:00 – 21:00 | 星期二: 09:00 – 12:00, 14:00 – 18:00, 19:00 – 21:00 | 星期三: 09:00 – 12:00, 14:00 – 18:00, 19:00 – 21:00 | 星期四: 09:00 – 12:00, 14:00 – 18:00, 19:00 – 21:00 | 星期五: 09:00 – 12:00, 14:00 – 18:00, 19:00 – 21:00 | 星期六: 09:00 – 12:00, 14:00 – 18:00, 19:00 – 21:00 | 星期日: 休息",5,高雄市,前鎮區,醫院
瑞祥動物醫院,"No. 53, Fuxiang St., 前鎮區高雄市台灣 806",07 751 3699,,5,2,,5,高雄市,前鎮區,醫院
培昱動物醫院-中獸醫-針灸推拿 再生醫學,830台灣高雄市鳳山區保泰路6號,07 841 8289,https://www.facebook.com/%E5%9F%B9%E6%98%B1%E5%8B%95%E7%89%A9%E9%86%AB%E9%99%A2-%E5%A4%A7%E9%AB%98%E9%9B%84%E4%B8%AD%E7%8D%B8%E9%86%AB%E5%B0%8F%E9%86%AB%E5%B8%AB-%E9%87%9D%E7%81%B8%E6%8E%A8%E6%8B%BF%E8%B2%93%E8%85%8E%E8%A1%B0%E5%8F%8A%E5%BF%83%E8%87%9F%E7%97%85%E8%80%81%E5%B9%B4%E6%85%A2%E6%80%A7%E7%97%85-656678154477956,4.5,163,"星期一: 09:00 – 12:00, 14:00 – 17:00, 18:00 – 20:00 | 星期二: 09:00 – 12:00, 14:00 – 17:00, 18:00 – 20:00 | 星期三: 09:00 – 12:00, 14:00 – 17:00, 18:00 – 20:00 | 星期四: 09:00 – 12:00, 14:00 – 17:00, 18:00 – 20:00 | 星期五: 09:00 – 12:00, 14:00 – 17:00, 18:00 – 20:00 | 星期六: 09:00 – 12:00, 14:00 – 17:00, 18:00 – 20:00 | 星期日: 休息",5,高雄市,前鎮區,醫院
凡賽爾動物醫院,830台灣高雄市鳳山區五甲二路399號,07 761 3995,https://zh-tw.facebook.com/pages/%E5%87%A1%E8%B3%BD%E7%88%BE%E6%84%9B%E7%8A%AC%E8%B3%BD%E9%B4%BF%E9%86%AB%E9%99%A2/216839465003841,4.3,188,"星期一: 09:30 – 12:00, 14:00 – 20:00 | 星期二: 09:30 – 12:00, 14:00 – 20:00 | 星期三: 09:30 – 12:00, 14:00 – 20:00 | 星期四: 09:30 – 12:00, 14:00 – 20:00 | 星期五: 09:30 – 12:00, 14:00 – 20:00 | 星期六: 09:30 – 12:00 | 星期日: 休息",5,高雄市,前鎮區,醫院
高雄崇仁動物醫院,812台灣高雄市小港區平和路43號,07 822 5655,,4.5,67,"星期一: 09:00 – 12:00, 15:00 – 20:30 | 星期二: 09:00 – 12:00, 15:00 – 20:30 | 星期三: 09:00 – 12:00, 15:00 – 20:30 | 星期四: 09:00 – 12:00, 15:00 – 20:30 | 星期五: 09:00 – 12:00, 15:00 – 20:30 | 星期六: 09:00 – 12:00, 15:00 – 18:00 | 星期日: 休息",5,高雄市,前鎮區,醫院
青谷動物醫院 - 24小時急診暨住院照護,320台灣桃園市中壢區洽溪路179號1樓,03 287 7119,https://www.facebook.com/profile.php?id=100090944412623,4.1,171,星期一: 24 小時營業 | 星期二: 24 小時營業 | 星期三: 24 小時營業 | 星期四: 24 小時營業 | 星期五: 24 小時營業 | 星期六: 24 小時營業 | 星期日: 24 小時營業,5,高雄市,前鎮區,醫院+24h急診
吉貝爾動物醫院,830台灣高雄市鳳山區五常街44號,07 768 8839,,3.9,19,星期一: 09:00 – 21:00 | 星期二: 09:00 – 21:00 | 星期三: 09:00 – 21:00 | 星期四: 09:00 – 21:00 | 星期五: 09:00 – 21:00 | 星期六: 09:00 – 21:00 | 星期日: 09:00 – 19:00,5,高雄市,前鎮區,醫院
安安動物醫院,842台灣高雄市旗山區延平一路268號,07 662 3175,,4.4,238,"星期一: 08:30 – 12:00, 13:30 – 21:00 | 星期二: 08:30 – 12:00, 13:30 – 21:00 | 星期三: 08:30 – 12:00, 13:30 – 21:00 | 星期四: 08:30 – 12:00, 13:30 – 21:00 | 星期五: 08:30 – 12:00, 13:30 – 21:00 | 星期六: 08:30 – 12:00, 13:30 – 16:00 | 星期日: 休息",5,高雄市,旗津區,醫院
旺旺動物醫院,842台灣高雄市旗山區延平一路351號,07 661 1100,https://zh-tw.facebook.com/wangwanganimalhospital/,3.9,217,"星期一: 09:30 – 11:30, 13:00 – 21:00 | 星期二: 09:30 – 11:30, 13:00 – 21:00 | 星期三: 09:30 – 11:30, 13:00 – 21:00 | 星期四: 09:30 – 11:30, 13:00 – 21:00 | 星期五: 09:30 – 11:30, 13:00 – 21:00 | 星期六: 09:30 – 11:30, 13:00 – 21:00 | 星期日: 09:30 – 11:30, 13:00 – 21:00",5,高雄市,旗津區,醫院
宏仁犬醫院,830台灣鳳山區五甲一路220號,07 746 4215,https://www.facebook.com/%E5%AE%8F%E4%BB%81%E5%AE%B6%E7%95%9C%E9%86%AB%E9%99%A2-213084899300060/,4.7,250,"星期一: 08:30 – 12:00, 14:00 – 20:00 | 星期二: 08:30 – 12:00, 14:00 – 20:00 | 星期三: 08:30 – 12:00, 14:00 – 20:00 | 星期四: 08:30 – 12:00 | 星期五: 08:30 – 12:00, 14:00 – 20:00 | 星期六: 08:30 – 12:00, 14:00 – 20:00 | 星期日: 休息",4,高雄市,旗津區,醫院
康莊動物醫院,812台灣高雄市小港區康莊路15號,07 806 9166,https://www.facebook.com/cometronah,4.3,230,"星期一: 09:30 – 13:00, 14:00 – 21:00 | 星期二: 休息 | 星期三: 09:30 – 13:00, 15:00 – 21:00 | 星期四: 09:30 – 13:00, 15:00 – 21:00 | 星期五: 09:30 – 13:00, 15:00 – 21:00 | 星期六: 09:30 – 13:00, 15:00 – 21:00 | 星期日: 09:30 – 13:00, 15:00 – 21:00",5,高雄市,小港區,醫院
小港東林動物醫院,81257台灣高雄市小港區沿海一路299號,07 801 0270,https://www.ezpretty.com.tw/ezpretty/gate#/storeInfo/c2ede1f30304b6dc0ec3a4d78abe675b,4.6,65,"星期一: 09:00 – 14:00, 16:00 – 21:00 | 星期二: 09:00 – 14:00, 16:00 – 21:00 | 星期三: 09:00 – 14:00, 16:00 – 21:00 | 星期四: 09:00 – 14:00, 16:00 – 21:00 | 星期五: 09:00 – 14:00, 16:00 – 21:00 | 星期六: 09:00 – 14:00, 16:00 – 21:00 | 星期日: 09:00 – 14:00, 16:00 – 21:00",5,高雄市,小港區,醫院
尚大動物醫院,812台灣高雄市小港區康莊路142號,07 801 9595,,4.4,206,"星期一: 09:30 – 12:30, 14:00 – 20:30 | 星期二: 09:30 – 12:30, 14:00 – 21:00 | 星期三: 09:30 – 12:30, 14:00 – 20:30 | 星期四: 09:30 – 12:30, 14:00 – 20:30 | 星期五: 09:30 – 12:30, 14:00 – 20:30 | 星期六: 09:30 – 12:30, 14:00 – 20:30 | 星期日: 休息",5,高雄市,小港區,醫院
平治動物醫院,812台灣高雄市小港區宏平路534號,07 806 1305,,3.9,53,"星期一: 09:30 – 12:00, 13:00 – 21:00 | 星期二: 09:30 – 12:00, 13:00 – 21:00 | 星期三: 09:30 – 12:00, 13:00 – 21:00 | 星期四: 09:30 – 21:30 | 星期五: 09:30 – 12:00, 13:00 – 21:00 | 星期六: 09:30 – 12:00, 13:00 – 21:00 | 星期日: 休息",5,高雄市,小港區,醫院
桂林動物醫院,812台灣高雄市小港區中安路598號,07 791 0592,,4,52,星期一: 09:00 – 21:00 | 星期二: 09:00 – 21:00 | 星期三: 09:00 – 21:00 | 星期四: 09:00 – 21:00 | 星期五: 09:00 – 21:00 | 星期六: 09:00 – 21:00 | 星期日: 休息,5,高雄市,小港區,醫院
惠康動物醫院,830台灣高雄市鳳山區光遠路28號,07 719 0092,,4.3,121,"星期一: 09:30 – 13:00, 14:00 – 21:00 | 星期二: 09:30 – 13:00, 14:00 – 21:00 | 星期三: 09:30 – 13:00, 14:00 – 21:00 | 星期四: 09:30 – 13:00, 14:00 – 21:00 | 星期五: 09:30 – 13:00, 14:00 – 21:00 | 星期六: 09:30 – 19:00 | 星期日: 休息",5,高雄市,鳳山區,醫院
立和動物醫院,830台灣高雄市鳳山區維新路153號,07 742 3811,,4.4,133,星期一: 09:00 – 20:50 | 星期二: 09:00 – 20:50 | 星期三: 09:00 – 20:50 | 星期四: 09:00 – 20:50 | 星期五: 09:00 – 20:50 | 星期六: 09:00 – 20:30 | 星期日: 休息,5,高雄市,鳳山區,醫院
全宏動物醫院,830台灣高雄市鳳山區南華一路85號,07 792 8275,http://chuanhungvet.blogspot.com/,4.7,101,"星期一: 09:30 – 13:00, 15:00 – 18:00, 19:00 – 21:00 | 星期二: 09:30 – 13:00, 15:00 – 18:00, 19:00 – 21:00 | 星期三: 09:30 – 13:00, 15:00 – 18:00, 19:00 – 21:00 | 星期四: 09:30 – 13:00, 15:00 – 18:00, 19:00 – 21:00 | 星期五: 09:30 – 13:00, 15:00 – 18:00, 19:00 – 21:00 | 星期六: 09:30 – 13:00, 15:00 – 18:00, 19:00 – 21:00 | 星期日: 休息",5,高雄市,鳳山區,醫院
崴恩貓專科醫院,830台灣高雄市鳳山區埤北路205號,07 703 6520,,4.6,100,"星期一: 09:00 – 12:00, 13:00 – 19:00 | 星期二: 09:00 – 12:00, 13:00 – 19:00 | 星期三: 休息 | 星期四: 09:00 – 12:00, 13:00 – 19:00 | 星期五: 09:00 – 12:00, 13:00 – 19:00 | 星期六: 09:00 – 12:00, 13:00 – 19:00 | 星期日: 09:00 – 12:00, 13:00 – 17:00",5,高雄市,鳳山區,醫院
馬達加斯加動物醫院,83015台灣高雄市鳳山區中山東路105號,07 719 1230,,4.5,57,"星期一: 09:00 – 12:00, 15:00 – 18:00, 18:30 – 21:00 | 星期二: 09:00 – 12:00, 15:00 – 18:00, 18:30 – 20:30 | 星期三: 09:00 – 12:00, 15:00 – 18:00, 18:30 – 21:00 | 星期四: 09:00 – 12:00, 15:00 – 18:00, 18:30 – 21:00 | 星期五: 09:00 – 12:00, 15:00 – 18:00, 18:30 – 20:30 | 星期六: 10:00 – 17:30 | 星期日: 休息",5,高雄市,鳳山區,醫院
昱康動物醫院,830台灣高雄市鳳山區博愛路107號,07 710 7977,https://zh-tw.facebook.com/YuKang7107977/,4.5,112,"星期一: 09:00 – 12:00, 15:00 – 21:00 | 星期二: 休息 | 星期三: 09:00 – 12:00, 15:00 – 21:00 | 星期四: 09:00 – 12:00, 15:00 – 21:00 | 星期五: 09:00 – 12:00, 15:00 – 21:00 | 星期六: 09:00 – 12:00, 15:00 – 21:00 | 星期日: 09:00 – 15:00",5,高雄市,鳳山區,醫院
高民動物醫院,830台灣高雄市鳳山區中山西路217之1號,07 799 1388,https://zh-tw.facebook.com/gaomin.ah/,4.2,64,星期一: 09:00 – 21:00 | 星期二: 09:00 – 21:00 | 星期三: 09:00 – 21:00 | 星期四: 09:00 – 21:00 | 星期五: 09:00 – 21:00 | 星期六: 09:00 – 21:00 | 星期日: 休息,5,高雄市,鳳山區,醫院
青林動物醫院-高雄鳳山寵物外科|犬貓牙科|動物內科|寵物健康管理|寵物針灸復健 ｜官方Line: @149mazqc,830台灣高雄市鳳山區新富路486號,07 763 3033,,5,61,"星期一: 09:30 – 13:00, 15:00 – 21:00 | 星期二: 09:30 – 13:00, 15:00 – 21:00 | 星期三: 09:30 – 13:00, 15:00 – 21:00 | 星期四: 09:30 – 13:00, 15:00 – 21:00 | 星期五: 09:30 – 13:00, 15:00 – 21:00 | 星期六: 休息 | 星期日: 09:30 – 13:00, 15:00 – 17:00",5,高雄市,鳳山區,醫院
聯盟動物醫院(保華分院)鳳山五甲指定動物醫院 預防針 一般犬貓內外科 家醫科,830台灣高雄市鳳山區保華一路252號,07 796 5825#0920,https://www.pet100pa.com/vet,4.9,164,"星期一: 10:00 – 12:30, 14:30 – 17:00, 17:30 – 21:00 | 星期二: 10:00 – 12:30, 14:30 – 17:00, 17:30 – 21:00 | 星期三: 10:00 – 12:30, 14:30 – 17:00, 17:30 – 21:00 | 星期四: 10:00 – 12:30, 14:30 – 17:00, 17:30 – 21:00 | 星期五: 10:00 – 12:30, 14:30 – 17:00, 17:30 – 21:00 | 星期六: 10:00 – 12:30, 14:30 – 17:00, 17:30 – 21:00 | 星期日: 10:00 – 12:30, 14:30 – 17:00, 17:30 – 21:00",5,高雄市,鳳山區,醫院
中山動物醫院,830台灣高雄市鳳山區中山路41號,07 719 2161,,4.3,83,"星期一: 09:00 – 12:00, 14:00 – 18:00, 19:00 – 21:00 | 星期二: 09:00 – 12:00, 14:00 – 18:00, 19:00 – 21:00 | 星期三: 09:00 – 12:00, 14:00 – 18:00, 19:00 – 21:00 | 星期四: 09:00 – 12:00, 14:00 – 18:00, 19:00 – 21:00 | 星期五: 09:00 – 12:00, 14:00 – 18:00, 19:00 – 21:00 | 星期六: 09:00 – 12:00, 14:00 – 18:00, 19:00 – 21:00 | 星期日: 休息",5,高雄市,鳳山區,醫院
米可伴侶動物醫院,830台灣高雄市鳳山區建國路三段57號,07 780 1738,https://www.facebook.com/share/1674i9sBfd/,5,1,,5,高雄市,鳳山區,醫院
欣民動物醫院,830台灣高雄市鳳山區瑞隆東路25號,07 765 9787,,4.2,126,星期一: 10:00 – 21:00 | 星期二: 10:00 – 21:00 | 星期三: 10:00 – 21:00 | 星期四: 10:00 – 21:00 | 星期五: 10:00 – 21:00 | 星期六: 10:00 – 21:00 | 星期日: 休息,5,高雄市,鳳山區,醫院
宏力動物醫院光復院,830台灣高雄市鳳山區光復路一段26號,07 710 5150,https://www.hunglivet.com/,4.6,68,星期一: 09:00 – 21:00 | 星期二: 09:00 – 21:00 | 星期三: 09:00 – 21:00 | 星期四: 休息 | 星期五: 09:00 – 21:00 | 星期六: 09:00 – 21:00 | 星期日: 休息,5,高雄市,鳳山區,醫院
五甲動物醫院,830台灣高雄市鳳山區鳳南路197號,07 771 4094,,5,3,,5,高雄市,鳳山區,醫院
世康動物醫院,830台灣高雄市鳳山區八德路129號,07 776 7606,,4.1,11,星期一: 18:00 – 21:00 | 星期二: 18:00 – 21:00 | 星期三: 18:00 – 21:00 | 星期四: 18:00 – 21:00 | 星期五: 09:00 – 21:00 | 星期六: 18:00 – 21:00 | 星期日: 09:00 – 12:00,5,高雄市,鳳山區,醫院
鳳屏動物醫院,831台灣高雄市大寮區鳳屏一路658號,07 701 8987,https://www.facebook.com/FengPingAnimalHospital/,4.3,60,"星期一: 09:00 – 12:00, 14:00 – 21:00 | 星期二: 09:00 – 12:00, 14:00 – 21:00 | 星期三: 09:00 – 12:00, 14:00 – 21:00 | 星期四: 09:00 – 12:00, 14:00 – 21:00 | 星期五: 09:00 – 12:00, 14:00 – 21:00 | 星期六: 09:00 – 12:00 | 星期日: 休息",5,高雄市,鳳山區,醫院
人人動物醫院,83154台灣高雄市大寮區鳳林三路827號,07 783 0515,https://zh-tw.facebook.com/RenRenDonghamcat49/,4.1,103,"星期一: 09:00 – 12:00, 14:00 – 21:00 | 星期二: 09:00 – 12:00, 14:00 – 20:30 | 星期三: 09:00 – 12:00, 14:00 – 21:00 | 星期四: 09:00 – 12:00, 14:00 – 20:30 | 星期五: 09:00 – 12:00, 14:00 – 21:00 | 星期六: 09:00 – 12:00, 14:00 – 21:00 | 星期日: 休息",5,高雄市,鳳山區,醫院
林園動物醫院,83252台灣高雄市林園區林園北路434號,07 642 2679,,3.1,30,"星期一: 09:30 – 12:00, 15:00 – 18:00, 19:00 – 21:30 | 星期二: 09:30 – 12:00, 15:00 – 18:00, 19:00 – 21:30 | 星期三: 09:30 – 12:00, 15:00 – 18:00, 19:00 – 21:30 | 星期四: 09:30 – 12:00, 15:00 – 18:00, 19:00 – 21:30 | 星期五: 09:30 – 12:00, 15:00 – 18:00, 19:00 – 21:30 | 星期六: 09:30 – 12:00, 15:00 – 18:00, 19:00 – 21:30 | 星期日: 休息",5,高雄市,林園區,醫院
東林動物醫院,832台灣高雄市林園區鳳林路一段200號,07 641 3223,,4.8,91,"星期一: 09:00 – 12:00, 14:00 – 18:00, 19:00 – 21:00 | 星期二: 休息 | 星期三: 09:00 – 12:00, 14:00 – 18:00, 19:00 – 21:00 | 星期四: 09:00 – 12:00, 14:00 – 18:00, 19:00 – 21:00 | 星期五: 09:00 – 12:00, 14:00 – 18:00, 19:00 – 21:00 | 星期六: 09:00 – 12:00, 14:00 – 18:00, 19:00 – 21:00 | 星期日: 09:00 – 12:00, 14:00 – 18:00, 19:00 – 21:00",5,高雄市,林園區,醫院
佰成動物醫院,831台灣高雄市大寮區鳳林三路674號,07 786 7568,,4.5,91,"星期一: 09:00 – 12:30, 15:00 – 18:00, 18:30 – 21:00 | 星期二: 09:00 – 12:30, 15:00 – 18:00, 18:30 – 21:00 | 星期三: 09:00 – 12:30, 15:00 – 18:00, 18:30 – 21:00 | 星期四: 09:00 – 12:30, 15:00 – 18:00, 18:30 – 21:00 | 星期五: 09:00 – 12:30, 15:00 – 18:00, 18:30 – 21:00 | 星期六: 09:00 – 12:30, 15:00 – 18:00 | 星期日: 休息",5,高雄市,大寮區,醫院
富貴動物醫院,840台灣高雄市大樹區中興南路119號,07 651 9019,http://www.petline.com.tw/petline/cgi/index_factory.cgi?t=petfactory_view&ID=17505&R23=1000&PAGEMENU=1,4.6,19,星期一: 10:00 – 18:30 | 星期二: 10:00 – 18:30 | 星期三: 10:00 – 18:30 | 星期四: 10:00 – 18:30 | 星期五: 10:00 – 18:30 | 星期六: 10:00 – 12:00 | 星期日: 休息,5,高雄市,大樹區,醫院
忠平動物醫院(原忠興),815台灣高雄市大社區中山路98號,07 351 0588,https://www.facebook.com/petsareyourfamily,3.5,20,"星期一: 09:00 – 12:30, 14:00 – 21:00 | 星期二: 09:00 – 12:30, 14:00 – 21:00 | 星期三: 09:00 – 12:30, 14:00 – 21:00 | 星期四: 09:00 – 12:30, 14:00 – 21:00 | 星期五: 09:00 – 12:30, 14:00 – 21:00 | 星期六: 09:00 – 12:30, 14:00 – 18:00 | 星期日: 休息",5,高雄市,大社區,醫院
李獸醫院,815台灣高雄市大社區三民路244號,07 351 7741,,4.6,53,"星期一: 08:30 – 12:00, 14:00 – 18:00, 19:00 – 20:30 | 星期二: 08:30 – 12:00, 14:00 – 18:00, 19:00 – 20:30 | 星期三: 08:30 – 12:00, 14:00 – 18:00, 19:00 – 21:00 | 星期四: 08:30 – 12:00, 14:00 – 18:00, 19:00 – 20:30 | 星期五: 08:30 – 12:00, 14:00 – 18:00, 19:00 – 20:30 | 星期六: 08:30 – 12:00, 14:00 – 18:00, 19:00 – 20:30 | 星期日: 08:30 – 11:00",4,高雄市,大社區,醫院
中興動物醫院,815台灣高雄市大社區中山路98號,07 351 0588,http://www.jsah.com.tw/,4.4,51,,5,高雄市,大社區,醫院
傑美動物醫院,814台灣高雄市仁武區仁忠路192號,07 374 1284,,4.3,75,,5,高雄市,仁武區,醫院
吉祥動物醫院,814台灣高雄市仁武區澄仁路257號,07 371 2718,https://www.facebook.com/gsiang.ah/,4.4,113,"星期一: 09:00 – 12:30, 15:00 – 17:30, 19:00 – 20:30 | 星期二: 09:00 – 12:30, 15:00 – 17:30, 19:00 – 20:30 | 星期三: 09:00 – 12:30, 15:00 – 17:30, 19:00 – 20:30 | 星期四: 09:00 – 12:30, 15:00 – 17:30, 19:00 – 20:30 | 星期五: 09:00 – 12:30, 15:00 – 17:30, 19:00 – 20:30 | 星期六: 09:00 – 12:30 | 星期日: 休息",5,高雄市,仁武區,醫院
合美動物醫院-岡山動物醫院推薦|專業動物醫院|寵物健康諮詢|動物醫院評價|寵物醫院|獸醫推薦|洗牙|結紥,820台灣高雄市岡山區中華路13-5號,07 627 0699,https://zh-tw.facebook.com/Hilltopvet6/,4.7,196,"星期一: 09:00 – 12:00, 14:00 – 21:00 | 星期二: 09:00 – 12:00, 14:00 – 21:00 | 星期三: 09:00 – 12:00, 14:00 – 21:00 | 星期四: 09:00 – 12:00, 14:00 – 21:00 | 星期五: 09:00 – 12:00, 14:00 – 21:00 | 星期六: 09:00 – 12:00, 14:00 – 21:00 | 星期日: 休息",5,高雄市,岡山區,醫院
岡山德民動物醫院-高雄岡山貓狗獸醫 骨科/牙科/脊椎外科/腫瘤科/腎臟科/心臟科 寵物洗腎透析 斷層掃描 專業評價好評推薦 PTT Dcard,82061台灣高雄市岡山區大仁北路240號,07 621 0045,https://page.line.me/593bdbty,4.3,162,"星期一: 10:00 – 14:00, 16:30 – 21:00 | 星期二: 10:00 – 14:00, 16:30 – 21:00 | 星期三: 10:00 – 14:00, 16:30 – 21:00 | 星期四: 10:00 – 14:00, 16:30 – 21:00 | 星期五: 10:00 – 14:00, 16:30 – 21:00 | 星期六: 10:00 – 14:00, 16:30 – 21:00 | 星期日: 10:00 – 14:00, 16:30 – 21:00",5,高雄市,岡山區,醫院
博仁動物醫院,820台灣高雄市岡山區公園西路三段92號,07 625 0777,https://www.facebook.com/%E5%B2%A1%E5%B1%B1%E5%8D%9A%E4%BB%81%E5%8B%95%E7%89%A9%E9%86%AB%E9%99%A2-242518152455396/,4.5,406,"星期一: 09:00 – 12:00, 13:00 – 21:00 | 星期二: 09:00 – 12:00, 13:00 – 21:00 | 星期三: 09:00 – 12:00, 13:00 – 21:00 | 星期四: 09:00 – 12:00, 13:00 – 21:00 | 星期五: 09:00 – 12:00, 13:00 – 21:00 | 星期六: 09:00 – 12:00, 13:00 – 21:00 | 星期日: 休息",5,高雄市,岡山區,醫院
家福動物醫院,820台灣高雄市岡山區岡山路612-25號,07 621 8255,https://zh-tw.facebook.com/pages/%E5%B2%A1%E5%B1%B1%E5%AE%B6%E7%A6%8F%E5%8B%95%E7%89%A9%E9%86%AB%E9%99%A2/141719522567724,4.2,139,星期一: 10:00 – 20:00 | 星期二: 休息 | 星期三: 10:00 – 20:00 | 星期四: 10:00 – 20:00 | 星期五: 10:00 – 20:00 | 星期六: 10:00 – 20:00 | 星期日: 休息,5,高雄市,岡山區,醫院
弘苑動物醫院(看診請預約，公休看FB),820台灣高雄市岡山區介壽西路129號,07 625 9310,https://www.facebook.com/pages/%E5%BC%98%E8%8B%91%E5%8B%95%E7%89%A9%E9%86%AB%E9%99%A2/1413512295561760?ref=hl&ref_type=bookmark,4.2,70,"星期一: 09:00 – 12:00, 14:00 – 17:30, 18:30 – 21:00 | 星期二: 09:00 – 12:00, 14:00 – 17:30, 18:30 – 21:00 | 星期三: 09:00 – 12:00, 14:00 – 17:30, 18:30 – 21:00 | 星期四: 09:00 – 12:00, 14:00 – 17:30, 18:30 – 21:00 | 星期五: 09:00 – 12:00, 14:00 – 17:30, 18:30 – 21:00 | 星期六: 10:00 – 12:00, 14:00 – 17:30 | 星期日: 休息",5,高雄市,岡山區,醫院
聯盟動物醫院(岡燕院)(預約制) 岡山燕巢動物醫院推薦 中獸醫 針灸 四級雷射 皮膚門診 健康諮詢 定期健檢預防針 一般犬貓內外科,820台灣高雄市岡山區岡燕路608-1號,07 625 7995,https://www.pet100pa.com/vet,4.9,190,"星期一: 10:00 – 12:30, 14:30 – 17:00, 17:30 – 21:00 | 星期二: 10:00 – 12:30, 14:30 – 17:00, 17:30 – 21:00 | 星期三: 10:00 – 12:30, 14:30 – 17:00, 17:30 – 21:00 | 星期四: 10:00 – 12:30, 14:30 – 17:00, 17:30 – 21:00 | 星期五: 10:00 – 12:30, 14:30 – 17:00, 17:30 – 21:00 | 星期六: 10:00 – 12:30, 14:30 – 17:00, 17:30 – 21:00 | 星期日: 10:00 – 12:30, 14:30 – 17:00, 17:30 – 21:00",5,高雄市,岡山區,醫院
大眾動物醫院,820台灣高雄市岡山區大義二路72號,07 625 5802,,4.7,38,星期一: 09:00 – 21:00 | 星期二: 09:00 – 21:00 | 星期三: 09:00 – 21:00 | 星期四: 09:00 – 21:00 | 星期五: 09:00 – 21:00 | 星期六: 09:00 – 21:00 | 星期日: 休息,5,高雄市,岡山區,醫院
心樂動物醫院-狗貓內外科齒科內科外科健康檢查,820011台灣高雄市岡山區成功路25號新樂街上全家新樂店旁,07 622 3839,https://0rz.tw/YwOCI,4.7,36,"星期一: 09:30 – 12:00, 16:00 – 17:00, 19:00 – 20:30 | 星期二: 09:30 – 12:00, 14:00 – 17:00, 19:00 – 20:30 | 星期三: 09:30 – 12:00, 16:00 – 17:00, 19:00 – 20:30 | 星期四: 休息 | 星期五: 09:30 – 12:00, 16:00 – 17:00, 19:00 – 20:30 | 星期六: 09:30 – 12:30, 14:00 – 17:30 | 星期日: 09:30 – 12:00",5,高雄市,岡山區,醫院
福壽家畜醫院,820台灣高雄市岡山區正言街68號,07 626 2959,http://www.petline.com.tw/petline/cgi/index_factory.cgi?t=petfactory_view&ID=17503&R23=1000&PAGEMENU=3,5,1,,4,高雄市,岡山區,醫院
佳園動物醫院,827台灣高雄市彌陀區中正西路43號,07 610 6899,,5,22,星期一: 10:00 – 20:00 | 星期二: 10:00 – 20:00 | 星期三: 10:00 – 20:00 | 星期四: 10:00 – 20:00 | 星期五: 10:00 – 20:00 | 星期六: 10:00 – 18:00 | 星期日: 休息,5,高雄市,岡山區,醫院
新國太動物診所,820台灣高雄市岡山區柳橋西路22號之2號,07 626 2849,https://zh-tw.facebook.com/%E6%96%B0%E5%9C%8B%E5%A4%AA%E5%8B%95%E7%89%A9%E8%A8%BA%E6%89%80-762820700544941/,3.4,5,星期一: 08:00 – 20:00 | 星期二: 08:00 – 20:00 | 星期三: 08:00 – 20:00 | 星期四: 08:00 – 20:00 | 星期五: 08:00 – 20:00 | 星期六: 08:00 – 20:00 | 星期日: 休息,2,高雄市,岡山區,醫院
路竹大豐動物醫院,821台灣高雄市路竹區大社路172號,0938 112 561,,4.3,6,"星期一: 00:00 – 12:00, 18:00 – 00:00 | 星期二: 00:00 – 12:00, 18:00 – 00:00 | 星期三: 00:00 – 12:00, 18:00 – 00:00 | 星期四: 00:00 – 12:00, 18:00 – 00:00 | 星期五: 00:00 – 12:00, 18:00 – 00:00 | 星期六: 00:00 – 12:00, 18:00 – 00:00 | 星期日: 00:00 – 12:00, 18:00 – 00:00",5,高雄市,岡山區,醫院
家和動物醫院,825台灣高雄市橋頭區隆豐路223號,,http://pet-alliance.freebbs.tw/viewthread.php?tid=475,2,2,,5,高雄市,橋頭區,醫院
以恩動物醫院,824台灣高雄市燕巢區中民路627號,0980 212 567,,5,33,星期一: 10:30 – 21:00 | 星期二: 10:30 – 21:00 | 星期三: 15:00 – 21:00 | 星期四: 10:30 – 21:00 | 星期五: 10:30 – 21:00 | 星期六: 10:30 – 18:00 | 星期日: 休息,5,高雄市,燕巢區,醫院
元碩動物醫院,822台灣高雄市阿蓮區中山路235號,07 631 1831,,4.8,131,"星期一: 09:00 – 12:00, 17:00 – 20:00 | 星期二: 09:00 – 12:00, 17:00 – 20:00 | 星期三: 09:00 – 12:00, 17:00 – 20:00 | 星期四: 09:00 – 12:00, 17:00 – 20:00 | 星期五: 09:00 – 12:00, 17:00 – 20:00 | 星期六: 09:00 – 12:00 | 星期日: 休息",5,高雄市,田寮區,醫院
路竹動物醫院,821台灣高雄市路竹區中山路468號,07 696 0771,https://m.facebook.com/lujhu.A.H/,4.1,118,"星期一: 09:00 – 12:00, 15:00 – 17:30 | 星期二: 09:00 – 12:00, 15:00 – 17:30 | 星期三: 09:00 – 12:00, 15:00 – 17:30 | 星期四: 09:00 – 12:00, 15:00 – 17:00 | 星期五: 09:00 – 12:00, 15:00 – 17:30 | 星期六: 09:00 – 12:00 | 星期日: 休息",5,高雄市,田寮區,醫院
忠二動物醫院,821台灣高雄市路竹區華正路155巷11號,0910 732 861,,,,星期一: 09:30 – 17:00 | 星期二: 09:30 – 17:00 | 星期三: 09:30 – 17:00 | 星期四: 09:30 – 17:00 | 星期五: 09:30 – 17:00 | 星期六: 休息 | 星期日: 休息,5,高雄市,路竹區,醫院
國泰動物醫院,829台灣高雄市湖內區中山路一段420巷2之1號,07 693 6155,,3.6,30,"星期一: 09:00 – 10:00, 15:00 – 19:00 | 星期二: 09:00 – 10:00, 15:00 – 19:00 | 星期三: 09:00 – 10:00 | 星期四: 09:00 – 10:00, 15:00 – 19:00 | 星期五: 09:00 – 10:00, 15:00 – 19:00 | 星期六: 09:00 – 15:00 | 星期日: 休息",5,高雄市,湖內區,醫院
景億動物醫院,826台灣高雄市梓官區,,,3.7,3,,5,高雄市,梓官區,醫院
統一家畜醫院,826台灣梓官區赤崁南路134號,07 610 1895,,3.5,4,星期一: 10:00 – 21:00 | 星期二: 10:00 – 21:00 | 星期三: 10:00 – 21:00 | 星期四: 10:00 – 21:00 | 星期五: 10:00 – 21:00 | 星期六: 10:00 – 21:00 | 星期日: 休息,4,高雄市,梓官區,醫院
圓富動物醫院,842台灣高雄市旗山區旗甲路二段154號,07 669 1150,,3.5,4,,5,高雄市,旗山區,醫院
